"Method","Cell_Type","Timepoint","test","p_value","FDR","n_clusters","note","Fun-CIM_n","Dys-CIM_n","Fun-CIM_mean","Dys-CIM_mean","Fun-CIM_sd","Dys-CIM_sd"
"CIBERSORTx","B cells memory","Biopsy","wilcox",0.00743375598139692,0.0294596996299804,2,NA,25,11,0.00237161765199604,0.0220391279328718,0.00694307312749279,0.0352535688427965
"CIBERSORTx","B cells naive","Biopsy","wilcox",0.266656184669427,0.419591349406304,2,NA,25,11,0.0441554555348844,0.0153095165162462,0.068972958324101,0.0200505715651793
"CIBERSORTx","Dendritic cells activated","Biopsy","wilcox",0.886085302475751,0.953092298609088,2,NA,25,11,0.000209386161534118,0.000402697829900024,0.000796959225444757,0.00133559760566874
"CIBERSORTx","Dendritic cells resting","Biopsy","wilcox",0.0184347494014627,0.0563576624559002,2,NA,25,11,0.00493780990456984,0.0424287507801001,0.00745830806698161,0.051178457737826
"CIBERSORTx","Eosinophils","Biopsy","wilcox",NA,NA,2,"skipped_no_variation",25,11,0,0,0,0
"CIBERSORTx","Macrophages M0","Biopsy","wilcox",0.944814299766559,0.963246026046502,2,NA,25,11,0.0859993256888543,0.0566456286963759,0.114886117194524,0.0566624781530076
"CIBERSORTx","Macrophages M1","Biopsy","wilcox",0.00600796660124681,0.0257140970533363,2,NA,25,11,0.0651567693578511,0.120534213089768,0.0520727828032313,0.0561447904324586
"CIBERSORTx","Macrophages M2","Biopsy","wilcox",0.514082064995263,0.647138599464625,2,NA,25,11,0.292567357945457,0.26184395889093,0.132037673306125,0.133722533211339
"CIBERSORTx","Mast cells activated","Biopsy","wilcox",0.147825670349013,0.279953039422025,2,NA,25,11,0,0.00118511899926433,0,0.00393059505248125
"CIBERSORTx","Mast cells resting","Biopsy","wilcox",0.00951497119495399,0.0351069626848302,2,NA,25,11,0.121740216587535,0.0371436952654014,0.123097044275534,0.0438581561591761
"CIBERSORTx","Monocytes","Biopsy","wilcox",0.917497155281499,0.958242669616279,2,NA,25,11,0.0184946220699168,0.016409569302346,0.0280927245481031,0.0168384303824494
"CIBERSORTx","NK cells activated","Biopsy","wilcox",0.0857606086554422,0.193641773242994,2,NA,25,11,0.0221449247933667,0.0401962049836871,0.0169946518335432,0.0314181085415812
"CIBERSORTx","NK cells resting","Biopsy","wilcox",0.0401200252601099,0.103441992839319,2,NA,25,11,0.00633694480069637,0,0.0133048247147176,0
"CIBERSORTx","Neutrophils","Biopsy","wilcox",0.0967028544477323,0.212435710988339,2,NA,25,11,0.00269141090172752,0.000565754987065489,0.0051836772460806,0.001417727521214
"CIBERSORTx","Plasma cells","Biopsy","wilcox",0.257442748083792,0.408094430295789,2,NA,25,11,0.0115581489282594,0.00712215013272042,0.0177225653516176,0.0129446766973842
"CIBERSORTx","T cells CD4+ (general)","Biopsy","wilcox",1,1,2,NA,25,11,0.146879445242491,0.154897102465414,0.0778956140889161,0.0630710036353273
"CIBERSORTx","T cells CD8+ (total)","Biopsy","wilcox",0.130778145161627,0.252130838419714,2,NA,25,11,0.0912527193349572,0.121986479781989,0.0527809959233509,0.0439342153947635
"CIBERSORTx","T cells follicular helper","Biopsy","wilcox",0.114170062299678,0.234926858962799,2,NA,25,11,0.0616352682910944,0.0775112484801197,0.0416280637550966,0.0330203733176185
"CIBERSORTx","T cells gamma delta","Biopsy","wilcox",0.0245692940888633,0.0710517423650912,2,NA,25,11,0.00052941321323441,0.00611794818120663,0.00196631791114286,0.00951316634854487
"CIBERSORTx","T cells regulatory (Tregs)","Biopsy","wilcox",0.75696022105169,0.861991281156249,2,NA,25,11,0.0213391635915744,0.0176608336845928,0.0201008928611858,0.0130523012923535
"consensus_tme","B cell","Biopsy","wilcox",0.00540769828003274,0.0236172945291226,2,NA,25,11,-0.0779504391410808,0.0437145632248607,0.0914886995919838,0.119424011694826
"consensus_tme","Cancer associated fibroblast","Biopsy","wilcox",0.191896429991264,0.33177345896234,2,NA,25,11,0.272406595020448,0.235818751170768,0.138441594353457,0.0774916797303338
"consensus_tme","Endothelial cell","Biopsy","wilcox",0.449936901560855,0.605575452415238,2,NA,25,11,0.1996268033376,0.179386855029594,0.124724171123669,0.120469272468514
"consensus_tme","Eosinophil","Biopsy","wilcox",0.000238245057027522,0.00794933952783934,2,NA,25,11,-0.0205915771663952,0.199856922258674,0.116320984550468,0.129563237605627
"consensus_tme","Macrophage","Biopsy","wilcox",0.000404380560402314,0.00794933952783934,2,NA,25,11,0.105489236055052,0.289918338777707,0.102031584066382,0.117015074503723
"consensus_tme","Macrophage M1","Biopsy","wilcox",0.000594343142268362,0.00794933952783934,2,NA,25,11,0.0509360007152027,0.252351441757264,0.122807288604898,0.127907162152425
"consensus_tme","Macrophage M2","Biopsy","wilcox",0.00140418201506217,0.00969338552333237,2,NA,25,11,0.161760729806197,0.324724829679866,0.104308647953952,0.128040372748278
"consensus_tme","Mast cell","Biopsy","wilcox",0.00086485698709489,0.00841625882832557,2,NA,25,11,-0.0697990574132396,0.110026433617789,0.10506733118132,0.123157412150382
"consensus_tme","Monocyte","Biopsy","wilcox",0.00351093803879703,0.0178890652452992,2,NA,25,11,0.0671820849012356,0.196979924822643,0.094103331095536,0.114403392650641
"consensus_tme","Myeloid dendritic cell","Biopsy","wilcox",0.000404380560402314,0.00794933952783934,2,NA,25,11,0.0492908232329895,0.231645802923711,0.100292730546405,0.116390486667437
"consensus_tme","NK cell","Biopsy","wilcox",0.000523324474622155,0.00794933952783934,2,NA,25,11,-0.152986311139572,0.0322786050773546,0.112982336276619,0.110757533889851
"consensus_tme","Neutrophil","Biopsy","wilcox",0.0000783767064050393,0.00638259973950367,2,NA,25,11,-0.0493201205118126,0.104291841627489,0.0801132442486847,0.0784473166988402
"consensus_tme","T cell CD4+","Biopsy","wilcox",0.000977877057389218,0.00841625882832557,2,NA,25,11,-0.00399355228088268,0.171098555905008,0.112306084241896,0.113820269889862
"consensus_tme","T cell CD8+","Biopsy","wilcox",0.000764052928171484,0.00841625882832557,2,NA,25,11,-0.0135745031656807,0.156509683146624,0.111597546530736,0.11418020761691
"consensus_tme","T cell gamma delta","Biopsy","wilcox",0.000460280090298328,0.00794933952783934,2,NA,25,11,-0.0991487686171423,0.108622392170843,0.123144730216031,0.124877505167848
"consensus_tme","T cell regulatory (Tregs)","Biopsy","wilcox",0.00177740765082308,0.0111872128610629,2,NA,25,11,-0.029042668422956,0.150646543180562,0.13163201107847,0.136993527522454
"consensus_tme","cytotoxicity score","Biopsy","wilcox",0.0000678642027953837,0.00638259973950367,2,NA,25,11,-0.127709777736029,0.104455680332559,0.117378511233422,0.113478430606282
"consensus_tme","immune score","Biopsy","wilcox",0.000523324474622155,0.00794933952783934,2,NA,25,11,0.00792241870085873,0.166870264634267,0.0923580084584513,0.102803071822571
"epic","B cell","Biopsy","wilcox",0.050290565257808,0.125141639129894,2,NA,25,11,0.00745692563257635,0.0193771989337506,0.0104945135681271,0.0215909125242113
"epic","Cancer associated fibroblast","Biopsy","wilcox",0.0332382658652575,0.0889123611895639,2,NA,25,11,0.264351001841413,0.113732523669697,0.260753825100029,0.143072285637926
"epic","Endothelial cell","Biopsy","wilcox",0.24295920492662,0.398371949928899,2,NA,25,11,0.0360490876083338,0.0232422129592655,0.0358619249486561,0.0237988332197878
"epic","Macrophage","Biopsy","wilcox",0.027957870983212,0.0777010959793163,2,NA,25,11,0.012314955685695,0.0364709195133684,0.00840553199505289,0.0589183524007623
"epic","NK cell","Biopsy","wilcox",0.353807458171601,0.49812365821528,2,NA,25,11,0.00011936228253069,0.00218835991850015,0.000250772072873136,0.00641899666050944
"epic","T cell CD4+","Biopsy","wilcox",0.705608807329843,0.820653721568404,2,NA,25,11,0.038991600872538,0.0431617187035612,0.0265538724815319,0.0194697712902265
"epic","T cell CD8+","Biopsy","wilcox",0.00486211367558536,0.021676923470318,2,NA,25,11,0.0117066402312366,0.0228739513490432,0.0105094452127611,0.01044424558722
"epic","uncharacterized cell","Biopsy","wilcox",0.0992690238263269,0.212435710988339,2,NA,25,11,0.629010425845677,0.738953114952814,0.237079714934626,0.202447763905897
"estimate","ESTIMATEScore","Biopsy","wilcox",0.00818550393779792,0.0307315410998027,2,NA,25,11,1207.66104080613,2318.20464145057,1087.57821796447,1158.10383949853
"estimate","ImmuneScore","Biopsy","wilcox",0.00086485698709489,0.00841625882832557,2,NA,25,11,756.925409035075,1767.46865871973,663.714112774433,753.261347865681
"estimate","StromalScore","Biopsy","wilcox",1,1,2,NA,25,11,450.735631771057,550.735982730842,638.659963940806,536.483984397391
"estimate","TumorPurity","Biopsy","wilcox",0.00818550393779792,0.0307315410998027,2,NA,25,11,0.70038598924924,0.577639199887204,0.105693765233262,0.132922188593435
"mcp_counter","B cell","Biopsy","wilcox",0.139756441685602,0.267034629649275,2,NA,25,11,3.702275,7.05380681818182,4.16652368197373,7.20373340952532
"mcp_counter","Cancer associated fibroblast","Biopsy","wilcox",0.130778145161627,0.252130838419714,2,NA,25,11,834.07625,360.269545454545,887.585890070869,254.54306832202
"mcp_counter","Endothelial cell","Biopsy","wilcox",0.0992690238263269,0.212435710988339,2,NA,25,11,8.30651875,6.70778409090909,4.18538530309162,4.60195207912526
"mcp_counter","Macrophage/Monocyte","Biopsy","wilcox",0.00110444420329964,0.00841625882832557,2,NA,25,11,12.1284285714286,27.6578571428571,6.77283320020677,17.0711589339136
"mcp_counter","Monocyte","Biopsy","wilcox",0.00110444420329964,0.00841625882832557,2,NA,25,11,12.1284285714286,27.6578571428571,6.77283320020677,17.0711589339136
"mcp_counter","Myeloid dendritic cell","Biopsy","wilcox",0.0110442595198971,0.037515421226317,2,NA,25,11,2.41473333333333,8.3994696969697,1.78490096467667,7.91740397682998
"mcp_counter","NK cell","Biopsy","wilcox",0.114076895455125,0.234926858962799,2,NA,25,11,0.25245,0.375909090909091,0.11484306547415,0.280993127645661
"mcp_counter","Neutrophil","Biopsy","wilcox",0.114170062299678,0.234926858962799,2,NA,25,11,8.03264285714286,5.95168831168831,4.28163034831661,2.50853728565943
"mcp_counter","T cell","Biopsy","wilcox",0.00486211367558536,0.021676923470318,2,NA,25,11,3.29565714285714,6.14957792207792,2.03014560421654,2.97701571576174
"mcp_counter","T cell CD8+","Biopsy","wilcox",0.0110390939351656,0.037515421226317,2,NA,25,11,3.2276,7.59590909090909,3.21868442328021,6.10441226416672
"mcp_counter","cytotoxicity score","Biopsy","wilcox",0.010005558888388,0.0356864933685837,2,NA,25,11,2.83908571428571,7.05837662337662,2.21865159569078,6.68232853136638
"quantiseq","B cell","Biopsy","wilcox",0.890740465989802,0.953092298609088,2,NA,25,11,0.0200836528648362,0.0260432047177373,0.0108044485062865,0.0225713015634436
"quantiseq","Macrophage M1","Biopsy","wilcox",0.0741356835039068,0.172446046411261,2,NA,25,11,0.0294774596527291,0.0429617702448739,0.0166000452643327,0.0296361884469117
"quantiseq","Macrophage M2","Biopsy","wilcox",0.94524142742881,0.963246026046502,2,NA,25,11,0.0456036089776635,0.0498300518811102,0.0173838203605859,0.0304190601340966
"quantiseq","Monocyte","Biopsy","wilcox",0.192242565006216,0.33177345896234,2,NA,25,11,0.00740637806547325,0.0136678891326533,0.0176037703155423,0.0165663829582056
"quantiseq","Myeloid dendritic cell","Biopsy","wilcox",0.376067358976171,0.519215579489681,2,NA,25,11,0.00799925453307997,0.00913470128049262,0.00768705742005267,0.014813566251026
"quantiseq","NK cell","Biopsy","wilcox",0.257096546009365,0.408094430295789,2,NA,25,11,0.0117877952734518,0.00913692704837289,0.00732467552182132,0.00425673154981323
"quantiseq","Neutrophil","Biopsy","wilcox",0.47079976151308,0.621920672616044,2,NA,25,11,0.0306480991178353,0.0379673468133632,0.0152250890764774,0.0209282150790092
"quantiseq","T cell CD4+ (non-regulatory)","Biopsy","wilcox",0.00217092061130261,0.0129049169671877,2,NA,25,11,0.0329043015666426,0.00926515904669426,0.0269067182424259,0.0226044148496555
"quantiseq","T cell CD8+","Biopsy","wilcox",0.0134070106168033,0.0428223921193419,2,NA,25,11,0.0123888222674092,0.0275784778838819,0.0126547675920965,0.0179448782960071
"quantiseq","T cell regulatory (Tregs)","Biopsy","wilcox",0.0147577540794236,0.0464435201911272,2,NA,25,11,0.0137058658908543,0.0244808598196516,0.00713777341520938,0.012534896795408
"quantiseq","uncharacterized cell","Biopsy","wilcox",0.27179488795719,0.424555518414881,2,NA,25,11,0.787994761790025,0.749933612131169,0.0637771401994367,0.0960505724789538
"timer","B cell","Biopsy","wilcox",0.0992690238263269,0.212435710988339,2,NA,25,11,0.0987605952253865,0.12531322259514,0.0236083986816141,0.048634568735926
"timer","Macrophage","Biopsy","wilcox",0.0378377833018414,0.0987473856901715,2,NA,25,11,0.0465923962657568,0.038110115617313,0.0311367020059556,0.0795421047939025
"timer","Myeloid dendritic cell","Biopsy","wilcox",0.00818550393779792,0.0307315410998027,2,NA,25,11,0.463922371857138,0.526349028103039,0.062895393507924,0.0719649386452868
"timer","Neutrophil","Biopsy","wilcox",0.017808005291388,0.0552306251066237,2,NA,25,11,0.117406863440656,0.131426715391355,0.0148777346394176,0.0233083411899462
"timer","T cell CD4+","Biopsy","wilcox",0.287058482382502,0.441946152732773,2,NA,25,11,0.114191242574768,0.126184239665368,0.0230289284417264,0.0353209991766167
"timer","T cell CD8+","Biopsy","wilcox",0.917942744258585,0.958242669616279,2,NA,25,11,0.202482573806725,0.201590198732194,0.0211977291532482,0.0222130201390754
"xcell","B cell","Biopsy","wilcox",0.061630200433477,0.149873441963228,2,NA,25,11,0.0255003649805614,0.101535870706712,0.0402978585035201,0.129312319654907
"xcell","B cell memory","Biopsy","wilcox",0.307684021996524,0.463692821882086,2,NA,25,11,0.00621875885065605,0.0311537396984106,0.0178974416430997,0.0541578072077812
"xcell","B cell naive","Biopsy","wilcox",0.913279826641099,0.958242669616279,2,NA,25,11,0.001523055887412,0.00350240207841751,0.00534531765850277,0.011354100249201
"xcell","B cell plasma","Biopsy","wilcox",0.0119838709796166,0.0394851852112041,2,NA,25,11,0.0084982930615934,0.0337579115505797,0.0149766328231585,0.0403587276160827
"xcell","Cancer associated fibroblast","Biopsy","wilcox",0.149201745949782,0.280080470467134,2,NA,25,11,0.0694555031652866,0.0341151339182139,0.0612312204669057,0.0278351438398915
"xcell","Class-switched memory B cell","Biopsy","wilcox",0.302267340181617,0.458760360275645,2,NA,25,11,0.0223108174040655,0.0426771864272712,0.0222762652477705,0.0416567903747515
"xcell","Common lymphoid progenitor","Biopsy","wilcox",0.705608807329843,0.820653721568404,2,NA,25,11,0.0101546587668067,0.008250663749513,0.0100181866107812,0.00817321163953562
"xcell","Common myeloid progenitor","Biopsy","wilcox",0.030773290996928,0.0844292855556743,2,NA,25,11,0.00807946027340697,0.000877354147832005,0.0109577131839657,0.00201561139600976
"xcell","Endothelial cell","Biopsy","wilcox",0.159019309574177,0.295914193468469,2,NA,25,11,0.0304006125650779,0.0191835187654726,0.0363659687069433,0.038029220517562
"xcell","Eosinophil","Biopsy","wilcox",0.385498712876488,0.528825157407489,2,NA,25,11,0.00314902094343526,0.00422706528275579,0.00499915239215796,0.0104544192042184
"xcell","Granulocyte-monocyte progenitor","Biopsy","wilcox",0.335765881094171,0.486221080406845,2,NA,25,11,0.00243377572466787,0.00109826874926603,0.00745036598724681,0.00364254536028833
"xcell","Hematopoietic stem cell","Biopsy","wilcox",0.102818211581728,0.217852448301879,2,NA,25,11,0.149067255813483,0.0902685667876781,0.10578579872802,0.0929423560347986
"xcell","Macrophage","Biopsy","wilcox",0.00665357799256156,0.0279189351060426,2,NA,25,11,0.0169290115389046,0.0527505661717588,0.0222607635801268,0.05672828566624
"xcell","Macrophage M1","Biopsy","wilcox",0.00279284894384148,0.0153248634354379,2,NA,25,11,0.0173705264305999,0.0523037029714511,0.0237022932353516,0.0360721748146199
"xcell","Macrophage M2","Biopsy","wilcox",0.49162771319063,0.641433757439413,2,NA,25,11,0.00503879018452434,0.0165626179110699,0.00751444167062132,0.0441866842631735
"xcell","Mast cell","Biopsy","wilcox",0.042747584263079,0.10890455990832,2,NA,25,11,0.0178323020596864,0.0119331743348348,0.0111232393008614,0.0154325796183235
"xcell","Monocyte","Biopsy","wilcox",0.184420649503086,0.326165446228599,2,NA,25,11,0.000805479309553676,0.00529372892232717,0.00249622253486458,0.00963964981406912
"xcell","Myeloid dendritic cell","Biopsy","wilcox",0.00114052105617496,0.00841625882832557,2,NA,25,11,0.00406692922226854,0.0362753521689119,0.00729815740027865,0.049188072774428
"xcell","Myeloid dendritic cell activated","Biopsy","wilcox",0.000763453295141024,0.00841625882832557,2,NA,25,11,0.0334372570172065,0.119520807457759,0.0436249990972224,0.0705613497380022
"xcell","NK cell","Biopsy","wilcox",0.006976664500012,0.0287116577500494,2,NA,25,11,0.00000000000000000134326498681667,0.00273713747923123,0.000000000000000003742841563074,0.00907805801822916
"xcell","Neutrophil","Biopsy","wilcox",0.878076011849487,0.953092298609088,2,NA,25,11,0.0000168017747465952,0.0000782331736494275,0.0000840088737329751,0.00025947008315387
"xcell","Plasmacytoid dendritic cell","Biopsy","wilcox",0.000193213678215303,0.00794933952783934,2,NA,25,11,0.00254497200500142,0.028811636116404,0.00988890003573549,0.0238817282055804
"xcell","T cell CD4+ (aggregated)","Biopsy","wilcox",0.000523324474622155,0.00794933952783934,2,NA,25,11,0.193901017059396,0.44769467669235,0.155839129512921,0.208171201512068
"xcell","T cell CD8+ (aggregated)","Biopsy","wilcox",0.00223995206830818,0.0129553984491338,2,NA,25,11,0.0460394821252508,0.183100713929247,0.0673560698238778,0.128442918565122
"xcell","T cell NK","Biopsy","wilcox",0.62800141189267,0.756731904939965,2,NA,25,11,0.00707339472932794,0.00360467878968455,0.01164144636948,0.00635248835618034
"xcell","T cell gamma delta","Biopsy","wilcox",0.175506439984651,0.321011779117225,2,NA,25,11,0.000145718768435228,0.00137067861271089,0.000632449811111991,0.00306519664624418
"xcell","T cell regulatory (Tregs)","Biopsy","wilcox",0.586088861629739,0.716702950792938,2,NA,25,11,0.00076966386446389,0.0000879224384294253,0.00262544232330004,0.000291605738923506
"xcell","immune score","Biopsy","wilcox",0.0110442595198971,0.037515421226317,2,NA,25,11,0.0544384854237787,0.180159650037078,0.0528717220748537,0.139263800520496
"xcell","microenvironment score","Biopsy","wilcox",0.0256005023401145,0.0720856250103225,2,NA,25,11,0.111501470886972,0.215157286994102,0.0680540003865364,0.120406640222216
"xcell","stroma score","Biopsy","wilcox",0.0859624694303011,0.193641773242994,2,NA,25,11,0.0570629854631935,0.0349976369570241,0.0500160840313935,0.0430813250667508
"CIBERSORTx","B cells memory","Surgery","wilcox",0.244534836082024,0.398371949928899,2,NA,25,11,0.00144838149981328,0.00201738326941387,0.00623344669914163,0.00478250099720157
"CIBERSORTx","B cells naive","Surgery","wilcox",0.0855587416639128,0.193641773242994,2,NA,25,11,0.0298475039532027,0.0108028016029522,0.0276920191057779,0.0130936640228075
"CIBERSORTx","Dendritic cells activated","Surgery","wilcox",0.942896595200992,0.963246026046502,2,NA,25,11,0.00286480352391788,0.00517257349878847,0.0135139863490811,0.0171554854960172
"CIBERSORTx","Dendritic cells resting","Surgery","wilcox",0.212018568194349,0.357259634595203,2,NA,25,11,0.0074903554740637,0.0232970704226598,0.0104792396180417,0.0402660310280838
"CIBERSORTx","Eosinophils","Surgery","wilcox",NA,NA,2,"skipped_no_variation",25,11,0,0,0,0
"CIBERSORTx","Macrophages M0","Surgery","wilcox",0.245724754161751,0.398371949928899,2,NA,25,11,0.0742205544997092,0.0865558014381833,0.0932726222751663,0.0745045278256174
"CIBERSORTx","Macrophages M1","Surgery","wilcox",0.000181648606414898,0.00794933952783934,2,NA,25,11,0.0385912115536939,0.102728528741541,0.033349784159171,0.0403058943346272
"CIBERSORTx","Macrophages M2","Surgery","wilcox",0.122253824132878,0.246298281498757,2,NA,25,11,0.342665533623861,0.286822445263759,0.107679213229657,0.113187385898778
"CIBERSORTx","Mast cells activated","Surgery","wilcox",0.312296383102512,0.467352629258304,2,NA,25,11,0.00451371135382753,0.0193869793932011,0.0103091821612764,0.0283008934697851
"CIBERSORTx","Mast cells resting","Surgery","wilcox",0.0254109633153238,0.0720856250103225,2,NA,25,11,0.140903071209436,0.0558286935103296,0.111729540768653,0.0581930236593839
"CIBERSORTx","Monocytes","Surgery","wilcox",0.629431210650998,0.756731904939965,2,NA,25,11,0.0237016241422999,0.0165674051952972,0.0292289651635505,0.0210370663091972
"CIBERSORTx","NK cells activated","Surgery","wilcox",0.180434794564588,0.321825399289924,2,NA,25,11,0.0286929323185063,0.0443446799624039,0.0227916996702877,0.0339756747883868
"CIBERSORTx","NK cells resting","Surgery","wilcox",0.688371995017316,0.818397816298365,2,NA,25,11,0.00256358170198482,0.00161284509328276,0.00620888588655111,0.00389008010730246
"CIBERSORTx","Neutrophils","Surgery","wilcox",0.494563411109828,0.641433757439413,2,NA,25,11,0.00639190376675997,0.00719415241331563,0.0122537047245448,0.0130327928837589
"CIBERSORTx","Plasma cells","Surgery","wilcox",0.0202548843565095,0.0610499331308878,2,NA,25,11,0.0187621160192928,0.00220092116162416,0.0263914035113505,0.00381473934568024
"CIBERSORTx","T cells CD4+ (general)","Surgery","wilcox",0.353807458171601,0.49812365821528,2,NA,25,11,0.132885589226853,0.148161339486514,0.081737767960718,0.04932016069573
"CIBERSORTx","T cells CD8+ (total)","Surgery","wilcox",0.191896429991264,0.33177345896234,2,NA,25,11,0.0783932319033879,0.0999301815719823,0.0539363030936606,0.0462836203891621
"CIBERSORTx","T cells follicular helper","Surgery","wilcox",0.47079976151308,0.621920672616044,2,NA,25,11,0.0540743557222982,0.0674645700395775,0.0293821373038632,0.037202562241903
"CIBERSORTx","T cells gamma delta","Surgery","wilcox",0.567959843052278,0.709296538249613,2,NA,25,11,0.002287687358185,0.00756704035355257,0.0103287053365598,0.019584379319842
"CIBERSORTx","T cells regulatory (Tregs)","Surgery","wilcox",0.513488785344866,0.647138599464625,2,NA,25,11,0.00970185114890719,0.0123445875816221,0.0142234453816203,0.0143483829395107
"consensus_tme","B cell","Surgery","wilcox",0.731283806182691,0.845917483908626,2,NA,25,11,-0.0643145076230753,-0.0910393006189557,0.100819244552552,0.0530037095226772
"consensus_tme","Cancer associated fibroblast","Surgery","wilcox",0.00177740765082308,0.0111872128610629,2,NA,25,11,0.356338676631427,0.18651151966032,0.0906637235922726,0.161161180352876
"consensus_tme","Endothelial cell","Surgery","wilcox",0.00140418201506217,0.00969338552333237,2,NA,25,11,0.259290538397029,0.0772902994574319,0.148921695237924,0.130005549099908
"consensus_tme","Eosinophil","Surgery","wilcox",0.836751096730251,0.918280690770635,2,NA,25,11,0.0884545439810207,0.0626598955432293,0.16005210955648,0.0609940524690024
"consensus_tme","Macrophage","Surgery","wilcox",0.836751096730251,0.918280690770635,2,NA,25,11,0.173258320608385,0.151505436396141,0.154170481522669,0.0703578874624791
"consensus_tme","Macrophage M1","Surgery","wilcox",0.582683458340535,0.716633678648704,2,NA,25,11,0.0972689367116068,0.106267622360724,0.162985186460495,0.0763294253227578
"consensus_tme","Macrophage M2","Surgery","wilcox",0.449936901560855,0.605575452415238,2,NA,25,11,0.232547331392273,0.18699800998949,0.155927348317487,0.0652516377549755
"consensus_tme","Mast cell","Surgery","wilcox",0.680264706017982,0.813277358032671,2,NA,25,11,-0.00560271139051143,-0.0316723245430477,0.142018815221992,0.0789293145778827
"consensus_tme","Monocyte","Surgery","wilcox",0.257096546009365,0.408094430295789,2,NA,25,11,0.128650282004215,0.0663989557516375,0.137194046502065,0.0610479074502993
"consensus_tme","Myeloid dendritic cell","Surgery","wilcox",0.836751096730251,0.918280690770635,2,NA,25,11,0.10202435662849,0.0933407487228423,0.143794801355247,0.0673358165035492
"consensus_tme","NK cell","Surgery","wilcox",0.180462840723322,0.321825399289924,2,NA,25,11,-0.132765875791184,-0.110837049871232,0.164893446769386,0.0940871205912265
"consensus_tme","Neutrophil","Surgery","wilcox",0.705608807329843,0.820653721568404,2,NA,25,11,0.0111599898089248,0.018495860170712,0.123345500376088,0.0617131270955428
"consensus_tme","T cell CD4+","Surgery","wilcox",0.890740465989802,0.953092298609088,2,NA,25,11,0.0318429876817812,0.0089644442324372,0.157776843783346,0.0721568937792198
"consensus_tme","T cell CD8+","Surgery","wilcox",0.94524142742881,0.963246026046502,2,NA,25,11,0.0216401213660757,-0.00319419277129106,0.162650703396116,0.0829343908640907
"consensus_tme","T cell gamma delta","Surgery","wilcox",0.203854026539793,0.346228267297744,2,NA,25,11,-0.0767583452705978,-0.0576283273638028,0.173294548046968,0.0885371978783277
"consensus_tme","T cell regulatory (Tregs)","Surgery","wilcox",0.836751096730251,0.918280690770635,2,NA,25,11,0.00563219589419004,-0.0234161105558643,0.171859175552181,0.0862391867293173
"consensus_tme","cytotoxicity score","Surgery","wilcox",0.0636735585550858,0.153102713829083,2,NA,25,11,-0.098229790090551,-0.0276056456096623,0.179770804229673,0.118157400278954
"consensus_tme","immune score","Surgery","wilcox",0.972604570269267,0.981780085083128,2,NA,25,11,0.0492805565863709,0.0311674869728498,0.13490742992815,0.0634429079536001
"epic","B cell","Surgery","wilcox",0.705608807329843,0.820653721568404,2,NA,25,11,0.00412437662250261,0.00282453366572313,0.0078811434577633,0.00344477445615305
"epic","Cancer associated fibroblast","Surgery","wilcox",0.000977877057389218,0.00841625882832557,2,NA,25,11,0.573970296340061,0.157809102788883,0.345517594813083,0.310488951453002
"epic","Endothelial cell","Surgery","wilcox",0.122253824132878,0.246298281498757,2,NA,25,11,0.0592007741672527,0.0113172889795045,0.109983579458586,0.00904739504392994
"epic","Macrophage","Surgery","wilcox",0.371917400892763,0.516820284357476,2,NA,25,11,0.0291354687942999,0.00867161983539744,0.0874708718814977,0.00453947940742427
"epic","NK cell","Surgery","wilcox",0.353807458171601,0.49812365821528,2,NA,25,11,0.000807088022384816,0.00173048446920069,0.00350353205100052,0.00474264765922067
"epic","T cell CD4+","Surgery","wilcox",0.47079976151308,0.621920672616044,2,NA,25,11,0.0305844015389877,0.0200667909320894,0.0314839812190134,0.00939161018091044
"epic","T cell CD8+","Surgery","wilcox",0.050290565257808,0.125141639129894,2,NA,25,11,0.00542817253869218,0.0141030028743679,0.0113299378894983,0.00833151399548738
"epic","uncharacterized cell","Surgery","wilcox",0.000354874568835057,0.00794933952783934,2,NA,25,11,0.296749421975819,0.783477176454834,0.316457392657076,0.296693521878479
"estimate","ESTIMATEScore","Surgery","wilcox",0.00486211367558536,0.021676923470318,2,NA,25,11,2065.38249840118,693.320817570712,1370.58569766759,1130.33853788799
"estimate","ImmuneScore","Surgery","wilcox",0.514082064995263,0.647138599464625,2,NA,25,11,1056.62729388795,765.237171521056,951.458509622423,449.022499179602
"estimate","StromalScore","Surgery","wilcox",0.00086485698709489,0.00841625882832557,2,NA,25,11,1008.75520451323,-71.9163539503442,582.627430600242,811.644858617859
"estimate","TumorPurity","Surgery","wilcox",0.00486211367558536,0.021676923470318,2,NA,25,11,0.603781794048212,0.751334219075286,0.161615596063957,0.114818044853206
"mcp_counter","B cell","Surgery","wilcox",0.336265046262678,0.486221080406845,2,NA,25,11,2.51325,2.20443181818182,2.82517812629797,2.76194966880488
"mcp_counter","Cancer associated fibroblast","Surgery","wilcox",0.000977877057389218,0.00841625882832557,2,NA,25,11,1890.2732,576.928522727273,1649.17202087741,994.978851590704
"mcp_counter","Endothelial cell","Surgery","wilcox",0.000523324474622155,0.00794933952783934,2,NA,25,11,13.8527125,5.52873579545455,13.176769305347,3.1949833108659
"mcp_counter","Macrophage/Monocyte","Surgery","wilcox",0.783520125648628,0.882491088888454,2,NA,25,11,21.0410571428571,16.1833766233766,22.6652521209026,8.69271250079751
"mcp_counter","Monocyte","Surgery","wilcox",0.783520125648628,0.882491088888454,2,NA,25,11,21.0410571428571,16.1833766233766,22.6652521209026,8.69271250079751
"mcp_counter","Myeloid dendritic cell","Surgery","wilcox",0.371917400892763,0.516820284357476,2,NA,25,11,5.25876666666667,4.21265151515152,3.601762365367,3.78410041449348
"mcp_counter","NK cell","Surgery","wilcox",0.0332269352514135,0.0889123611895639,2,NA,25,11,0.34745,0.273068181818182,0.240837495458556,0.397708421631179
"mcp_counter","Neutrophil","Surgery","wilcox",0.00110444420329964,0.00841625882832557,2,NA,25,11,10.6472714285714,5.38762987012987,4.13250569063895,3.9329428026085
"mcp_counter","T cell","Surgery","wilcox",0.24295920492662,0.398371949928899,2,NA,25,11,4.35331428571429,2.58464285714286,4.21405747152306,1.15497860877797
"mcp_counter","T cell CD8+","Surgery","wilcox",0.917942744258585,0.958242669616279,2,NA,25,11,5.5328,3.35,7.35429991569558,2.12884945451763
"mcp_counter","cytotoxicity score","Surgery","wilcox",0.972604570269267,0.981780085083128,2,NA,25,11,4.38342857142857,5.39766233766234,5.91324551972355,8.18755846273509
"quantiseq","B cell","Surgery","wilcox",0.010005558888388,0.0356864933685837,2,NA,25,11,0.0187632976231834,0.0124170213900072,0.00785007634312481,0.014250585575046
"quantiseq","Macrophage M1","Surgery","wilcox",0.203854026539793,0.346228267297744,2,NA,25,11,0.0424386403296502,0.0360686791066827,0.0286681272213391,0.0315050645566476
"quantiseq","Macrophage M2","Surgery","wilcox",0.00199641866668502,0.0122066741334456,2,NA,25,11,0.0736042496167308,0.0308504527258498,0.04552664750179,0.0275877913244316
"quantiseq","Monocyte","Surgery","wilcox",0.39091024232652,0.532833069158441,2,NA,25,11,0.00802081684718988,0.00545827380130234,0.0270486687214452,0.0107972455027743
"quantiseq","Myeloid dendritic cell","Surgery","wilcox",0.350059721587355,0.49812365821528,2,NA,25,11,0.0119867418155718,0.00753150641511106,0.0154334528380618,0.00903473589482909
"quantiseq","NK cell","Surgery","wilcox",0.00739168301981601,0.0294596996299804,2,NA,25,11,0.0159526854091819,0.00898047600921961,0.00748672356351499,0.00596305813609844
"quantiseq","Neutrophil","Surgery","wilcox",0.757263368492406,0.861991281156249,2,NA,25,11,0.0406768892083401,0.042370777463351,0.021455075232635,0.0189316195604878
"quantiseq","T cell CD4+ (non-regulatory)","Surgery","wilcox",0.296431698226361,0.453117024431723,2,NA,25,11,0.0214967822933226,0.0194671133643851,0.0187911317321143,0.0315919879255915
"quantiseq","T cell CD8+","Surgery","wilcox",0.757202829715334,0.861991281156249,2,NA,25,11,0.0215140489828497,0.0115134151551564,0.0303763220152674,0.0101303670512082
"quantiseq","T cell regulatory (Tregs)","Surgery","wilcox",0.0992690238263269,0.212435710988339,2,NA,25,11,0.017170820951565,0.0104904629817871,0.0137497731064393,0.00558262969218763
"quantiseq","uncharacterized cell","Surgery","wilcox",0.0121776739436424,0.0394851852112041,2,NA,25,11,0.728375026922415,0.814851821587148,0.107739744417911,0.0821981804842477
"timer","B cell","Surgery","wilcox",0.890740465989802,0.953092298609088,2,NA,25,11,0.0967451912476686,0.0804683188373257,0.0481234901315133,0.0124772936664985
"timer","Macrophage","Surgery","wilcox",0.0000894756972827618,0.00638259973950367,2,NA,25,11,0.0972994262607179,0.0214248998154719,0.0616011804553792,0.0301373332647332
"timer","Myeloid dendritic cell","Surgery","wilcox",0.917942744258585,0.958242669616279,2,NA,25,11,0.502165666910458,0.490802050195442,0.10229175534101,0.0341826623761668
"timer","Neutrophil","Surgery","wilcox",0.130778145161627,0.252130838419714,2,NA,25,11,0.121222477536166,0.134350140562794,0.0120846885800672,0.0238468047768124
"timer","T cell CD4+","Surgery","wilcox",0.94524142742881,0.963246026046502,2,NA,25,11,0.12039915811896,0.119739514208649,0.0230472273956249,0.0309032971422718
"timer","T cell CD8+","Surgery","wilcox",0.00251043444291123,0.0141377097574474,2,NA,25,11,0.227890433794735,0.188065062940052,0.0310592870676929,0.0309514287289504
"xcell","B cell","Surgery","wilcox",0.614743662788311,0.74747240816306,2,NA,25,11,0.0169330713851287,0.00522702284836151,0.0548291910058402,0.0132844413542586
"xcell","B cell memory","Surgery","wilcox",0.284836934988795,0.441703652808712,2,NA,25,11,0.00301595918098741,0.00180227163689043,0.015079795904937,0.00348636833698628
"xcell","B cell naive","Surgery","wilcox",0.479959574803394,0.630130975508751,2,NA,25,11,0.000335483028463785,0.000423007991987212,0.00136262399793723,0.00140295879274324
"xcell","B cell plasma","Surgery","wilcox",0.0672445748307585,0.159892655708693,2,NA,25,11,0.00371115360963619,0.00592972451161465,0.00855263450654174,0.00642947402409783
"xcell","Cancer associated fibroblast","Surgery","wilcox",0.0121776739436424,0.0394851852112041,2,NA,25,11,0.150334723300089,0.0539180909782448,0.099383111349477,0.0686410901113569
"xcell","Class-switched memory B cell","Surgery","wilcox",0.510800058430455,0.647138599464625,2,NA,25,11,0.0181192186239417,0.012822603807883,0.0265565824894853,0.0210292922820906
"xcell","Common lymphoid progenitor","Surgery","wilcox",0.0355146102971716,0.0938287235011695,2,NA,25,11,0.00413450129592104,0.0109886843764195,0.00690767488813389,0.00834001049332565
"xcell","Common myeloid progenitor","Surgery","wilcox",0.00387166007700906,0.0192682617786032,2,NA,25,11,0.0113717762778026,0.00178625740026678,0.0107394321502725,0.00401351536713888
"xcell","Endothelial cell","Surgery","wilcox",0.00163618128341562,0.010941962332842,2,NA,25,11,0.0606550278700643,0.00909681670008853,0.0988994525923143,0.0186376077103786
"xcell","Eosinophil","Surgery","wilcox",0.222711262175301,0.372345391449331,2,NA,25,11,0.00496773433432749,0.00197564640211917,0.00654568309900932,0.00403818222176026
"xcell","Granulocyte-monocyte progenitor","Surgery","wilcox",0.577363270381866,0.714195028102424,2,NA,25,11,0.00291855580361166,0.000165209684851082,0.00754562307071073,0.000547938536383892
"xcell","Hematopoietic stem cell","Surgery","wilcox",0.003142972253183,0.0164047820044186,2,NA,25,11,0.236342159794018,0.089198269393039,0.157711745381796,0.0943116944805637
"xcell","Macrophage","Surgery","wilcox",0.796294402163236,0.892183256873992,2,NA,25,11,0.0366796962535914,0.0170206012136473,0.0691935700715601,0.0165389278600035
"xcell","Macrophage M1","Surgery","wilcox",0.31929240655186,0.471231551738608,2,NA,25,11,0.0255913466190845,0.0233017653324076,0.0472505234543805,0.0168481911302156
"xcell","Macrophage M2","Surgery","wilcox",0.0213134945086181,0.063348442011726,2,NA,25,11,0.0204787378241449,0.00424142186731735,0.0353789912839626,0.00749056508905316
"xcell","Mast cell","Surgery","wilcox",0.00458219888461602,0.021676923470318,2,NA,25,11,0.0214536301467228,0.00782583565574507,0.0166205732150788,0.0127584025939033
"xcell","Monocyte","Surgery","wilcox",0.335765881094171,0.486221080406845,2,NA,25,11,0.00482961545873162,0.000524216971161502,0.0115559087552997,0.00173863100207926
"xcell","Myeloid dendritic cell","Surgery","wilcox",0.570088806443614,0.709296538249613,2,NA,25,11,0.0108186922178288,0.00660279116355188,0.0221988626235099,0.00757367038912298
"xcell","Myeloid dendritic cell activated","Surgery","wilcox",0.512558630499002,0.647138599464625,2,NA,25,11,0.0442860830736011,0.0456282275174633,0.0608173600747886,0.0366982960969061
"xcell","NK cell","Surgery","wilcox",0.170110090072789,0.313823786858421,2,NA,25,11,0.00000000000000000310028571836563,0.00127395707584941,0.0000000000000000055596031719317,0.00393690586634892
"xcell","Neutrophil","Surgery","wilcox",0.0579548477399414,0.142555602486752,2,NA,25,11,0.000198448183069724,0.00110839596781828,0.00065330732191413,0.00160506681065442
"xcell","Plasmacytoid dendritic cell","Surgery","wilcox",0.0690368874178868,0.162350482499206,2,NA,25,11,0.00791569852172389,0.00851485921764389,0.0280165196306303,0.0138601297398406
"xcell","T cell CD4+ (aggregated)","Surgery","wilcox",0.000594343142268362,0.00794933952783934,2,NA,25,11,0.140723124851458,0.410195816375358,0.166749369360216,0.164728965793845
"xcell","T cell CD8+ (aggregated)","Surgery","wilcox",0.180462840723322,0.321825399289924,2,NA,25,11,0.0817213041103144,0.0406606552811645,0.187521212064383,0.0368802215736049
"xcell","T cell NK","Surgery","wilcox",0.0240515803325363,0.0705073724816817,2,NA,25,11,0.00303921610220139,0.0103354764362012,0.00563302227517727,0.0177642107727886
"xcell","T cell gamma delta","Surgery","wilcox",0.12744205463212,0.252130838419714,2,NA,25,11,0.000744907130315438,0.00000000000000000133376008892535,0.00261416765105471,0.00000000000000000309913475316551
"xcell","T cell regulatory (Tregs)","Surgery","wilcox",0.123149140749379,0.246298281498757,2,NA,25,11,0.00115587410120544,0.00000000000000000208832569824257,0.00365032976984215,0.00000000000000000422895337971753
"xcell","immune score","Surgery","wilcox",0.31929240655186,0.471231551738608,2,NA,25,11,0.0816094316241598,0.0322696373207324,0.140821132558133,0.0262297488375484
"xcell","microenvironment score","Surgery","wilcox",0.00110444420329964,0.00841625882832557,2,NA,25,11,0.197186719813467,0.066374261550046,0.148725457017166,0.0589104516966383
"xcell","stroma score","Surgery","wilcox",0.003142972253183,0.0164047820044186,2,NA,25,11,0.115577288189308,0.0341046242293137,0.0920935858857862,0.0388503740705057
