"version","plot_type","Method","Cell_Type","Timepoint","cluster","n_values","n_groups","output_file","file_exists","status","error_message"
"AGGREGATED","unpaired","CIBERSORTx","B cells memory","Biopsy",NA,7776,2,"C:/Users/lopesdelima.i/OneDrive - University of Florida/Gbadamosi Lab/Mohammed Gbadamosi/Gbadamosi_Lab_GitHub/CIMIC/oncoimmunology_paper/Results/nki_smc_immunodeconv_res/figures/AGGREGATED/unpaired/Unpaired_CIBERSORTx_Biopsy_B_cells_memory.png",TRUE,"saved",NA
"AGGREGATED","unpaired","CIBERSORTx","B cells memory","Surgery",NA,7776,2,"C:/Users/lopesdelima.i/OneDrive - University of Florida/Gbadamosi Lab/Mohammed Gbadamosi/Gbadamosi_Lab_GitHub/CIMIC/oncoimmunology_paper/Results/nki_smc_immunodeconv_res/figures/AGGREGATED/unpaired/Unpaired_CIBERSORTx_Surgery_B_cells_memory.png",TRUE,"saved",NA
"AGGREGATED","unpaired","CIBERSORTx","B cells naive","Biopsy",NA,7776,2,"C:/Users/lopesdelima.i/OneDrive - University of Florida/Gbadamosi Lab/Mohammed Gbadamosi/Gbadamosi_Lab_GitHub/CIMIC/oncoimmunology_paper/Results/nki_smc_immunodeconv_res/figures/AGGREGATED/unpaired/Unpaired_CIBERSORTx_Biopsy_B_cells_naive.png",TRUE,"saved",NA
"AGGREGATED","unpaired","CIBERSORTx","B cells naive","Surgery",NA,7776,2,"C:/Users/lopesdelima.i/OneDrive - University of Florida/Gbadamosi Lab/Mohammed Gbadamosi/Gbadamosi_Lab_GitHub/CIMIC/oncoimmunology_paper/Results/nki_smc_immunodeconv_res/figures/AGGREGATED/unpaired/Unpaired_CIBERSORTx_Surgery_B_cells_naive.png",TRUE,"saved",NA
"AGGREGATED","unpaired","CIBERSORTx","Dendritic cells activated","Biopsy",NA,7776,2,"C:/Users/lopesdelima.i/OneDrive - University of Florida/Gbadamosi Lab/Mohammed Gbadamosi/Gbadamosi_Lab_GitHub/CIMIC/oncoimmunology_paper/Results/nki_smc_immunodeconv_res/figures/AGGREGATED/unpaired/Unpaired_CIBERSORTx_Biopsy_Dendritic_cells_activated.png",TRUE,"saved",NA
"AGGREGATED","unpaired","CIBERSORTx","Dendritic cells activated","Surgery",NA,7776,2,"C:/Users/lopesdelima.i/OneDrive - University of Florida/Gbadamosi Lab/Mohammed Gbadamosi/Gbadamosi_Lab_GitHub/CIMIC/oncoimmunology_paper/Results/nki_smc_immunodeconv_res/figures/AGGREGATED/unpaired/Unpaired_CIBERSORTx_Surgery_Dendritic_cells_activated.png",TRUE,"saved",NA
"AGGREGATED","unpaired","CIBERSORTx","Dendritic cells resting","Biopsy",NA,7776,2,"C:/Users/lopesdelima.i/OneDrive - University of Florida/Gbadamosi Lab/Mohammed Gbadamosi/Gbadamosi_Lab_GitHub/CIMIC/oncoimmunology_paper/Results/nki_smc_immunodeconv_res/figures/AGGREGATED/unpaired/Unpaired_CIBERSORTx_Biopsy_Dendritic_cells_resting.png",TRUE,"saved",NA
"AGGREGATED","unpaired","CIBERSORTx","Dendritic cells resting","Surgery",NA,7776,2,"C:/Users/lopesdelima.i/OneDrive - University of Florida/Gbadamosi Lab/Mohammed Gbadamosi/Gbadamosi_Lab_GitHub/CIMIC/oncoimmunology_paper/Results/nki_smc_immunodeconv_res/figures/AGGREGATED/unpaired/Unpaired_CIBERSORTx_Surgery_Dendritic_cells_resting.png",TRUE,"saved",NA
"AGGREGATED","unpaired","CIBERSORTx","Eosinophils","Biopsy",NA,7776,2,"C:/Users/lopesdelima.i/OneDrive - University of Florida/Gbadamosi Lab/Mohammed Gbadamosi/Gbadamosi_Lab_GitHub/CIMIC/oncoimmunology_paper/Results/nki_smc_immunodeconv_res/figures/AGGREGATED/unpaired/Unpaired_CIBERSORTx_Biopsy_Eosinophils.png",TRUE,"saved",NA
"AGGREGATED","unpaired","CIBERSORTx","Eosinophils","Surgery",NA,7776,2,"C:/Users/lopesdelima.i/OneDrive - University of Florida/Gbadamosi Lab/Mohammed Gbadamosi/Gbadamosi_Lab_GitHub/CIMIC/oncoimmunology_paper/Results/nki_smc_immunodeconv_res/figures/AGGREGATED/unpaired/Unpaired_CIBERSORTx_Surgery_Eosinophils.png",TRUE,"saved",NA
"AGGREGATED","unpaired","CIBERSORTx","Macrophages M0","Biopsy",NA,7776,2,"C:/Users/lopesdelima.i/OneDrive - University of Florida/Gbadamosi Lab/Mohammed Gbadamosi/Gbadamosi_Lab_GitHub/CIMIC/oncoimmunology_paper/Results/nki_smc_immunodeconv_res/figures/AGGREGATED/unpaired/Unpaired_CIBERSORTx_Biopsy_Macrophages_M0.png",TRUE,"saved",NA
"AGGREGATED","unpaired","CIBERSORTx","Macrophages M0","Surgery",NA,7776,2,"C:/Users/lopesdelima.i/OneDrive - University of Florida/Gbadamosi Lab/Mohammed Gbadamosi/Gbadamosi_Lab_GitHub/CIMIC/oncoimmunology_paper/Results/nki_smc_immunodeconv_res/figures/AGGREGATED/unpaired/Unpaired_CIBERSORTx_Surgery_Macrophages_M0.png",TRUE,"saved",NA
"AGGREGATED","unpaired","CIBERSORTx","Macrophages M1","Biopsy",NA,7776,2,"C:/Users/lopesdelima.i/OneDrive - University of Florida/Gbadamosi Lab/Mohammed Gbadamosi/Gbadamosi_Lab_GitHub/CIMIC/oncoimmunology_paper/Results/nki_smc_immunodeconv_res/figures/AGGREGATED/unpaired/Unpaired_CIBERSORTx_Biopsy_Macrophages_M1.png",TRUE,"saved",NA
"AGGREGATED","unpaired","CIBERSORTx","Macrophages M1","Surgery",NA,7776,2,"C:/Users/lopesdelima.i/OneDrive - University of Florida/Gbadamosi Lab/Mohammed Gbadamosi/Gbadamosi_Lab_GitHub/CIMIC/oncoimmunology_paper/Results/nki_smc_immunodeconv_res/figures/AGGREGATED/unpaired/Unpaired_CIBERSORTx_Surgery_Macrophages_M1.png",TRUE,"saved",NA
"AGGREGATED","unpaired","CIBERSORTx","Macrophages M2","Biopsy",NA,7776,2,"C:/Users/lopesdelima.i/OneDrive - University of Florida/Gbadamosi Lab/Mohammed Gbadamosi/Gbadamosi_Lab_GitHub/CIMIC/oncoimmunology_paper/Results/nki_smc_immunodeconv_res/figures/AGGREGATED/unpaired/Unpaired_CIBERSORTx_Biopsy_Macrophages_M2.png",TRUE,"saved",NA
"AGGREGATED","unpaired","CIBERSORTx","Macrophages M2","Surgery",NA,7776,2,"C:/Users/lopesdelima.i/OneDrive - University of Florida/Gbadamosi Lab/Mohammed Gbadamosi/Gbadamosi_Lab_GitHub/CIMIC/oncoimmunology_paper/Results/nki_smc_immunodeconv_res/figures/AGGREGATED/unpaired/Unpaired_CIBERSORTx_Surgery_Macrophages_M2.png",TRUE,"saved",NA
"AGGREGATED","unpaired","CIBERSORTx","Mast cells activated","Biopsy",NA,7776,2,"C:/Users/lopesdelima.i/OneDrive - University of Florida/Gbadamosi Lab/Mohammed Gbadamosi/Gbadamosi_Lab_GitHub/CIMIC/oncoimmunology_paper/Results/nki_smc_immunodeconv_res/figures/AGGREGATED/unpaired/Unpaired_CIBERSORTx_Biopsy_Mast_cells_activated.png",TRUE,"saved",NA
"AGGREGATED","unpaired","CIBERSORTx","Mast cells activated","Surgery",NA,7776,2,"C:/Users/lopesdelima.i/OneDrive - University of Florida/Gbadamosi Lab/Mohammed Gbadamosi/Gbadamosi_Lab_GitHub/CIMIC/oncoimmunology_paper/Results/nki_smc_immunodeconv_res/figures/AGGREGATED/unpaired/Unpaired_CIBERSORTx_Surgery_Mast_cells_activated.png",TRUE,"saved",NA
"AGGREGATED","unpaired","CIBERSORTx","Mast cells resting","Biopsy",NA,7776,2,"C:/Users/lopesdelima.i/OneDrive - University of Florida/Gbadamosi Lab/Mohammed Gbadamosi/Gbadamosi_Lab_GitHub/CIMIC/oncoimmunology_paper/Results/nki_smc_immunodeconv_res/figures/AGGREGATED/unpaired/Unpaired_CIBERSORTx_Biopsy_Mast_cells_resting.png",TRUE,"saved",NA
"AGGREGATED","unpaired","CIBERSORTx","Mast cells resting","Surgery",NA,7776,2,"C:/Users/lopesdelima.i/OneDrive - University of Florida/Gbadamosi Lab/Mohammed Gbadamosi/Gbadamosi_Lab_GitHub/CIMIC/oncoimmunology_paper/Results/nki_smc_immunodeconv_res/figures/AGGREGATED/unpaired/Unpaired_CIBERSORTx_Surgery_Mast_cells_resting.png",TRUE,"saved",NA
"AGGREGATED","unpaired","CIBERSORTx","Monocytes","Biopsy",NA,7776,2,"C:/Users/lopesdelima.i/OneDrive - University of Florida/Gbadamosi Lab/Mohammed Gbadamosi/Gbadamosi_Lab_GitHub/CIMIC/oncoimmunology_paper/Results/nki_smc_immunodeconv_res/figures/AGGREGATED/unpaired/Unpaired_CIBERSORTx_Biopsy_Monocytes.png",TRUE,"saved",NA
"AGGREGATED","unpaired","CIBERSORTx","Monocytes","Surgery",NA,7776,2,"C:/Users/lopesdelima.i/OneDrive - University of Florida/Gbadamosi Lab/Mohammed Gbadamosi/Gbadamosi_Lab_GitHub/CIMIC/oncoimmunology_paper/Results/nki_smc_immunodeconv_res/figures/AGGREGATED/unpaired/Unpaired_CIBERSORTx_Surgery_Monocytes.png",TRUE,"saved",NA
"AGGREGATED","unpaired","CIBERSORTx","NK cells activated","Biopsy",NA,7776,2,"C:/Users/lopesdelima.i/OneDrive - University of Florida/Gbadamosi Lab/Mohammed Gbadamosi/Gbadamosi_Lab_GitHub/CIMIC/oncoimmunology_paper/Results/nki_smc_immunodeconv_res/figures/AGGREGATED/unpaired/Unpaired_CIBERSORTx_Biopsy_NK_cells_activated.png",TRUE,"saved",NA
"AGGREGATED","unpaired","CIBERSORTx","NK cells activated","Surgery",NA,7776,2,"C:/Users/lopesdelima.i/OneDrive - University of Florida/Gbadamosi Lab/Mohammed Gbadamosi/Gbadamosi_Lab_GitHub/CIMIC/oncoimmunology_paper/Results/nki_smc_immunodeconv_res/figures/AGGREGATED/unpaired/Unpaired_CIBERSORTx_Surgery_NK_cells_activated.png",TRUE,"saved",NA
"AGGREGATED","unpaired","CIBERSORTx","NK cells resting","Biopsy",NA,7776,2,"C:/Users/lopesdelima.i/OneDrive - University of Florida/Gbadamosi Lab/Mohammed Gbadamosi/Gbadamosi_Lab_GitHub/CIMIC/oncoimmunology_paper/Results/nki_smc_immunodeconv_res/figures/AGGREGATED/unpaired/Unpaired_CIBERSORTx_Biopsy_NK_cells_resting.png",TRUE,"saved",NA
"AGGREGATED","unpaired","CIBERSORTx","NK cells resting","Surgery",NA,7776,2,"C:/Users/lopesdelima.i/OneDrive - University of Florida/Gbadamosi Lab/Mohammed Gbadamosi/Gbadamosi_Lab_GitHub/CIMIC/oncoimmunology_paper/Results/nki_smc_immunodeconv_res/figures/AGGREGATED/unpaired/Unpaired_CIBERSORTx_Surgery_NK_cells_resting.png",TRUE,"saved",NA
"AGGREGATED","unpaired","CIBERSORTx","Neutrophils","Biopsy",NA,7776,2,"C:/Users/lopesdelima.i/OneDrive - University of Florida/Gbadamosi Lab/Mohammed Gbadamosi/Gbadamosi_Lab_GitHub/CIMIC/oncoimmunology_paper/Results/nki_smc_immunodeconv_res/figures/AGGREGATED/unpaired/Unpaired_CIBERSORTx_Biopsy_Neutrophils.png",TRUE,"saved",NA
"AGGREGATED","unpaired","CIBERSORTx","Neutrophils","Surgery",NA,7776,2,"C:/Users/lopesdelima.i/OneDrive - University of Florida/Gbadamosi Lab/Mohammed Gbadamosi/Gbadamosi_Lab_GitHub/CIMIC/oncoimmunology_paper/Results/nki_smc_immunodeconv_res/figures/AGGREGATED/unpaired/Unpaired_CIBERSORTx_Surgery_Neutrophils.png",TRUE,"saved",NA
"AGGREGATED","unpaired","CIBERSORTx","Plasma cells","Biopsy",NA,7776,2,"C:/Users/lopesdelima.i/OneDrive - University of Florida/Gbadamosi Lab/Mohammed Gbadamosi/Gbadamosi_Lab_GitHub/CIMIC/oncoimmunology_paper/Results/nki_smc_immunodeconv_res/figures/AGGREGATED/unpaired/Unpaired_CIBERSORTx_Biopsy_Plasma_cells.png",TRUE,"saved",NA
"AGGREGATED","unpaired","CIBERSORTx","Plasma cells","Surgery",NA,7776,2,"C:/Users/lopesdelima.i/OneDrive - University of Florida/Gbadamosi Lab/Mohammed Gbadamosi/Gbadamosi_Lab_GitHub/CIMIC/oncoimmunology_paper/Results/nki_smc_immunodeconv_res/figures/AGGREGATED/unpaired/Unpaired_CIBERSORTx_Surgery_Plasma_cells.png",TRUE,"saved",NA
"AGGREGATED","unpaired","CIBERSORTx","T cells CD4+ (general)","Biopsy",NA,7776,2,"C:/Users/lopesdelima.i/OneDrive - University of Florida/Gbadamosi Lab/Mohammed Gbadamosi/Gbadamosi_Lab_GitHub/CIMIC/oncoimmunology_paper/Results/nki_smc_immunodeconv_res/figures/AGGREGATED/unpaired/Unpaired_CIBERSORTx_Biopsy_T_cells_CD4_general_.png",TRUE,"saved",NA
"AGGREGATED","unpaired","CIBERSORTx","T cells CD4+ (general)","Surgery",NA,7776,2,"C:/Users/lopesdelima.i/OneDrive - University of Florida/Gbadamosi Lab/Mohammed Gbadamosi/Gbadamosi_Lab_GitHub/CIMIC/oncoimmunology_paper/Results/nki_smc_immunodeconv_res/figures/AGGREGATED/unpaired/Unpaired_CIBERSORTx_Surgery_T_cells_CD4_general_.png",TRUE,"saved",NA
"AGGREGATED","unpaired","CIBERSORTx","T cells CD8+ (total)","Biopsy",NA,7776,2,"C:/Users/lopesdelima.i/OneDrive - University of Florida/Gbadamosi Lab/Mohammed Gbadamosi/Gbadamosi_Lab_GitHub/CIMIC/oncoimmunology_paper/Results/nki_smc_immunodeconv_res/figures/AGGREGATED/unpaired/Unpaired_CIBERSORTx_Biopsy_T_cells_CD8_total_.png",TRUE,"saved",NA
"AGGREGATED","unpaired","CIBERSORTx","T cells CD8+ (total)","Surgery",NA,7776,2,"C:/Users/lopesdelima.i/OneDrive - University of Florida/Gbadamosi Lab/Mohammed Gbadamosi/Gbadamosi_Lab_GitHub/CIMIC/oncoimmunology_paper/Results/nki_smc_immunodeconv_res/figures/AGGREGATED/unpaired/Unpaired_CIBERSORTx_Surgery_T_cells_CD8_total_.png",TRUE,"saved",NA
"AGGREGATED","unpaired","CIBERSORTx","T cells follicular helper","Biopsy",NA,7776,2,"C:/Users/lopesdelima.i/OneDrive - University of Florida/Gbadamosi Lab/Mohammed Gbadamosi/Gbadamosi_Lab_GitHub/CIMIC/oncoimmunology_paper/Results/nki_smc_immunodeconv_res/figures/AGGREGATED/unpaired/Unpaired_CIBERSORTx_Biopsy_T_cells_follicular_helper.png",TRUE,"saved",NA
"AGGREGATED","unpaired","CIBERSORTx","T cells follicular helper","Surgery",NA,7776,2,"C:/Users/lopesdelima.i/OneDrive - University of Florida/Gbadamosi Lab/Mohammed Gbadamosi/Gbadamosi_Lab_GitHub/CIMIC/oncoimmunology_paper/Results/nki_smc_immunodeconv_res/figures/AGGREGATED/unpaired/Unpaired_CIBERSORTx_Surgery_T_cells_follicular_helper.png",TRUE,"saved",NA
"AGGREGATED","unpaired","CIBERSORTx","T cells gamma delta","Biopsy",NA,7776,2,"C:/Users/lopesdelima.i/OneDrive - University of Florida/Gbadamosi Lab/Mohammed Gbadamosi/Gbadamosi_Lab_GitHub/CIMIC/oncoimmunology_paper/Results/nki_smc_immunodeconv_res/figures/AGGREGATED/unpaired/Unpaired_CIBERSORTx_Biopsy_T_cells_gamma_delta.png",TRUE,"saved",NA
"AGGREGATED","unpaired","CIBERSORTx","T cells gamma delta","Surgery",NA,7776,2,"C:/Users/lopesdelima.i/OneDrive - University of Florida/Gbadamosi Lab/Mohammed Gbadamosi/Gbadamosi_Lab_GitHub/CIMIC/oncoimmunology_paper/Results/nki_smc_immunodeconv_res/figures/AGGREGATED/unpaired/Unpaired_CIBERSORTx_Surgery_T_cells_gamma_delta.png",TRUE,"saved",NA
"AGGREGATED","unpaired","CIBERSORTx","T cells regulatory (Tregs)","Biopsy",NA,7776,2,"C:/Users/lopesdelima.i/OneDrive - University of Florida/Gbadamosi Lab/Mohammed Gbadamosi/Gbadamosi_Lab_GitHub/CIMIC/oncoimmunology_paper/Results/nki_smc_immunodeconv_res/figures/AGGREGATED/unpaired/Unpaired_CIBERSORTx_Biopsy_T_cells_regulatory_Tregs_.png",TRUE,"saved",NA
"AGGREGATED","unpaired","CIBERSORTx","T cells regulatory (Tregs)","Surgery",NA,7776,2,"C:/Users/lopesdelima.i/OneDrive - University of Florida/Gbadamosi Lab/Mohammed Gbadamosi/Gbadamosi_Lab_GitHub/CIMIC/oncoimmunology_paper/Results/nki_smc_immunodeconv_res/figures/AGGREGATED/unpaired/Unpaired_CIBERSORTx_Surgery_T_cells_regulatory_Tregs_.png",TRUE,"saved",NA
"AGGREGATED","unpaired","consensus_tme","B cell","Biopsy",NA,7776,2,"C:/Users/lopesdelima.i/OneDrive - University of Florida/Gbadamosi Lab/Mohammed Gbadamosi/Gbadamosi_Lab_GitHub/CIMIC/oncoimmunology_paper/Results/nki_smc_immunodeconv_res/figures/AGGREGATED/unpaired/Unpaired_consensus_tme_Biopsy_B_cell.png",TRUE,"saved",NA
"AGGREGATED","unpaired","consensus_tme","B cell","Surgery",NA,7776,2,"C:/Users/lopesdelima.i/OneDrive - University of Florida/Gbadamosi Lab/Mohammed Gbadamosi/Gbadamosi_Lab_GitHub/CIMIC/oncoimmunology_paper/Results/nki_smc_immunodeconv_res/figures/AGGREGATED/unpaired/Unpaired_consensus_tme_Surgery_B_cell.png",TRUE,"saved",NA
"AGGREGATED","unpaired","consensus_tme","Cancer associated fibroblast","Biopsy",NA,7776,2,"C:/Users/lopesdelima.i/OneDrive - University of Florida/Gbadamosi Lab/Mohammed Gbadamosi/Gbadamosi_Lab_GitHub/CIMIC/oncoimmunology_paper/Results/nki_smc_immunodeconv_res/figures/AGGREGATED/unpaired/Unpaired_consensus_tme_Biopsy_Cancer_associated_fibroblast.png",FALSE,"saved",NA
"AGGREGATED","unpaired","consensus_tme","Cancer associated fibroblast","Surgery",NA,7776,2,"C:/Users/lopesdelima.i/OneDrive - University of Florida/Gbadamosi Lab/Mohammed Gbadamosi/Gbadamosi_Lab_GitHub/CIMIC/oncoimmunology_paper/Results/nki_smc_immunodeconv_res/figures/AGGREGATED/unpaired/Unpaired_consensus_tme_Surgery_Cancer_associated_fibroblast.png",FALSE,"saved",NA
"AGGREGATED","unpaired","consensus_tme","Endothelial cell","Biopsy",NA,7776,2,"C:/Users/lopesdelima.i/OneDrive - University of Florida/Gbadamosi Lab/Mohammed Gbadamosi/Gbadamosi_Lab_GitHub/CIMIC/oncoimmunology_paper/Results/nki_smc_immunodeconv_res/figures/AGGREGATED/unpaired/Unpaired_consensus_tme_Biopsy_Endothelial_cell.png",TRUE,"saved",NA
"AGGREGATED","unpaired","consensus_tme","Endothelial cell","Surgery",NA,7776,2,"C:/Users/lopesdelima.i/OneDrive - University of Florida/Gbadamosi Lab/Mohammed Gbadamosi/Gbadamosi_Lab_GitHub/CIMIC/oncoimmunology_paper/Results/nki_smc_immunodeconv_res/figures/AGGREGATED/unpaired/Unpaired_consensus_tme_Surgery_Endothelial_cell.png",TRUE,"saved",NA
"AGGREGATED","unpaired","consensus_tme","Eosinophil","Biopsy",NA,7776,2,"C:/Users/lopesdelima.i/OneDrive - University of Florida/Gbadamosi Lab/Mohammed Gbadamosi/Gbadamosi_Lab_GitHub/CIMIC/oncoimmunology_paper/Results/nki_smc_immunodeconv_res/figures/AGGREGATED/unpaired/Unpaired_consensus_tme_Biopsy_Eosinophil.png",TRUE,"saved",NA
"AGGREGATED","unpaired","consensus_tme","Eosinophil","Surgery",NA,7776,2,"C:/Users/lopesdelima.i/OneDrive - University of Florida/Gbadamosi Lab/Mohammed Gbadamosi/Gbadamosi_Lab_GitHub/CIMIC/oncoimmunology_paper/Results/nki_smc_immunodeconv_res/figures/AGGREGATED/unpaired/Unpaired_consensus_tme_Surgery_Eosinophil.png",TRUE,"saved",NA
"AGGREGATED","unpaired","consensus_tme","Macrophage","Biopsy",NA,7776,2,"C:/Users/lopesdelima.i/OneDrive - University of Florida/Gbadamosi Lab/Mohammed Gbadamosi/Gbadamosi_Lab_GitHub/CIMIC/oncoimmunology_paper/Results/nki_smc_immunodeconv_res/figures/AGGREGATED/unpaired/Unpaired_consensus_tme_Biopsy_Macrophage.png",TRUE,"saved",NA
"AGGREGATED","unpaired","consensus_tme","Macrophage","Surgery",NA,7776,2,"C:/Users/lopesdelima.i/OneDrive - University of Florida/Gbadamosi Lab/Mohammed Gbadamosi/Gbadamosi_Lab_GitHub/CIMIC/oncoimmunology_paper/Results/nki_smc_immunodeconv_res/figures/AGGREGATED/unpaired/Unpaired_consensus_tme_Surgery_Macrophage.png",TRUE,"saved",NA
"AGGREGATED","unpaired","consensus_tme","Macrophage M1","Biopsy",NA,7776,2,"C:/Users/lopesdelima.i/OneDrive - University of Florida/Gbadamosi Lab/Mohammed Gbadamosi/Gbadamosi_Lab_GitHub/CIMIC/oncoimmunology_paper/Results/nki_smc_immunodeconv_res/figures/AGGREGATED/unpaired/Unpaired_consensus_tme_Biopsy_Macrophage_M1.png",TRUE,"saved",NA
"AGGREGATED","unpaired","consensus_tme","Macrophage M1","Surgery",NA,7776,2,"C:/Users/lopesdelima.i/OneDrive - University of Florida/Gbadamosi Lab/Mohammed Gbadamosi/Gbadamosi_Lab_GitHub/CIMIC/oncoimmunology_paper/Results/nki_smc_immunodeconv_res/figures/AGGREGATED/unpaired/Unpaired_consensus_tme_Surgery_Macrophage_M1.png",TRUE,"saved",NA
"AGGREGATED","unpaired","consensus_tme","Macrophage M2","Biopsy",NA,7776,2,"C:/Users/lopesdelima.i/OneDrive - University of Florida/Gbadamosi Lab/Mohammed Gbadamosi/Gbadamosi_Lab_GitHub/CIMIC/oncoimmunology_paper/Results/nki_smc_immunodeconv_res/figures/AGGREGATED/unpaired/Unpaired_consensus_tme_Biopsy_Macrophage_M2.png",TRUE,"saved",NA
"AGGREGATED","unpaired","consensus_tme","Macrophage M2","Surgery",NA,7776,2,"C:/Users/lopesdelima.i/OneDrive - University of Florida/Gbadamosi Lab/Mohammed Gbadamosi/Gbadamosi_Lab_GitHub/CIMIC/oncoimmunology_paper/Results/nki_smc_immunodeconv_res/figures/AGGREGATED/unpaired/Unpaired_consensus_tme_Surgery_Macrophage_M2.png",TRUE,"saved",NA
"AGGREGATED","unpaired","consensus_tme","Mast cell","Biopsy",NA,7776,2,"C:/Users/lopesdelima.i/OneDrive - University of Florida/Gbadamosi Lab/Mohammed Gbadamosi/Gbadamosi_Lab_GitHub/CIMIC/oncoimmunology_paper/Results/nki_smc_immunodeconv_res/figures/AGGREGATED/unpaired/Unpaired_consensus_tme_Biopsy_Mast_cell.png",TRUE,"saved",NA
"AGGREGATED","unpaired","consensus_tme","Mast cell","Surgery",NA,7776,2,"C:/Users/lopesdelima.i/OneDrive - University of Florida/Gbadamosi Lab/Mohammed Gbadamosi/Gbadamosi_Lab_GitHub/CIMIC/oncoimmunology_paper/Results/nki_smc_immunodeconv_res/figures/AGGREGATED/unpaired/Unpaired_consensus_tme_Surgery_Mast_cell.png",TRUE,"saved",NA
"AGGREGATED","unpaired","consensus_tme","Monocyte","Biopsy",NA,7776,2,"C:/Users/lopesdelima.i/OneDrive - University of Florida/Gbadamosi Lab/Mohammed Gbadamosi/Gbadamosi_Lab_GitHub/CIMIC/oncoimmunology_paper/Results/nki_smc_immunodeconv_res/figures/AGGREGATED/unpaired/Unpaired_consensus_tme_Biopsy_Monocyte.png",TRUE,"saved",NA
"AGGREGATED","unpaired","consensus_tme","Monocyte","Surgery",NA,7776,2,"C:/Users/lopesdelima.i/OneDrive - University of Florida/Gbadamosi Lab/Mohammed Gbadamosi/Gbadamosi_Lab_GitHub/CIMIC/oncoimmunology_paper/Results/nki_smc_immunodeconv_res/figures/AGGREGATED/unpaired/Unpaired_consensus_tme_Surgery_Monocyte.png",TRUE,"saved",NA
"AGGREGATED","unpaired","consensus_tme","Myeloid dendritic cell","Biopsy",NA,7776,2,"C:/Users/lopesdelima.i/OneDrive - University of Florida/Gbadamosi Lab/Mohammed Gbadamosi/Gbadamosi_Lab_GitHub/CIMIC/oncoimmunology_paper/Results/nki_smc_immunodeconv_res/figures/AGGREGATED/unpaired/Unpaired_consensus_tme_Biopsy_Myeloid_dendritic_cell.png",TRUE,"saved",NA
"AGGREGATED","unpaired","consensus_tme","Myeloid dendritic cell","Surgery",NA,7776,2,"C:/Users/lopesdelima.i/OneDrive - University of Florida/Gbadamosi Lab/Mohammed Gbadamosi/Gbadamosi_Lab_GitHub/CIMIC/oncoimmunology_paper/Results/nki_smc_immunodeconv_res/figures/AGGREGATED/unpaired/Unpaired_consensus_tme_Surgery_Myeloid_dendritic_cell.png",TRUE,"saved",NA
"AGGREGATED","unpaired","consensus_tme","NK cell","Biopsy",NA,7776,2,"C:/Users/lopesdelima.i/OneDrive - University of Florida/Gbadamosi Lab/Mohammed Gbadamosi/Gbadamosi_Lab_GitHub/CIMIC/oncoimmunology_paper/Results/nki_smc_immunodeconv_res/figures/AGGREGATED/unpaired/Unpaired_consensus_tme_Biopsy_NK_cell.png",TRUE,"saved",NA
"AGGREGATED","unpaired","consensus_tme","NK cell","Surgery",NA,7776,2,"C:/Users/lopesdelima.i/OneDrive - University of Florida/Gbadamosi Lab/Mohammed Gbadamosi/Gbadamosi_Lab_GitHub/CIMIC/oncoimmunology_paper/Results/nki_smc_immunodeconv_res/figures/AGGREGATED/unpaired/Unpaired_consensus_tme_Surgery_NK_cell.png",TRUE,"saved",NA
"AGGREGATED","unpaired","consensus_tme","Neutrophil","Biopsy",NA,7776,2,"C:/Users/lopesdelima.i/OneDrive - University of Florida/Gbadamosi Lab/Mohammed Gbadamosi/Gbadamosi_Lab_GitHub/CIMIC/oncoimmunology_paper/Results/nki_smc_immunodeconv_res/figures/AGGREGATED/unpaired/Unpaired_consensus_tme_Biopsy_Neutrophil.png",TRUE,"saved",NA
"AGGREGATED","unpaired","consensus_tme","Neutrophil","Surgery",NA,7776,2,"C:/Users/lopesdelima.i/OneDrive - University of Florida/Gbadamosi Lab/Mohammed Gbadamosi/Gbadamosi_Lab_GitHub/CIMIC/oncoimmunology_paper/Results/nki_smc_immunodeconv_res/figures/AGGREGATED/unpaired/Unpaired_consensus_tme_Surgery_Neutrophil.png",TRUE,"saved",NA
"AGGREGATED","unpaired","consensus_tme","T cell CD4+","Biopsy",NA,7776,2,"C:/Users/lopesdelima.i/OneDrive - University of Florida/Gbadamosi Lab/Mohammed Gbadamosi/Gbadamosi_Lab_GitHub/CIMIC/oncoimmunology_paper/Results/nki_smc_immunodeconv_res/figures/AGGREGATED/unpaired/Unpaired_consensus_tme_Biopsy_T_cell_CD4_.png",TRUE,"saved",NA
"AGGREGATED","unpaired","consensus_tme","T cell CD4+","Surgery",NA,7776,2,"C:/Users/lopesdelima.i/OneDrive - University of Florida/Gbadamosi Lab/Mohammed Gbadamosi/Gbadamosi_Lab_GitHub/CIMIC/oncoimmunology_paper/Results/nki_smc_immunodeconv_res/figures/AGGREGATED/unpaired/Unpaired_consensus_tme_Surgery_T_cell_CD4_.png",TRUE,"saved",NA
"AGGREGATED","unpaired","consensus_tme","T cell CD8+","Biopsy",NA,7776,2,"C:/Users/lopesdelima.i/OneDrive - University of Florida/Gbadamosi Lab/Mohammed Gbadamosi/Gbadamosi_Lab_GitHub/CIMIC/oncoimmunology_paper/Results/nki_smc_immunodeconv_res/figures/AGGREGATED/unpaired/Unpaired_consensus_tme_Biopsy_T_cell_CD8_.png",TRUE,"saved",NA
"AGGREGATED","unpaired","consensus_tme","T cell CD8+","Surgery",NA,7776,2,"C:/Users/lopesdelima.i/OneDrive - University of Florida/Gbadamosi Lab/Mohammed Gbadamosi/Gbadamosi_Lab_GitHub/CIMIC/oncoimmunology_paper/Results/nki_smc_immunodeconv_res/figures/AGGREGATED/unpaired/Unpaired_consensus_tme_Surgery_T_cell_CD8_.png",TRUE,"saved",NA
"AGGREGATED","unpaired","consensus_tme","T cell gamma delta","Biopsy",NA,7776,2,"C:/Users/lopesdelima.i/OneDrive - University of Florida/Gbadamosi Lab/Mohammed Gbadamosi/Gbadamosi_Lab_GitHub/CIMIC/oncoimmunology_paper/Results/nki_smc_immunodeconv_res/figures/AGGREGATED/unpaired/Unpaired_consensus_tme_Biopsy_T_cell_gamma_delta.png",TRUE,"saved",NA
"AGGREGATED","unpaired","consensus_tme","T cell gamma delta","Surgery",NA,7776,2,"C:/Users/lopesdelima.i/OneDrive - University of Florida/Gbadamosi Lab/Mohammed Gbadamosi/Gbadamosi_Lab_GitHub/CIMIC/oncoimmunology_paper/Results/nki_smc_immunodeconv_res/figures/AGGREGATED/unpaired/Unpaired_consensus_tme_Surgery_T_cell_gamma_delta.png",TRUE,"saved",NA
"AGGREGATED","unpaired","consensus_tme","T cell regulatory (Tregs)","Biopsy",NA,7776,2,"C:/Users/lopesdelima.i/OneDrive - University of Florida/Gbadamosi Lab/Mohammed Gbadamosi/Gbadamosi_Lab_GitHub/CIMIC/oncoimmunology_paper/Results/nki_smc_immunodeconv_res/figures/AGGREGATED/unpaired/Unpaired_consensus_tme_Biopsy_T_cell_regulatory_Tregs_.png",TRUE,"saved",NA
"AGGREGATED","unpaired","consensus_tme","T cell regulatory (Tregs)","Surgery",NA,7776,2,"C:/Users/lopesdelima.i/OneDrive - University of Florida/Gbadamosi Lab/Mohammed Gbadamosi/Gbadamosi_Lab_GitHub/CIMIC/oncoimmunology_paper/Results/nki_smc_immunodeconv_res/figures/AGGREGATED/unpaired/Unpaired_consensus_tme_Surgery_T_cell_regulatory_Tregs_.png",TRUE,"saved",NA
"AGGREGATED","unpaired","consensus_tme","cytotoxicity score","Biopsy",NA,7776,2,"C:/Users/lopesdelima.i/OneDrive - University of Florida/Gbadamosi Lab/Mohammed Gbadamosi/Gbadamosi_Lab_GitHub/CIMIC/oncoimmunology_paper/Results/nki_smc_immunodeconv_res/figures/AGGREGATED/unpaired/Unpaired_consensus_tme_Biopsy_cytotoxicity_score.png",TRUE,"saved",NA
"AGGREGATED","unpaired","consensus_tme","cytotoxicity score","Surgery",NA,7776,2,"C:/Users/lopesdelima.i/OneDrive - University of Florida/Gbadamosi Lab/Mohammed Gbadamosi/Gbadamosi_Lab_GitHub/CIMIC/oncoimmunology_paper/Results/nki_smc_immunodeconv_res/figures/AGGREGATED/unpaired/Unpaired_consensus_tme_Surgery_cytotoxicity_score.png",TRUE,"saved",NA
"AGGREGATED","unpaired","consensus_tme","immune score","Biopsy",NA,7776,2,"C:/Users/lopesdelima.i/OneDrive - University of Florida/Gbadamosi Lab/Mohammed Gbadamosi/Gbadamosi_Lab_GitHub/CIMIC/oncoimmunology_paper/Results/nki_smc_immunodeconv_res/figures/AGGREGATED/unpaired/Unpaired_consensus_tme_Biopsy_immune_score.png",TRUE,"saved",NA
"AGGREGATED","unpaired","consensus_tme","immune score","Surgery",NA,7776,2,"C:/Users/lopesdelima.i/OneDrive - University of Florida/Gbadamosi Lab/Mohammed Gbadamosi/Gbadamosi_Lab_GitHub/CIMIC/oncoimmunology_paper/Results/nki_smc_immunodeconv_res/figures/AGGREGATED/unpaired/Unpaired_consensus_tme_Surgery_immune_score.png",TRUE,"saved",NA
"AGGREGATED","unpaired","epic","B cell","Biopsy",NA,7776,2,"C:/Users/lopesdelima.i/OneDrive - University of Florida/Gbadamosi Lab/Mohammed Gbadamosi/Gbadamosi_Lab_GitHub/CIMIC/oncoimmunology_paper/Results/nki_smc_immunodeconv_res/figures/AGGREGATED/unpaired/Unpaired_epic_Biopsy_B_cell.png",TRUE,"saved",NA
"AGGREGATED","unpaired","epic","B cell","Surgery",NA,7776,2,"C:/Users/lopesdelima.i/OneDrive - University of Florida/Gbadamosi Lab/Mohammed Gbadamosi/Gbadamosi_Lab_GitHub/CIMIC/oncoimmunology_paper/Results/nki_smc_immunodeconv_res/figures/AGGREGATED/unpaired/Unpaired_epic_Surgery_B_cell.png",TRUE,"saved",NA
"AGGREGATED","unpaired","epic","Cancer associated fibroblast","Biopsy",NA,7776,2,"C:/Users/lopesdelima.i/OneDrive - University of Florida/Gbadamosi Lab/Mohammed Gbadamosi/Gbadamosi_Lab_GitHub/CIMIC/oncoimmunology_paper/Results/nki_smc_immunodeconv_res/figures/AGGREGATED/unpaired/Unpaired_epic_Biopsy_Cancer_associated_fibroblast.png",TRUE,"saved",NA
"AGGREGATED","unpaired","epic","Cancer associated fibroblast","Surgery",NA,7776,2,"C:/Users/lopesdelima.i/OneDrive - University of Florida/Gbadamosi Lab/Mohammed Gbadamosi/Gbadamosi_Lab_GitHub/CIMIC/oncoimmunology_paper/Results/nki_smc_immunodeconv_res/figures/AGGREGATED/unpaired/Unpaired_epic_Surgery_Cancer_associated_fibroblast.png",TRUE,"saved",NA
"AGGREGATED","unpaired","epic","Endothelial cell","Biopsy",NA,7776,2,"C:/Users/lopesdelima.i/OneDrive - University of Florida/Gbadamosi Lab/Mohammed Gbadamosi/Gbadamosi_Lab_GitHub/CIMIC/oncoimmunology_paper/Results/nki_smc_immunodeconv_res/figures/AGGREGATED/unpaired/Unpaired_epic_Biopsy_Endothelial_cell.png",TRUE,"saved",NA
"AGGREGATED","unpaired","epic","Endothelial cell","Surgery",NA,7776,2,"C:/Users/lopesdelima.i/OneDrive - University of Florida/Gbadamosi Lab/Mohammed Gbadamosi/Gbadamosi_Lab_GitHub/CIMIC/oncoimmunology_paper/Results/nki_smc_immunodeconv_res/figures/AGGREGATED/unpaired/Unpaired_epic_Surgery_Endothelial_cell.png",TRUE,"saved",NA
"AGGREGATED","unpaired","epic","Macrophage","Biopsy",NA,7776,2,"C:/Users/lopesdelima.i/OneDrive - University of Florida/Gbadamosi Lab/Mohammed Gbadamosi/Gbadamosi_Lab_GitHub/CIMIC/oncoimmunology_paper/Results/nki_smc_immunodeconv_res/figures/AGGREGATED/unpaired/Unpaired_epic_Biopsy_Macrophage.png",TRUE,"saved",NA
"AGGREGATED","unpaired","epic","Macrophage","Surgery",NA,7776,2,"C:/Users/lopesdelima.i/OneDrive - University of Florida/Gbadamosi Lab/Mohammed Gbadamosi/Gbadamosi_Lab_GitHub/CIMIC/oncoimmunology_paper/Results/nki_smc_immunodeconv_res/figures/AGGREGATED/unpaired/Unpaired_epic_Surgery_Macrophage.png",TRUE,"saved",NA
"AGGREGATED","unpaired","epic","NK cell","Biopsy",NA,7776,2,"C:/Users/lopesdelima.i/OneDrive - University of Florida/Gbadamosi Lab/Mohammed Gbadamosi/Gbadamosi_Lab_GitHub/CIMIC/oncoimmunology_paper/Results/nki_smc_immunodeconv_res/figures/AGGREGATED/unpaired/Unpaired_epic_Biopsy_NK_cell.png",TRUE,"saved",NA
"AGGREGATED","unpaired","epic","NK cell","Surgery",NA,7776,2,"C:/Users/lopesdelima.i/OneDrive - University of Florida/Gbadamosi Lab/Mohammed Gbadamosi/Gbadamosi_Lab_GitHub/CIMIC/oncoimmunology_paper/Results/nki_smc_immunodeconv_res/figures/AGGREGATED/unpaired/Unpaired_epic_Surgery_NK_cell.png",TRUE,"saved",NA
"AGGREGATED","unpaired","epic","T cell CD4+","Biopsy",NA,7776,2,"C:/Users/lopesdelima.i/OneDrive - University of Florida/Gbadamosi Lab/Mohammed Gbadamosi/Gbadamosi_Lab_GitHub/CIMIC/oncoimmunology_paper/Results/nki_smc_immunodeconv_res/figures/AGGREGATED/unpaired/Unpaired_epic_Biopsy_T_cell_CD4_.png",TRUE,"saved",NA
"AGGREGATED","unpaired","epic","T cell CD4+","Surgery",NA,7776,2,"C:/Users/lopesdelima.i/OneDrive - University of Florida/Gbadamosi Lab/Mohammed Gbadamosi/Gbadamosi_Lab_GitHub/CIMIC/oncoimmunology_paper/Results/nki_smc_immunodeconv_res/figures/AGGREGATED/unpaired/Unpaired_epic_Surgery_T_cell_CD4_.png",TRUE,"saved",NA
"AGGREGATED","unpaired","epic","T cell CD8+","Biopsy",NA,7776,2,"C:/Users/lopesdelima.i/OneDrive - University of Florida/Gbadamosi Lab/Mohammed Gbadamosi/Gbadamosi_Lab_GitHub/CIMIC/oncoimmunology_paper/Results/nki_smc_immunodeconv_res/figures/AGGREGATED/unpaired/Unpaired_epic_Biopsy_T_cell_CD8_.png",TRUE,"saved",NA
"AGGREGATED","unpaired","epic","T cell CD8+","Surgery",NA,7776,2,"C:/Users/lopesdelima.i/OneDrive - University of Florida/Gbadamosi Lab/Mohammed Gbadamosi/Gbadamosi_Lab_GitHub/CIMIC/oncoimmunology_paper/Results/nki_smc_immunodeconv_res/figures/AGGREGATED/unpaired/Unpaired_epic_Surgery_T_cell_CD8_.png",TRUE,"saved",NA
"AGGREGATED","unpaired","epic","uncharacterized cell","Biopsy",NA,7776,2,"C:/Users/lopesdelima.i/OneDrive - University of Florida/Gbadamosi Lab/Mohammed Gbadamosi/Gbadamosi_Lab_GitHub/CIMIC/oncoimmunology_paper/Results/nki_smc_immunodeconv_res/figures/AGGREGATED/unpaired/Unpaired_epic_Biopsy_uncharacterized_cell.png",TRUE,"saved",NA
"AGGREGATED","unpaired","epic","uncharacterized cell","Surgery",NA,7776,2,"C:/Users/lopesdelima.i/OneDrive - University of Florida/Gbadamosi Lab/Mohammed Gbadamosi/Gbadamosi_Lab_GitHub/CIMIC/oncoimmunology_paper/Results/nki_smc_immunodeconv_res/figures/AGGREGATED/unpaired/Unpaired_epic_Surgery_uncharacterized_cell.png",TRUE,"saved",NA
"AGGREGATED","unpaired","estimate","ESTIMATEScore","Biopsy",NA,7776,2,"C:/Users/lopesdelima.i/OneDrive - University of Florida/Gbadamosi Lab/Mohammed Gbadamosi/Gbadamosi_Lab_GitHub/CIMIC/oncoimmunology_paper/Results/nki_smc_immunodeconv_res/figures/AGGREGATED/unpaired/Unpaired_estimate_Biopsy_ESTIMATEScore.png",TRUE,"saved",NA
"AGGREGATED","unpaired","estimate","ESTIMATEScore","Surgery",NA,7776,2,"C:/Users/lopesdelima.i/OneDrive - University of Florida/Gbadamosi Lab/Mohammed Gbadamosi/Gbadamosi_Lab_GitHub/CIMIC/oncoimmunology_paper/Results/nki_smc_immunodeconv_res/figures/AGGREGATED/unpaired/Unpaired_estimate_Surgery_ESTIMATEScore.png",TRUE,"saved",NA
"AGGREGATED","unpaired","estimate","ImmuneScore","Biopsy",NA,7776,2,"C:/Users/lopesdelima.i/OneDrive - University of Florida/Gbadamosi Lab/Mohammed Gbadamosi/Gbadamosi_Lab_GitHub/CIMIC/oncoimmunology_paper/Results/nki_smc_immunodeconv_res/figures/AGGREGATED/unpaired/Unpaired_estimate_Biopsy_ImmuneScore.png",TRUE,"saved",NA
"AGGREGATED","unpaired","estimate","ImmuneScore","Surgery",NA,7776,2,"C:/Users/lopesdelima.i/OneDrive - University of Florida/Gbadamosi Lab/Mohammed Gbadamosi/Gbadamosi_Lab_GitHub/CIMIC/oncoimmunology_paper/Results/nki_smc_immunodeconv_res/figures/AGGREGATED/unpaired/Unpaired_estimate_Surgery_ImmuneScore.png",TRUE,"saved",NA
"AGGREGATED","unpaired","estimate","StromalScore","Biopsy",NA,7776,2,"C:/Users/lopesdelima.i/OneDrive - University of Florida/Gbadamosi Lab/Mohammed Gbadamosi/Gbadamosi_Lab_GitHub/CIMIC/oncoimmunology_paper/Results/nki_smc_immunodeconv_res/figures/AGGREGATED/unpaired/Unpaired_estimate_Biopsy_StromalScore.png",TRUE,"saved",NA
"AGGREGATED","unpaired","estimate","StromalScore","Surgery",NA,7776,2,"C:/Users/lopesdelima.i/OneDrive - University of Florida/Gbadamosi Lab/Mohammed Gbadamosi/Gbadamosi_Lab_GitHub/CIMIC/oncoimmunology_paper/Results/nki_smc_immunodeconv_res/figures/AGGREGATED/unpaired/Unpaired_estimate_Surgery_StromalScore.png",TRUE,"saved",NA
"AGGREGATED","unpaired","estimate","TumorPurity","Biopsy",NA,7776,2,"C:/Users/lopesdelima.i/OneDrive - University of Florida/Gbadamosi Lab/Mohammed Gbadamosi/Gbadamosi_Lab_GitHub/CIMIC/oncoimmunology_paper/Results/nki_smc_immunodeconv_res/figures/AGGREGATED/unpaired/Unpaired_estimate_Biopsy_TumorPurity.png",TRUE,"saved",NA
"AGGREGATED","unpaired","estimate","TumorPurity","Surgery",NA,7776,2,"C:/Users/lopesdelima.i/OneDrive - University of Florida/Gbadamosi Lab/Mohammed Gbadamosi/Gbadamosi_Lab_GitHub/CIMIC/oncoimmunology_paper/Results/nki_smc_immunodeconv_res/figures/AGGREGATED/unpaired/Unpaired_estimate_Surgery_TumorPurity.png",TRUE,"saved",NA
"AGGREGATED","unpaired","mcp_counter","B cell","Biopsy",NA,7776,2,"C:/Users/lopesdelima.i/OneDrive - University of Florida/Gbadamosi Lab/Mohammed Gbadamosi/Gbadamosi_Lab_GitHub/CIMIC/oncoimmunology_paper/Results/nki_smc_immunodeconv_res/figures/AGGREGATED/unpaired/Unpaired_mcp_counter_Biopsy_B_cell.png",TRUE,"saved",NA
"AGGREGATED","unpaired","mcp_counter","B cell","Surgery",NA,7776,2,"C:/Users/lopesdelima.i/OneDrive - University of Florida/Gbadamosi Lab/Mohammed Gbadamosi/Gbadamosi_Lab_GitHub/CIMIC/oncoimmunology_paper/Results/nki_smc_immunodeconv_res/figures/AGGREGATED/unpaired/Unpaired_mcp_counter_Surgery_B_cell.png",TRUE,"saved",NA
"AGGREGATED","unpaired","mcp_counter","Cancer associated fibroblast","Biopsy",NA,7776,2,"C:/Users/lopesdelima.i/OneDrive - University of Florida/Gbadamosi Lab/Mohammed Gbadamosi/Gbadamosi_Lab_GitHub/CIMIC/oncoimmunology_paper/Results/nki_smc_immunodeconv_res/figures/AGGREGATED/unpaired/Unpaired_mcp_counter_Biopsy_Cancer_associated_fibroblast.png",TRUE,"saved",NA
"AGGREGATED","unpaired","mcp_counter","Cancer associated fibroblast","Surgery",NA,7776,2,"C:/Users/lopesdelima.i/OneDrive - University of Florida/Gbadamosi Lab/Mohammed Gbadamosi/Gbadamosi_Lab_GitHub/CIMIC/oncoimmunology_paper/Results/nki_smc_immunodeconv_res/figures/AGGREGATED/unpaired/Unpaired_mcp_counter_Surgery_Cancer_associated_fibroblast.png",TRUE,"saved",NA
"AGGREGATED","unpaired","mcp_counter","Endothelial cell","Biopsy",NA,7776,2,"C:/Users/lopesdelima.i/OneDrive - University of Florida/Gbadamosi Lab/Mohammed Gbadamosi/Gbadamosi_Lab_GitHub/CIMIC/oncoimmunology_paper/Results/nki_smc_immunodeconv_res/figures/AGGREGATED/unpaired/Unpaired_mcp_counter_Biopsy_Endothelial_cell.png",TRUE,"saved",NA
"AGGREGATED","unpaired","mcp_counter","Endothelial cell","Surgery",NA,7776,2,"C:/Users/lopesdelima.i/OneDrive - University of Florida/Gbadamosi Lab/Mohammed Gbadamosi/Gbadamosi_Lab_GitHub/CIMIC/oncoimmunology_paper/Results/nki_smc_immunodeconv_res/figures/AGGREGATED/unpaired/Unpaired_mcp_counter_Surgery_Endothelial_cell.png",TRUE,"saved",NA
"AGGREGATED","unpaired","mcp_counter","Macrophage/Monocyte","Biopsy",NA,7776,2,"C:/Users/lopesdelima.i/OneDrive - University of Florida/Gbadamosi Lab/Mohammed Gbadamosi/Gbadamosi_Lab_GitHub/CIMIC/oncoimmunology_paper/Results/nki_smc_immunodeconv_res/figures/AGGREGATED/unpaired/Unpaired_mcp_counter_Biopsy_Macrophage_Monocyte.png",TRUE,"saved",NA
"AGGREGATED","unpaired","mcp_counter","Macrophage/Monocyte","Surgery",NA,7776,2,"C:/Users/lopesdelima.i/OneDrive - University of Florida/Gbadamosi Lab/Mohammed Gbadamosi/Gbadamosi_Lab_GitHub/CIMIC/oncoimmunology_paper/Results/nki_smc_immunodeconv_res/figures/AGGREGATED/unpaired/Unpaired_mcp_counter_Surgery_Macrophage_Monocyte.png",TRUE,"saved",NA
"AGGREGATED","unpaired","mcp_counter","Monocyte","Biopsy",NA,7776,2,"C:/Users/lopesdelima.i/OneDrive - University of Florida/Gbadamosi Lab/Mohammed Gbadamosi/Gbadamosi_Lab_GitHub/CIMIC/oncoimmunology_paper/Results/nki_smc_immunodeconv_res/figures/AGGREGATED/unpaired/Unpaired_mcp_counter_Biopsy_Monocyte.png",TRUE,"saved",NA
"AGGREGATED","unpaired","mcp_counter","Monocyte","Surgery",NA,7776,2,"C:/Users/lopesdelima.i/OneDrive - University of Florida/Gbadamosi Lab/Mohammed Gbadamosi/Gbadamosi_Lab_GitHub/CIMIC/oncoimmunology_paper/Results/nki_smc_immunodeconv_res/figures/AGGREGATED/unpaired/Unpaired_mcp_counter_Surgery_Monocyte.png",TRUE,"saved",NA
"AGGREGATED","unpaired","mcp_counter","Myeloid dendritic cell","Biopsy",NA,7776,2,"C:/Users/lopesdelima.i/OneDrive - University of Florida/Gbadamosi Lab/Mohammed Gbadamosi/Gbadamosi_Lab_GitHub/CIMIC/oncoimmunology_paper/Results/nki_smc_immunodeconv_res/figures/AGGREGATED/unpaired/Unpaired_mcp_counter_Biopsy_Myeloid_dendritic_cell.png",TRUE,"saved",NA
"AGGREGATED","unpaired","mcp_counter","Myeloid dendritic cell","Surgery",NA,7776,2,"C:/Users/lopesdelima.i/OneDrive - University of Florida/Gbadamosi Lab/Mohammed Gbadamosi/Gbadamosi_Lab_GitHub/CIMIC/oncoimmunology_paper/Results/nki_smc_immunodeconv_res/figures/AGGREGATED/unpaired/Unpaired_mcp_counter_Surgery_Myeloid_dendritic_cell.png",TRUE,"saved",NA
"AGGREGATED","unpaired","mcp_counter","NK cell","Biopsy",NA,7776,2,"C:/Users/lopesdelima.i/OneDrive - University of Florida/Gbadamosi Lab/Mohammed Gbadamosi/Gbadamosi_Lab_GitHub/CIMIC/oncoimmunology_paper/Results/nki_smc_immunodeconv_res/figures/AGGREGATED/unpaired/Unpaired_mcp_counter_Biopsy_NK_cell.png",TRUE,"saved",NA
"AGGREGATED","unpaired","mcp_counter","NK cell","Surgery",NA,7776,2,"C:/Users/lopesdelima.i/OneDrive - University of Florida/Gbadamosi Lab/Mohammed Gbadamosi/Gbadamosi_Lab_GitHub/CIMIC/oncoimmunology_paper/Results/nki_smc_immunodeconv_res/figures/AGGREGATED/unpaired/Unpaired_mcp_counter_Surgery_NK_cell.png",TRUE,"saved",NA
"AGGREGATED","unpaired","mcp_counter","Neutrophil","Biopsy",NA,7776,2,"C:/Users/lopesdelima.i/OneDrive - University of Florida/Gbadamosi Lab/Mohammed Gbadamosi/Gbadamosi_Lab_GitHub/CIMIC/oncoimmunology_paper/Results/nki_smc_immunodeconv_res/figures/AGGREGATED/unpaired/Unpaired_mcp_counter_Biopsy_Neutrophil.png",TRUE,"saved",NA
"AGGREGATED","unpaired","mcp_counter","Neutrophil","Surgery",NA,7776,2,"C:/Users/lopesdelima.i/OneDrive - University of Florida/Gbadamosi Lab/Mohammed Gbadamosi/Gbadamosi_Lab_GitHub/CIMIC/oncoimmunology_paper/Results/nki_smc_immunodeconv_res/figures/AGGREGATED/unpaired/Unpaired_mcp_counter_Surgery_Neutrophil.png",TRUE,"saved",NA
"AGGREGATED","unpaired","mcp_counter","T cell","Biopsy",NA,7776,2,"C:/Users/lopesdelima.i/OneDrive - University of Florida/Gbadamosi Lab/Mohammed Gbadamosi/Gbadamosi_Lab_GitHub/CIMIC/oncoimmunology_paper/Results/nki_smc_immunodeconv_res/figures/AGGREGATED/unpaired/Unpaired_mcp_counter_Biopsy_T_cell.png",TRUE,"saved",NA
"AGGREGATED","unpaired","mcp_counter","T cell","Surgery",NA,7776,2,"C:/Users/lopesdelima.i/OneDrive - University of Florida/Gbadamosi Lab/Mohammed Gbadamosi/Gbadamosi_Lab_GitHub/CIMIC/oncoimmunology_paper/Results/nki_smc_immunodeconv_res/figures/AGGREGATED/unpaired/Unpaired_mcp_counter_Surgery_T_cell.png",TRUE,"saved",NA
"AGGREGATED","unpaired","mcp_counter","T cell CD8+","Biopsy",NA,7776,2,"C:/Users/lopesdelima.i/OneDrive - University of Florida/Gbadamosi Lab/Mohammed Gbadamosi/Gbadamosi_Lab_GitHub/CIMIC/oncoimmunology_paper/Results/nki_smc_immunodeconv_res/figures/AGGREGATED/unpaired/Unpaired_mcp_counter_Biopsy_T_cell_CD8_.png",TRUE,"saved",NA
"AGGREGATED","unpaired","mcp_counter","T cell CD8+","Surgery",NA,7776,2,"C:/Users/lopesdelima.i/OneDrive - University of Florida/Gbadamosi Lab/Mohammed Gbadamosi/Gbadamosi_Lab_GitHub/CIMIC/oncoimmunology_paper/Results/nki_smc_immunodeconv_res/figures/AGGREGATED/unpaired/Unpaired_mcp_counter_Surgery_T_cell_CD8_.png",TRUE,"saved",NA
"AGGREGATED","unpaired","mcp_counter","cytotoxicity score","Biopsy",NA,7776,2,"C:/Users/lopesdelima.i/OneDrive - University of Florida/Gbadamosi Lab/Mohammed Gbadamosi/Gbadamosi_Lab_GitHub/CIMIC/oncoimmunology_paper/Results/nki_smc_immunodeconv_res/figures/AGGREGATED/unpaired/Unpaired_mcp_counter_Biopsy_cytotoxicity_score.png",TRUE,"saved",NA
"AGGREGATED","unpaired","mcp_counter","cytotoxicity score","Surgery",NA,7776,2,"C:/Users/lopesdelima.i/OneDrive - University of Florida/Gbadamosi Lab/Mohammed Gbadamosi/Gbadamosi_Lab_GitHub/CIMIC/oncoimmunology_paper/Results/nki_smc_immunodeconv_res/figures/AGGREGATED/unpaired/Unpaired_mcp_counter_Surgery_cytotoxicity_score.png",TRUE,"saved",NA
"AGGREGATED","unpaired","quantiseq","B cell","Biopsy",NA,7776,2,"C:/Users/lopesdelima.i/OneDrive - University of Florida/Gbadamosi Lab/Mohammed Gbadamosi/Gbadamosi_Lab_GitHub/CIMIC/oncoimmunology_paper/Results/nki_smc_immunodeconv_res/figures/AGGREGATED/unpaired/Unpaired_quantiseq_Biopsy_B_cell.png",TRUE,"saved",NA
"AGGREGATED","unpaired","quantiseq","B cell","Surgery",NA,7776,2,"C:/Users/lopesdelima.i/OneDrive - University of Florida/Gbadamosi Lab/Mohammed Gbadamosi/Gbadamosi_Lab_GitHub/CIMIC/oncoimmunology_paper/Results/nki_smc_immunodeconv_res/figures/AGGREGATED/unpaired/Unpaired_quantiseq_Surgery_B_cell.png",TRUE,"saved",NA
"AGGREGATED","unpaired","quantiseq","Macrophage M1","Biopsy",NA,7776,2,"C:/Users/lopesdelima.i/OneDrive - University of Florida/Gbadamosi Lab/Mohammed Gbadamosi/Gbadamosi_Lab_GitHub/CIMIC/oncoimmunology_paper/Results/nki_smc_immunodeconv_res/figures/AGGREGATED/unpaired/Unpaired_quantiseq_Biopsy_Macrophage_M1.png",TRUE,"saved",NA
"AGGREGATED","unpaired","quantiseq","Macrophage M1","Surgery",NA,7776,2,"C:/Users/lopesdelima.i/OneDrive - University of Florida/Gbadamosi Lab/Mohammed Gbadamosi/Gbadamosi_Lab_GitHub/CIMIC/oncoimmunology_paper/Results/nki_smc_immunodeconv_res/figures/AGGREGATED/unpaired/Unpaired_quantiseq_Surgery_Macrophage_M1.png",TRUE,"saved",NA
"AGGREGATED","unpaired","quantiseq","Macrophage M2","Biopsy",NA,7776,2,"C:/Users/lopesdelima.i/OneDrive - University of Florida/Gbadamosi Lab/Mohammed Gbadamosi/Gbadamosi_Lab_GitHub/CIMIC/oncoimmunology_paper/Results/nki_smc_immunodeconv_res/figures/AGGREGATED/unpaired/Unpaired_quantiseq_Biopsy_Macrophage_M2.png",TRUE,"saved",NA
"AGGREGATED","unpaired","quantiseq","Macrophage M2","Surgery",NA,7776,2,"C:/Users/lopesdelima.i/OneDrive - University of Florida/Gbadamosi Lab/Mohammed Gbadamosi/Gbadamosi_Lab_GitHub/CIMIC/oncoimmunology_paper/Results/nki_smc_immunodeconv_res/figures/AGGREGATED/unpaired/Unpaired_quantiseq_Surgery_Macrophage_M2.png",TRUE,"saved",NA
"AGGREGATED","unpaired","quantiseq","Monocyte","Biopsy",NA,7776,2,"C:/Users/lopesdelima.i/OneDrive - University of Florida/Gbadamosi Lab/Mohammed Gbadamosi/Gbadamosi_Lab_GitHub/CIMIC/oncoimmunology_paper/Results/nki_smc_immunodeconv_res/figures/AGGREGATED/unpaired/Unpaired_quantiseq_Biopsy_Monocyte.png",TRUE,"saved",NA
"AGGREGATED","unpaired","quantiseq","Monocyte","Surgery",NA,7776,2,"C:/Users/lopesdelima.i/OneDrive - University of Florida/Gbadamosi Lab/Mohammed Gbadamosi/Gbadamosi_Lab_GitHub/CIMIC/oncoimmunology_paper/Results/nki_smc_immunodeconv_res/figures/AGGREGATED/unpaired/Unpaired_quantiseq_Surgery_Monocyte.png",TRUE,"saved",NA
"AGGREGATED","unpaired","quantiseq","Myeloid dendritic cell","Biopsy",NA,7776,2,"C:/Users/lopesdelima.i/OneDrive - University of Florida/Gbadamosi Lab/Mohammed Gbadamosi/Gbadamosi_Lab_GitHub/CIMIC/oncoimmunology_paper/Results/nki_smc_immunodeconv_res/figures/AGGREGATED/unpaired/Unpaired_quantiseq_Biopsy_Myeloid_dendritic_cell.png",TRUE,"saved",NA
"AGGREGATED","unpaired","quantiseq","Myeloid dendritic cell","Surgery",NA,7776,2,"C:/Users/lopesdelima.i/OneDrive - University of Florida/Gbadamosi Lab/Mohammed Gbadamosi/Gbadamosi_Lab_GitHub/CIMIC/oncoimmunology_paper/Results/nki_smc_immunodeconv_res/figures/AGGREGATED/unpaired/Unpaired_quantiseq_Surgery_Myeloid_dendritic_cell.png",TRUE,"saved",NA
"AGGREGATED","unpaired","quantiseq","NK cell","Biopsy",NA,7776,2,"C:/Users/lopesdelima.i/OneDrive - University of Florida/Gbadamosi Lab/Mohammed Gbadamosi/Gbadamosi_Lab_GitHub/CIMIC/oncoimmunology_paper/Results/nki_smc_immunodeconv_res/figures/AGGREGATED/unpaired/Unpaired_quantiseq_Biopsy_NK_cell.png",TRUE,"saved",NA
"AGGREGATED","unpaired","quantiseq","NK cell","Surgery",NA,7776,2,"C:/Users/lopesdelima.i/OneDrive - University of Florida/Gbadamosi Lab/Mohammed Gbadamosi/Gbadamosi_Lab_GitHub/CIMIC/oncoimmunology_paper/Results/nki_smc_immunodeconv_res/figures/AGGREGATED/unpaired/Unpaired_quantiseq_Surgery_NK_cell.png",TRUE,"saved",NA
"AGGREGATED","unpaired","quantiseq","Neutrophil","Biopsy",NA,7776,2,"C:/Users/lopesdelima.i/OneDrive - University of Florida/Gbadamosi Lab/Mohammed Gbadamosi/Gbadamosi_Lab_GitHub/CIMIC/oncoimmunology_paper/Results/nki_smc_immunodeconv_res/figures/AGGREGATED/unpaired/Unpaired_quantiseq_Biopsy_Neutrophil.png",TRUE,"saved",NA
"AGGREGATED","unpaired","quantiseq","Neutrophil","Surgery",NA,7776,2,"C:/Users/lopesdelima.i/OneDrive - University of Florida/Gbadamosi Lab/Mohammed Gbadamosi/Gbadamosi_Lab_GitHub/CIMIC/oncoimmunology_paper/Results/nki_smc_immunodeconv_res/figures/AGGREGATED/unpaired/Unpaired_quantiseq_Surgery_Neutrophil.png",TRUE,"saved",NA
"AGGREGATED","unpaired","quantiseq","T cell CD4+ (non-regulatory)","Biopsy",NA,7776,2,"C:/Users/lopesdelima.i/OneDrive - University of Florida/Gbadamosi Lab/Mohammed Gbadamosi/Gbadamosi_Lab_GitHub/CIMIC/oncoimmunology_paper/Results/nki_smc_immunodeconv_res/figures/AGGREGATED/unpaired/Unpaired_quantiseq_Biopsy_T_cell_CD4_non_regulatory_.png",TRUE,"saved",NA
"AGGREGATED","unpaired","quantiseq","T cell CD4+ (non-regulatory)","Surgery",NA,7776,2,"C:/Users/lopesdelima.i/OneDrive - University of Florida/Gbadamosi Lab/Mohammed Gbadamosi/Gbadamosi_Lab_GitHub/CIMIC/oncoimmunology_paper/Results/nki_smc_immunodeconv_res/figures/AGGREGATED/unpaired/Unpaired_quantiseq_Surgery_T_cell_CD4_non_regulatory_.png",TRUE,"saved",NA
"AGGREGATED","unpaired","quantiseq","T cell CD8+","Biopsy",NA,7776,2,"C:/Users/lopesdelima.i/OneDrive - University of Florida/Gbadamosi Lab/Mohammed Gbadamosi/Gbadamosi_Lab_GitHub/CIMIC/oncoimmunology_paper/Results/nki_smc_immunodeconv_res/figures/AGGREGATED/unpaired/Unpaired_quantiseq_Biopsy_T_cell_CD8_.png",TRUE,"saved",NA
"AGGREGATED","unpaired","quantiseq","T cell CD8+","Surgery",NA,7776,2,"C:/Users/lopesdelima.i/OneDrive - University of Florida/Gbadamosi Lab/Mohammed Gbadamosi/Gbadamosi_Lab_GitHub/CIMIC/oncoimmunology_paper/Results/nki_smc_immunodeconv_res/figures/AGGREGATED/unpaired/Unpaired_quantiseq_Surgery_T_cell_CD8_.png",TRUE,"saved",NA
"AGGREGATED","unpaired","quantiseq","T cell regulatory (Tregs)","Biopsy",NA,7776,2,"C:/Users/lopesdelima.i/OneDrive - University of Florida/Gbadamosi Lab/Mohammed Gbadamosi/Gbadamosi_Lab_GitHub/CIMIC/oncoimmunology_paper/Results/nki_smc_immunodeconv_res/figures/AGGREGATED/unpaired/Unpaired_quantiseq_Biopsy_T_cell_regulatory_Tregs_.png",TRUE,"saved",NA
"AGGREGATED","unpaired","quantiseq","T cell regulatory (Tregs)","Surgery",NA,7776,2,"C:/Users/lopesdelima.i/OneDrive - University of Florida/Gbadamosi Lab/Mohammed Gbadamosi/Gbadamosi_Lab_GitHub/CIMIC/oncoimmunology_paper/Results/nki_smc_immunodeconv_res/figures/AGGREGATED/unpaired/Unpaired_quantiseq_Surgery_T_cell_regulatory_Tregs_.png",TRUE,"saved",NA
"AGGREGATED","unpaired","quantiseq","uncharacterized cell","Biopsy",NA,7776,2,"C:/Users/lopesdelima.i/OneDrive - University of Florida/Gbadamosi Lab/Mohammed Gbadamosi/Gbadamosi_Lab_GitHub/CIMIC/oncoimmunology_paper/Results/nki_smc_immunodeconv_res/figures/AGGREGATED/unpaired/Unpaired_quantiseq_Biopsy_uncharacterized_cell.png",TRUE,"saved",NA
"AGGREGATED","unpaired","quantiseq","uncharacterized cell","Surgery",NA,7776,2,"C:/Users/lopesdelima.i/OneDrive - University of Florida/Gbadamosi Lab/Mohammed Gbadamosi/Gbadamosi_Lab_GitHub/CIMIC/oncoimmunology_paper/Results/nki_smc_immunodeconv_res/figures/AGGREGATED/unpaired/Unpaired_quantiseq_Surgery_uncharacterized_cell.png",TRUE,"saved",NA
"AGGREGATED","unpaired","timer","B cell","Biopsy",NA,7776,2,"C:/Users/lopesdelima.i/OneDrive - University of Florida/Gbadamosi Lab/Mohammed Gbadamosi/Gbadamosi_Lab_GitHub/CIMIC/oncoimmunology_paper/Results/nki_smc_immunodeconv_res/figures/AGGREGATED/unpaired/Unpaired_timer_Biopsy_B_cell.png",TRUE,"saved",NA
"AGGREGATED","unpaired","timer","B cell","Surgery",NA,7776,2,"C:/Users/lopesdelima.i/OneDrive - University of Florida/Gbadamosi Lab/Mohammed Gbadamosi/Gbadamosi_Lab_GitHub/CIMIC/oncoimmunology_paper/Results/nki_smc_immunodeconv_res/figures/AGGREGATED/unpaired/Unpaired_timer_Surgery_B_cell.png",TRUE,"saved",NA
"AGGREGATED","unpaired","timer","Macrophage","Biopsy",NA,7776,2,"C:/Users/lopesdelima.i/OneDrive - University of Florida/Gbadamosi Lab/Mohammed Gbadamosi/Gbadamosi_Lab_GitHub/CIMIC/oncoimmunology_paper/Results/nki_smc_immunodeconv_res/figures/AGGREGATED/unpaired/Unpaired_timer_Biopsy_Macrophage.png",TRUE,"saved",NA
"AGGREGATED","unpaired","timer","Macrophage","Surgery",NA,7776,2,"C:/Users/lopesdelima.i/OneDrive - University of Florida/Gbadamosi Lab/Mohammed Gbadamosi/Gbadamosi_Lab_GitHub/CIMIC/oncoimmunology_paper/Results/nki_smc_immunodeconv_res/figures/AGGREGATED/unpaired/Unpaired_timer_Surgery_Macrophage.png",TRUE,"saved",NA
"AGGREGATED","unpaired","timer","Myeloid dendritic cell","Biopsy",NA,7776,2,"C:/Users/lopesdelima.i/OneDrive - University of Florida/Gbadamosi Lab/Mohammed Gbadamosi/Gbadamosi_Lab_GitHub/CIMIC/oncoimmunology_paper/Results/nki_smc_immunodeconv_res/figures/AGGREGATED/unpaired/Unpaired_timer_Biopsy_Myeloid_dendritic_cell.png",TRUE,"saved",NA
"AGGREGATED","unpaired","timer","Myeloid dendritic cell","Surgery",NA,7776,2,"C:/Users/lopesdelima.i/OneDrive - University of Florida/Gbadamosi Lab/Mohammed Gbadamosi/Gbadamosi_Lab_GitHub/CIMIC/oncoimmunology_paper/Results/nki_smc_immunodeconv_res/figures/AGGREGATED/unpaired/Unpaired_timer_Surgery_Myeloid_dendritic_cell.png",TRUE,"saved",NA
"AGGREGATED","unpaired","timer","Neutrophil","Biopsy",NA,7776,2,"C:/Users/lopesdelima.i/OneDrive - University of Florida/Gbadamosi Lab/Mohammed Gbadamosi/Gbadamosi_Lab_GitHub/CIMIC/oncoimmunology_paper/Results/nki_smc_immunodeconv_res/figures/AGGREGATED/unpaired/Unpaired_timer_Biopsy_Neutrophil.png",TRUE,"saved",NA
"AGGREGATED","unpaired","timer","Neutrophil","Surgery",NA,7776,2,"C:/Users/lopesdelima.i/OneDrive - University of Florida/Gbadamosi Lab/Mohammed Gbadamosi/Gbadamosi_Lab_GitHub/CIMIC/oncoimmunology_paper/Results/nki_smc_immunodeconv_res/figures/AGGREGATED/unpaired/Unpaired_timer_Surgery_Neutrophil.png",TRUE,"saved",NA
"AGGREGATED","unpaired","timer","T cell CD4+","Biopsy",NA,7776,2,"C:/Users/lopesdelima.i/OneDrive - University of Florida/Gbadamosi Lab/Mohammed Gbadamosi/Gbadamosi_Lab_GitHub/CIMIC/oncoimmunology_paper/Results/nki_smc_immunodeconv_res/figures/AGGREGATED/unpaired/Unpaired_timer_Biopsy_T_cell_CD4_.png",TRUE,"saved",NA
"AGGREGATED","unpaired","timer","T cell CD4+","Surgery",NA,7776,2,"C:/Users/lopesdelima.i/OneDrive - University of Florida/Gbadamosi Lab/Mohammed Gbadamosi/Gbadamosi_Lab_GitHub/CIMIC/oncoimmunology_paper/Results/nki_smc_immunodeconv_res/figures/AGGREGATED/unpaired/Unpaired_timer_Surgery_T_cell_CD4_.png",TRUE,"saved",NA
"AGGREGATED","unpaired","timer","T cell CD8+","Biopsy",NA,7776,2,"C:/Users/lopesdelima.i/OneDrive - University of Florida/Gbadamosi Lab/Mohammed Gbadamosi/Gbadamosi_Lab_GitHub/CIMIC/oncoimmunology_paper/Results/nki_smc_immunodeconv_res/figures/AGGREGATED/unpaired/Unpaired_timer_Biopsy_T_cell_CD8_.png",TRUE,"saved",NA
"AGGREGATED","unpaired","timer","T cell CD8+","Surgery",NA,7776,2,"C:/Users/lopesdelima.i/OneDrive - University of Florida/Gbadamosi Lab/Mohammed Gbadamosi/Gbadamosi_Lab_GitHub/CIMIC/oncoimmunology_paper/Results/nki_smc_immunodeconv_res/figures/AGGREGATED/unpaired/Unpaired_timer_Surgery_T_cell_CD8_.png",TRUE,"saved",NA
"AGGREGATED","unpaired","xcell","B cell","Biopsy",NA,7776,2,"C:/Users/lopesdelima.i/OneDrive - University of Florida/Gbadamosi Lab/Mohammed Gbadamosi/Gbadamosi_Lab_GitHub/CIMIC/oncoimmunology_paper/Results/nki_smc_immunodeconv_res/figures/AGGREGATED/unpaired/Unpaired_xcell_Biopsy_B_cell.png",TRUE,"saved",NA
"AGGREGATED","unpaired","xcell","B cell","Surgery",NA,7776,2,"C:/Users/lopesdelima.i/OneDrive - University of Florida/Gbadamosi Lab/Mohammed Gbadamosi/Gbadamosi_Lab_GitHub/CIMIC/oncoimmunology_paper/Results/nki_smc_immunodeconv_res/figures/AGGREGATED/unpaired/Unpaired_xcell_Surgery_B_cell.png",TRUE,"saved",NA
"AGGREGATED","unpaired","xcell","B cell memory","Biopsy",NA,7776,2,"C:/Users/lopesdelima.i/OneDrive - University of Florida/Gbadamosi Lab/Mohammed Gbadamosi/Gbadamosi_Lab_GitHub/CIMIC/oncoimmunology_paper/Results/nki_smc_immunodeconv_res/figures/AGGREGATED/unpaired/Unpaired_xcell_Biopsy_B_cell_memory.png",TRUE,"saved",NA
"AGGREGATED","unpaired","xcell","B cell memory","Surgery",NA,7776,2,"C:/Users/lopesdelima.i/OneDrive - University of Florida/Gbadamosi Lab/Mohammed Gbadamosi/Gbadamosi_Lab_GitHub/CIMIC/oncoimmunology_paper/Results/nki_smc_immunodeconv_res/figures/AGGREGATED/unpaired/Unpaired_xcell_Surgery_B_cell_memory.png",TRUE,"saved",NA
"AGGREGATED","unpaired","xcell","B cell naive","Biopsy",NA,7776,2,"C:/Users/lopesdelima.i/OneDrive - University of Florida/Gbadamosi Lab/Mohammed Gbadamosi/Gbadamosi_Lab_GitHub/CIMIC/oncoimmunology_paper/Results/nki_smc_immunodeconv_res/figures/AGGREGATED/unpaired/Unpaired_xcell_Biopsy_B_cell_naive.png",TRUE,"saved",NA
"AGGREGATED","unpaired","xcell","B cell naive","Surgery",NA,7776,2,"C:/Users/lopesdelima.i/OneDrive - University of Florida/Gbadamosi Lab/Mohammed Gbadamosi/Gbadamosi_Lab_GitHub/CIMIC/oncoimmunology_paper/Results/nki_smc_immunodeconv_res/figures/AGGREGATED/unpaired/Unpaired_xcell_Surgery_B_cell_naive.png",TRUE,"saved",NA
"AGGREGATED","unpaired","xcell","B cell plasma","Biopsy",NA,7776,2,"C:/Users/lopesdelima.i/OneDrive - University of Florida/Gbadamosi Lab/Mohammed Gbadamosi/Gbadamosi_Lab_GitHub/CIMIC/oncoimmunology_paper/Results/nki_smc_immunodeconv_res/figures/AGGREGATED/unpaired/Unpaired_xcell_Biopsy_B_cell_plasma.png",TRUE,"saved",NA
"AGGREGATED","unpaired","xcell","B cell plasma","Surgery",NA,7776,2,"C:/Users/lopesdelima.i/OneDrive - University of Florida/Gbadamosi Lab/Mohammed Gbadamosi/Gbadamosi_Lab_GitHub/CIMIC/oncoimmunology_paper/Results/nki_smc_immunodeconv_res/figures/AGGREGATED/unpaired/Unpaired_xcell_Surgery_B_cell_plasma.png",TRUE,"saved",NA
"AGGREGATED","unpaired","xcell","Cancer associated fibroblast","Biopsy",NA,7776,2,"C:/Users/lopesdelima.i/OneDrive - University of Florida/Gbadamosi Lab/Mohammed Gbadamosi/Gbadamosi_Lab_GitHub/CIMIC/oncoimmunology_paper/Results/nki_smc_immunodeconv_res/figures/AGGREGATED/unpaired/Unpaired_xcell_Biopsy_Cancer_associated_fibroblast.png",TRUE,"saved",NA
"AGGREGATED","unpaired","xcell","Cancer associated fibroblast","Surgery",NA,7776,2,"C:/Users/lopesdelima.i/OneDrive - University of Florida/Gbadamosi Lab/Mohammed Gbadamosi/Gbadamosi_Lab_GitHub/CIMIC/oncoimmunology_paper/Results/nki_smc_immunodeconv_res/figures/AGGREGATED/unpaired/Unpaired_xcell_Surgery_Cancer_associated_fibroblast.png",TRUE,"saved",NA
"AGGREGATED","unpaired","xcell","Class-switched memory B cell","Biopsy",NA,7776,2,"C:/Users/lopesdelima.i/OneDrive - University of Florida/Gbadamosi Lab/Mohammed Gbadamosi/Gbadamosi_Lab_GitHub/CIMIC/oncoimmunology_paper/Results/nki_smc_immunodeconv_res/figures/AGGREGATED/unpaired/Unpaired_xcell_Biopsy_Class_switched_memory_B_cell.png",TRUE,"saved",NA
"AGGREGATED","unpaired","xcell","Class-switched memory B cell","Surgery",NA,7776,2,"C:/Users/lopesdelima.i/OneDrive - University of Florida/Gbadamosi Lab/Mohammed Gbadamosi/Gbadamosi_Lab_GitHub/CIMIC/oncoimmunology_paper/Results/nki_smc_immunodeconv_res/figures/AGGREGATED/unpaired/Unpaired_xcell_Surgery_Class_switched_memory_B_cell.png",TRUE,"saved",NA
"AGGREGATED","unpaired","xcell","Common lymphoid progenitor","Biopsy",NA,7776,2,"C:/Users/lopesdelima.i/OneDrive - University of Florida/Gbadamosi Lab/Mohammed Gbadamosi/Gbadamosi_Lab_GitHub/CIMIC/oncoimmunology_paper/Results/nki_smc_immunodeconv_res/figures/AGGREGATED/unpaired/Unpaired_xcell_Biopsy_Common_lymphoid_progenitor.png",TRUE,"saved",NA
"AGGREGATED","unpaired","xcell","Common lymphoid progenitor","Surgery",NA,7776,2,"C:/Users/lopesdelima.i/OneDrive - University of Florida/Gbadamosi Lab/Mohammed Gbadamosi/Gbadamosi_Lab_GitHub/CIMIC/oncoimmunology_paper/Results/nki_smc_immunodeconv_res/figures/AGGREGATED/unpaired/Unpaired_xcell_Surgery_Common_lymphoid_progenitor.png",TRUE,"saved",NA
"AGGREGATED","unpaired","xcell","Common myeloid progenitor","Biopsy",NA,7776,2,"C:/Users/lopesdelima.i/OneDrive - University of Florida/Gbadamosi Lab/Mohammed Gbadamosi/Gbadamosi_Lab_GitHub/CIMIC/oncoimmunology_paper/Results/nki_smc_immunodeconv_res/figures/AGGREGATED/unpaired/Unpaired_xcell_Biopsy_Common_myeloid_progenitor.png",TRUE,"saved",NA
"AGGREGATED","unpaired","xcell","Common myeloid progenitor","Surgery",NA,7776,2,"C:/Users/lopesdelima.i/OneDrive - University of Florida/Gbadamosi Lab/Mohammed Gbadamosi/Gbadamosi_Lab_GitHub/CIMIC/oncoimmunology_paper/Results/nki_smc_immunodeconv_res/figures/AGGREGATED/unpaired/Unpaired_xcell_Surgery_Common_myeloid_progenitor.png",TRUE,"saved",NA
"AGGREGATED","unpaired","xcell","Endothelial cell","Biopsy",NA,7776,2,"C:/Users/lopesdelima.i/OneDrive - University of Florida/Gbadamosi Lab/Mohammed Gbadamosi/Gbadamosi_Lab_GitHub/CIMIC/oncoimmunology_paper/Results/nki_smc_immunodeconv_res/figures/AGGREGATED/unpaired/Unpaired_xcell_Biopsy_Endothelial_cell.png",TRUE,"saved",NA
"AGGREGATED","unpaired","xcell","Endothelial cell","Surgery",NA,7776,2,"C:/Users/lopesdelima.i/OneDrive - University of Florida/Gbadamosi Lab/Mohammed Gbadamosi/Gbadamosi_Lab_GitHub/CIMIC/oncoimmunology_paper/Results/nki_smc_immunodeconv_res/figures/AGGREGATED/unpaired/Unpaired_xcell_Surgery_Endothelial_cell.png",TRUE,"saved",NA
"AGGREGATED","unpaired","xcell","Eosinophil","Biopsy",NA,7776,2,"C:/Users/lopesdelima.i/OneDrive - University of Florida/Gbadamosi Lab/Mohammed Gbadamosi/Gbadamosi_Lab_GitHub/CIMIC/oncoimmunology_paper/Results/nki_smc_immunodeconv_res/figures/AGGREGATED/unpaired/Unpaired_xcell_Biopsy_Eosinophil.png",TRUE,"saved",NA
"AGGREGATED","unpaired","xcell","Eosinophil","Surgery",NA,7776,2,"C:/Users/lopesdelima.i/OneDrive - University of Florida/Gbadamosi Lab/Mohammed Gbadamosi/Gbadamosi_Lab_GitHub/CIMIC/oncoimmunology_paper/Results/nki_smc_immunodeconv_res/figures/AGGREGATED/unpaired/Unpaired_xcell_Surgery_Eosinophil.png",TRUE,"saved",NA
"AGGREGATED","unpaired","xcell","Granulocyte-monocyte progenitor","Biopsy",NA,7776,2,"C:/Users/lopesdelima.i/OneDrive - University of Florida/Gbadamosi Lab/Mohammed Gbadamosi/Gbadamosi_Lab_GitHub/CIMIC/oncoimmunology_paper/Results/nki_smc_immunodeconv_res/figures/AGGREGATED/unpaired/Unpaired_xcell_Biopsy_Granulocyte_monocyte_progenitor.png",TRUE,"saved",NA
"AGGREGATED","unpaired","xcell","Granulocyte-monocyte progenitor","Surgery",NA,7776,2,"C:/Users/lopesdelima.i/OneDrive - University of Florida/Gbadamosi Lab/Mohammed Gbadamosi/Gbadamosi_Lab_GitHub/CIMIC/oncoimmunology_paper/Results/nki_smc_immunodeconv_res/figures/AGGREGATED/unpaired/Unpaired_xcell_Surgery_Granulocyte_monocyte_progenitor.png",TRUE,"saved",NA
"AGGREGATED","unpaired","xcell","Hematopoietic stem cell","Biopsy",NA,7776,2,"C:/Users/lopesdelima.i/OneDrive - University of Florida/Gbadamosi Lab/Mohammed Gbadamosi/Gbadamosi_Lab_GitHub/CIMIC/oncoimmunology_paper/Results/nki_smc_immunodeconv_res/figures/AGGREGATED/unpaired/Unpaired_xcell_Biopsy_Hematopoietic_stem_cell.png",TRUE,"saved",NA
"AGGREGATED","unpaired","xcell","Hematopoietic stem cell","Surgery",NA,7776,2,"C:/Users/lopesdelima.i/OneDrive - University of Florida/Gbadamosi Lab/Mohammed Gbadamosi/Gbadamosi_Lab_GitHub/CIMIC/oncoimmunology_paper/Results/nki_smc_immunodeconv_res/figures/AGGREGATED/unpaired/Unpaired_xcell_Surgery_Hematopoietic_stem_cell.png",TRUE,"saved",NA
"AGGREGATED","unpaired","xcell","Macrophage","Biopsy",NA,7776,2,"C:/Users/lopesdelima.i/OneDrive - University of Florida/Gbadamosi Lab/Mohammed Gbadamosi/Gbadamosi_Lab_GitHub/CIMIC/oncoimmunology_paper/Results/nki_smc_immunodeconv_res/figures/AGGREGATED/unpaired/Unpaired_xcell_Biopsy_Macrophage.png",TRUE,"saved",NA
"AGGREGATED","unpaired","xcell","Macrophage","Surgery",NA,7776,2,"C:/Users/lopesdelima.i/OneDrive - University of Florida/Gbadamosi Lab/Mohammed Gbadamosi/Gbadamosi_Lab_GitHub/CIMIC/oncoimmunology_paper/Results/nki_smc_immunodeconv_res/figures/AGGREGATED/unpaired/Unpaired_xcell_Surgery_Macrophage.png",TRUE,"saved",NA
"AGGREGATED","unpaired","xcell","Macrophage M1","Biopsy",NA,7776,2,"C:/Users/lopesdelima.i/OneDrive - University of Florida/Gbadamosi Lab/Mohammed Gbadamosi/Gbadamosi_Lab_GitHub/CIMIC/oncoimmunology_paper/Results/nki_smc_immunodeconv_res/figures/AGGREGATED/unpaired/Unpaired_xcell_Biopsy_Macrophage_M1.png",TRUE,"saved",NA
"AGGREGATED","unpaired","xcell","Macrophage M1","Surgery",NA,7776,2,"C:/Users/lopesdelima.i/OneDrive - University of Florida/Gbadamosi Lab/Mohammed Gbadamosi/Gbadamosi_Lab_GitHub/CIMIC/oncoimmunology_paper/Results/nki_smc_immunodeconv_res/figures/AGGREGATED/unpaired/Unpaired_xcell_Surgery_Macrophage_M1.png",TRUE,"saved",NA
"AGGREGATED","unpaired","xcell","Macrophage M2","Biopsy",NA,7776,2,"C:/Users/lopesdelima.i/OneDrive - University of Florida/Gbadamosi Lab/Mohammed Gbadamosi/Gbadamosi_Lab_GitHub/CIMIC/oncoimmunology_paper/Results/nki_smc_immunodeconv_res/figures/AGGREGATED/unpaired/Unpaired_xcell_Biopsy_Macrophage_M2.png",TRUE,"saved",NA
"AGGREGATED","unpaired","xcell","Macrophage M2","Surgery",NA,7776,2,"C:/Users/lopesdelima.i/OneDrive - University of Florida/Gbadamosi Lab/Mohammed Gbadamosi/Gbadamosi_Lab_GitHub/CIMIC/oncoimmunology_paper/Results/nki_smc_immunodeconv_res/figures/AGGREGATED/unpaired/Unpaired_xcell_Surgery_Macrophage_M2.png",TRUE,"saved",NA
"AGGREGATED","unpaired","xcell","Mast cell","Biopsy",NA,7776,2,"C:/Users/lopesdelima.i/OneDrive - University of Florida/Gbadamosi Lab/Mohammed Gbadamosi/Gbadamosi_Lab_GitHub/CIMIC/oncoimmunology_paper/Results/nki_smc_immunodeconv_res/figures/AGGREGATED/unpaired/Unpaired_xcell_Biopsy_Mast_cell.png",TRUE,"saved",NA
"AGGREGATED","unpaired","xcell","Mast cell","Surgery",NA,7776,2,"C:/Users/lopesdelima.i/OneDrive - University of Florida/Gbadamosi Lab/Mohammed Gbadamosi/Gbadamosi_Lab_GitHub/CIMIC/oncoimmunology_paper/Results/nki_smc_immunodeconv_res/figures/AGGREGATED/unpaired/Unpaired_xcell_Surgery_Mast_cell.png",TRUE,"saved",NA
"AGGREGATED","unpaired","xcell","Monocyte","Biopsy",NA,7776,2,"C:/Users/lopesdelima.i/OneDrive - University of Florida/Gbadamosi Lab/Mohammed Gbadamosi/Gbadamosi_Lab_GitHub/CIMIC/oncoimmunology_paper/Results/nki_smc_immunodeconv_res/figures/AGGREGATED/unpaired/Unpaired_xcell_Biopsy_Monocyte.png",TRUE,"saved",NA
"AGGREGATED","unpaired","xcell","Monocyte","Surgery",NA,7776,2,"C:/Users/lopesdelima.i/OneDrive - University of Florida/Gbadamosi Lab/Mohammed Gbadamosi/Gbadamosi_Lab_GitHub/CIMIC/oncoimmunology_paper/Results/nki_smc_immunodeconv_res/figures/AGGREGATED/unpaired/Unpaired_xcell_Surgery_Monocyte.png",TRUE,"saved",NA
"AGGREGATED","unpaired","xcell","Myeloid dendritic cell","Biopsy",NA,7776,2,"C:/Users/lopesdelima.i/OneDrive - University of Florida/Gbadamosi Lab/Mohammed Gbadamosi/Gbadamosi_Lab_GitHub/CIMIC/oncoimmunology_paper/Results/nki_smc_immunodeconv_res/figures/AGGREGATED/unpaired/Unpaired_xcell_Biopsy_Myeloid_dendritic_cell.png",TRUE,"saved",NA
"AGGREGATED","unpaired","xcell","Myeloid dendritic cell","Surgery",NA,7776,2,"C:/Users/lopesdelima.i/OneDrive - University of Florida/Gbadamosi Lab/Mohammed Gbadamosi/Gbadamosi_Lab_GitHub/CIMIC/oncoimmunology_paper/Results/nki_smc_immunodeconv_res/figures/AGGREGATED/unpaired/Unpaired_xcell_Surgery_Myeloid_dendritic_cell.png",TRUE,"saved",NA
"AGGREGATED","unpaired","xcell","Myeloid dendritic cell activated","Biopsy",NA,7776,2,"C:/Users/lopesdelima.i/OneDrive - University of Florida/Gbadamosi Lab/Mohammed Gbadamosi/Gbadamosi_Lab_GitHub/CIMIC/oncoimmunology_paper/Results/nki_smc_immunodeconv_res/figures/AGGREGATED/unpaired/Unpaired_xcell_Biopsy_Myeloid_dendritic_cell_activated.png",TRUE,"saved",NA
"AGGREGATED","unpaired","xcell","Myeloid dendritic cell activated","Surgery",NA,7776,2,"C:/Users/lopesdelima.i/OneDrive - University of Florida/Gbadamosi Lab/Mohammed Gbadamosi/Gbadamosi_Lab_GitHub/CIMIC/oncoimmunology_paper/Results/nki_smc_immunodeconv_res/figures/AGGREGATED/unpaired/Unpaired_xcell_Surgery_Myeloid_dendritic_cell_activated.png",TRUE,"saved",NA
"AGGREGATED","unpaired","xcell","NK cell","Biopsy",NA,7776,2,"C:/Users/lopesdelima.i/OneDrive - University of Florida/Gbadamosi Lab/Mohammed Gbadamosi/Gbadamosi_Lab_GitHub/CIMIC/oncoimmunology_paper/Results/nki_smc_immunodeconv_res/figures/AGGREGATED/unpaired/Unpaired_xcell_Biopsy_NK_cell.png",TRUE,"saved",NA
"AGGREGATED","unpaired","xcell","NK cell","Surgery",NA,7776,2,"C:/Users/lopesdelima.i/OneDrive - University of Florida/Gbadamosi Lab/Mohammed Gbadamosi/Gbadamosi_Lab_GitHub/CIMIC/oncoimmunology_paper/Results/nki_smc_immunodeconv_res/figures/AGGREGATED/unpaired/Unpaired_xcell_Surgery_NK_cell.png",TRUE,"saved",NA
"AGGREGATED","unpaired","xcell","Neutrophil","Biopsy",NA,7776,2,"C:/Users/lopesdelima.i/OneDrive - University of Florida/Gbadamosi Lab/Mohammed Gbadamosi/Gbadamosi_Lab_GitHub/CIMIC/oncoimmunology_paper/Results/nki_smc_immunodeconv_res/figures/AGGREGATED/unpaired/Unpaired_xcell_Biopsy_Neutrophil.png",TRUE,"saved",NA
"AGGREGATED","unpaired","xcell","Neutrophil","Surgery",NA,7776,2,"C:/Users/lopesdelima.i/OneDrive - University of Florida/Gbadamosi Lab/Mohammed Gbadamosi/Gbadamosi_Lab_GitHub/CIMIC/oncoimmunology_paper/Results/nki_smc_immunodeconv_res/figures/AGGREGATED/unpaired/Unpaired_xcell_Surgery_Neutrophil.png",TRUE,"saved",NA
"AGGREGATED","unpaired","xcell","Plasmacytoid dendritic cell","Biopsy",NA,7776,2,"C:/Users/lopesdelima.i/OneDrive - University of Florida/Gbadamosi Lab/Mohammed Gbadamosi/Gbadamosi_Lab_GitHub/CIMIC/oncoimmunology_paper/Results/nki_smc_immunodeconv_res/figures/AGGREGATED/unpaired/Unpaired_xcell_Biopsy_Plasmacytoid_dendritic_cell.png",TRUE,"saved",NA
"AGGREGATED","unpaired","xcell","Plasmacytoid dendritic cell","Surgery",NA,7776,2,"C:/Users/lopesdelima.i/OneDrive - University of Florida/Gbadamosi Lab/Mohammed Gbadamosi/Gbadamosi_Lab_GitHub/CIMIC/oncoimmunology_paper/Results/nki_smc_immunodeconv_res/figures/AGGREGATED/unpaired/Unpaired_xcell_Surgery_Plasmacytoid_dendritic_cell.png",TRUE,"saved",NA
"AGGREGATED","unpaired","xcell","T cell CD4+ (aggregated)","Biopsy",NA,7776,2,"C:/Users/lopesdelima.i/OneDrive - University of Florida/Gbadamosi Lab/Mohammed Gbadamosi/Gbadamosi_Lab_GitHub/CIMIC/oncoimmunology_paper/Results/nki_smc_immunodeconv_res/figures/AGGREGATED/unpaired/Unpaired_xcell_Biopsy_T_cell_CD4_aggregated_.png",TRUE,"saved",NA
"AGGREGATED","unpaired","xcell","T cell CD4+ (aggregated)","Surgery",NA,7776,2,"C:/Users/lopesdelima.i/OneDrive - University of Florida/Gbadamosi Lab/Mohammed Gbadamosi/Gbadamosi_Lab_GitHub/CIMIC/oncoimmunology_paper/Results/nki_smc_immunodeconv_res/figures/AGGREGATED/unpaired/Unpaired_xcell_Surgery_T_cell_CD4_aggregated_.png",TRUE,"saved",NA
"AGGREGATED","unpaired","xcell","T cell CD8+ (aggregated)","Biopsy",NA,7776,2,"C:/Users/lopesdelima.i/OneDrive - University of Florida/Gbadamosi Lab/Mohammed Gbadamosi/Gbadamosi_Lab_GitHub/CIMIC/oncoimmunology_paper/Results/nki_smc_immunodeconv_res/figures/AGGREGATED/unpaired/Unpaired_xcell_Biopsy_T_cell_CD8_aggregated_.png",TRUE,"saved",NA
"AGGREGATED","unpaired","xcell","T cell CD8+ (aggregated)","Surgery",NA,7776,2,"C:/Users/lopesdelima.i/OneDrive - University of Florida/Gbadamosi Lab/Mohammed Gbadamosi/Gbadamosi_Lab_GitHub/CIMIC/oncoimmunology_paper/Results/nki_smc_immunodeconv_res/figures/AGGREGATED/unpaired/Unpaired_xcell_Surgery_T_cell_CD8_aggregated_.png",TRUE,"saved",NA
"AGGREGATED","unpaired","xcell","T cell NK","Biopsy",NA,7776,2,"C:/Users/lopesdelima.i/OneDrive - University of Florida/Gbadamosi Lab/Mohammed Gbadamosi/Gbadamosi_Lab_GitHub/CIMIC/oncoimmunology_paper/Results/nki_smc_immunodeconv_res/figures/AGGREGATED/unpaired/Unpaired_xcell_Biopsy_T_cell_NK.png",TRUE,"saved",NA
"AGGREGATED","unpaired","xcell","T cell NK","Surgery",NA,7776,2,"C:/Users/lopesdelima.i/OneDrive - University of Florida/Gbadamosi Lab/Mohammed Gbadamosi/Gbadamosi_Lab_GitHub/CIMIC/oncoimmunology_paper/Results/nki_smc_immunodeconv_res/figures/AGGREGATED/unpaired/Unpaired_xcell_Surgery_T_cell_NK.png",TRUE,"saved",NA
"AGGREGATED","unpaired","xcell","T cell gamma delta","Biopsy",NA,7776,2,"C:/Users/lopesdelima.i/OneDrive - University of Florida/Gbadamosi Lab/Mohammed Gbadamosi/Gbadamosi_Lab_GitHub/CIMIC/oncoimmunology_paper/Results/nki_smc_immunodeconv_res/figures/AGGREGATED/unpaired/Unpaired_xcell_Biopsy_T_cell_gamma_delta.png",TRUE,"saved",NA
"AGGREGATED","unpaired","xcell","T cell gamma delta","Surgery",NA,7776,2,"C:/Users/lopesdelima.i/OneDrive - University of Florida/Gbadamosi Lab/Mohammed Gbadamosi/Gbadamosi_Lab_GitHub/CIMIC/oncoimmunology_paper/Results/nki_smc_immunodeconv_res/figures/AGGREGATED/unpaired/Unpaired_xcell_Surgery_T_cell_gamma_delta.png",TRUE,"saved",NA
"AGGREGATED","unpaired","xcell","T cell regulatory (Tregs)","Biopsy",NA,7776,2,"C:/Users/lopesdelima.i/OneDrive - University of Florida/Gbadamosi Lab/Mohammed Gbadamosi/Gbadamosi_Lab_GitHub/CIMIC/oncoimmunology_paper/Results/nki_smc_immunodeconv_res/figures/AGGREGATED/unpaired/Unpaired_xcell_Biopsy_T_cell_regulatory_Tregs_.png",TRUE,"saved",NA
"AGGREGATED","unpaired","xcell","T cell regulatory (Tregs)","Surgery",NA,7776,2,"C:/Users/lopesdelima.i/OneDrive - University of Florida/Gbadamosi Lab/Mohammed Gbadamosi/Gbadamosi_Lab_GitHub/CIMIC/oncoimmunology_paper/Results/nki_smc_immunodeconv_res/figures/AGGREGATED/unpaired/Unpaired_xcell_Surgery_T_cell_regulatory_Tregs_.png",TRUE,"saved",NA
"AGGREGATED","unpaired","xcell","immune score","Biopsy",NA,7776,2,"C:/Users/lopesdelima.i/OneDrive - University of Florida/Gbadamosi Lab/Mohammed Gbadamosi/Gbadamosi_Lab_GitHub/CIMIC/oncoimmunology_paper/Results/nki_smc_immunodeconv_res/figures/AGGREGATED/unpaired/Unpaired_xcell_Biopsy_immune_score.png",TRUE,"saved",NA
"AGGREGATED","unpaired","xcell","immune score","Surgery",NA,7776,2,"C:/Users/lopesdelima.i/OneDrive - University of Florida/Gbadamosi Lab/Mohammed Gbadamosi/Gbadamosi_Lab_GitHub/CIMIC/oncoimmunology_paper/Results/nki_smc_immunodeconv_res/figures/AGGREGATED/unpaired/Unpaired_xcell_Surgery_immune_score.png",TRUE,"saved",NA
"AGGREGATED","unpaired","xcell","microenvironment score","Biopsy",NA,7776,2,"C:/Users/lopesdelima.i/OneDrive - University of Florida/Gbadamosi Lab/Mohammed Gbadamosi/Gbadamosi_Lab_GitHub/CIMIC/oncoimmunology_paper/Results/nki_smc_immunodeconv_res/figures/AGGREGATED/unpaired/Unpaired_xcell_Biopsy_microenvironment_score.png",TRUE,"saved",NA
"AGGREGATED","unpaired","xcell","microenvironment score","Surgery",NA,7776,2,"C:/Users/lopesdelima.i/OneDrive - University of Florida/Gbadamosi Lab/Mohammed Gbadamosi/Gbadamosi_Lab_GitHub/CIMIC/oncoimmunology_paper/Results/nki_smc_immunodeconv_res/figures/AGGREGATED/unpaired/Unpaired_xcell_Surgery_microenvironment_score.png",TRUE,"saved",NA
"AGGREGATED","unpaired","xcell","stroma score","Biopsy",NA,7776,2,"C:/Users/lopesdelima.i/OneDrive - University of Florida/Gbadamosi Lab/Mohammed Gbadamosi/Gbadamosi_Lab_GitHub/CIMIC/oncoimmunology_paper/Results/nki_smc_immunodeconv_res/figures/AGGREGATED/unpaired/Unpaired_xcell_Biopsy_stroma_score.png",TRUE,"saved",NA
"AGGREGATED","unpaired","xcell","stroma score","Surgery",NA,7776,2,"C:/Users/lopesdelima.i/OneDrive - University of Florida/Gbadamosi Lab/Mohammed Gbadamosi/Gbadamosi_Lab_GitHub/CIMIC/oncoimmunology_paper/Results/nki_smc_immunodeconv_res/figures/AGGREGATED/unpaired/Unpaired_xcell_Surgery_stroma_score.png",TRUE,"saved",NA
