"Method","Cell_Type","Timepoint","test","p_value","FDR","n_clusters","note","Dys-CIM_n","Fun-CIM_n","Dys-CIM_mean","Fun-CIM_mean","Dys-CIM_sd","Fun-CIM_sd"
"CIBERSORTx","B cells memory","Biopsy","wilcox_rank_sum",0.902523250177679,1,2,NA,9,10,0.0320086999498689,0.0407034455601453,0.0253212782225979,0.0539950089542061
"CIBERSORTx","B cells naive","Biopsy","wilcox_rank_sum",0.133698900382488,0.97332032972522,2,NA,9,10,0.00173783019977957,0.00635000523586909,0.00386850532264762,0.0103647599796921
"CIBERSORTx","Dendritic cells activated","Biopsy","wilcox_rank_sum",0.916112144802164,1,2,NA,9,10,0.00400880244797409,0.00212958457068292,0.00932849352648805,0.0056545934362802
"CIBERSORTx","Dendritic cells resting","Biopsy","wilcox_rank_sum",0.59561089947573,0.97332032972522,2,NA,9,10,0.0317947288246626,0.0157990498971566,0.0452517481561233,0.00677289440816101
"CIBERSORTx","Eosinophils","Biopsy","wilcox_rank_sum",0.813556658028305,0.994853851974387,2,NA,9,10,0.00450064883802285,0.00164698926062644,0.0115824134471604,0.00270835694175351
"CIBERSORTx","Macrophages M0","Biopsy","wilcox_rank_sum",0.485748834976158,0.97332032972522,2,NA,9,10,0.0959653223230137,0.0262824029964707,0.131904201482109,0.0286377595939391
"CIBERSORTx","Macrophages M1","Biopsy","wilcox_rank_sum",0.205667179617355,0.97332032972522,2,NA,9,10,0.0648620171499776,0.0913081536579127,0.0314775648463738,0.0439071537697835
"CIBERSORTx","Macrophages M2","Biopsy","wilcox_rank_sum",0.54029137460742,0.97332032972522,2,NA,9,10,0.226123528867466,0.258404789586223,0.0842242068308166,0.0923161493027123
"CIBERSORTx","Mast cells activated","Biopsy","wilcox_rank_sum",0.651949338618715,0.97332032972522,2,NA,9,10,0.0293253648412518,0.0395685356813557,0.0400269554324262,0.0612334678902268
"CIBERSORTx","Mast cells resting","Biopsy","wilcox_rank_sum",0.343476943858725,0.97332032972522,2,NA,9,10,0.0686152792412543,0.0470645853824595,0.0587886962895994,0.0611554833179228
"CIBERSORTx","Monocytes","Biopsy","wilcox_rank_sum",0.345496347757784,0.97332032972522,2,NA,9,10,0.0114157204872485,0.00282199350206825,0.0171208218330656,0.00680432661931551
"CIBERSORTx","NK cells activated","Biopsy","wilcox_rank_sum",1,1,2,NA,9,10,0.068271314956583,0.0684411989105338,0.0483661052789207,0.0384656384312757
"CIBERSORTx","NK cells resting","Biopsy","wilcox_rank_sum",0.330554543864976,0.97332032972522,2,NA,9,10,0.00424933741367959,0.0039306116189758,0.00835656942601006,0.0124296853134854
"CIBERSORTx","Neutrophils","Biopsy","wilcox_rank_sum",0.391267279282639,0.97332032972522,2,NA,9,10,0.0165324057319739,0.0196309571587503,0.0104021495716615,0.00990844839793722
"CIBERSORTx","Plasma cells","Biopsy","wilcox_rank_sum",0.390434615842279,0.97332032972522,2,NA,9,10,0.0100741848679454,0.00455328796949568,0.0119354102851372,0.00691017352272383
"CIBERSORTx","T cells CD4+ (general)","Biopsy","wilcox_rank_sum",0.391267279282639,0.97332032972522,2,NA,9,10,0.133751859420225,0.161748997398754,0.0790989193896135,0.0701860164903687
"CIBERSORTx","T cells CD8+ (total)","Biopsy","wilcox_rank_sum",0.775051373670082,0.97332032972522,2,NA,9,10,0.134773402446421,0.124113765724268,0.0645126680774966,0.0433888724467584
"CIBERSORTx","T cells follicular helper","Biopsy","wilcox_rank_sum",0.452982008051273,0.97332032972522,2,NA,9,10,0.016616628895899,0.0179057530432559,0.0404011162192447,0.0280868947396161
"CIBERSORTx","T cells gamma delta","Biopsy","wilcox_rank_sum",0.435922949545335,0.97332032972522,2,NA,9,10,0.0451732163777004,0.0674327603248012,0.0464257642828335,0.0611918909260063
"CIBERSORTx","T cells regulatory (Tregs)","Biopsy","wilcox_rank_sum",0.938959222325739,1,2,NA,9,10,0.000199706719053194,0.000163132520194833,0.000599120157159583,0.000515870324259087
"consensus_tme","B cell","Biopsy","wilcox_rank_sum",0.487668353458931,0.97332032972522,2,NA,9,10,0.520957770411871,0.502743784127511,0.137865964001995,0.185609868697785
"consensus_tme","Cancer associated fibroblast","Biopsy","wilcox_rank_sum",0.967435545139537,1,2,NA,9,10,0.762235094128017,0.802120017106023,0.201747304767618,0.0940548895502118
"consensus_tme","Endothelial cell","Biopsy","wilcox_rank_sum",0.27034414065478,0.97332032972522,2,NA,9,10,0.764762226957712,0.840034997886561,0.19337704266355,0.0728773113998747
"consensus_tme","Eosinophil","Biopsy","wilcox_rank_sum",0.967435545139537,1,2,NA,9,10,0.868281239662747,0.871797934094306,0.14201144276621,0.150507494478483
"consensus_tme","Macrophage","Biopsy","wilcox_rank_sum",0.59561089947573,0.97332032972522,2,NA,9,10,0.81099113216097,0.803410781120155,0.203988769221455,0.132324828446951
"consensus_tme","Macrophage M1","Biopsy","wilcox_rank_sum",0.775051373670082,0.97332032972522,2,NA,9,10,0.817733436755322,0.829330255892747,0.225181126524825,0.127518596555547
"consensus_tme","Macrophage M2","Biopsy","wilcox_rank_sum",0.838256486385826,0.994853851974387,2,NA,9,10,0.922695387969558,0.936893439001001,0.183275824131008,0.125788025734028
"consensus_tme","Mast cell","Biopsy","wilcox_rank_sum",0.775051373670082,0.97332032972522,2,NA,9,10,0.792138989584595,0.820113862869257,0.178692778970036,0.156007518428565
"consensus_tme","Monocyte","Biopsy","wilcox_rank_sum",0.59561089947573,0.97332032972522,2,NA,9,10,0.747069810049219,0.719673535726888,0.145606449183592,0.142132237529891
"consensus_tme","Myeloid dendritic cell","Biopsy","wilcox_rank_sum",1,1,2,NA,9,10,0.745600929185414,0.755505456347533,0.184751280282454,0.125830251431579
"consensus_tme","NK cell","Biopsy","wilcox_rank_sum",0.967435545139537,1,2,NA,9,10,0.608353356754136,0.637754119056495,0.256486166899785,0.187994248964111
"consensus_tme","Neutrophil","Biopsy","wilcox_rank_sum",0.713303173878458,0.97332032972522,2,NA,9,10,0.67145537485928,0.651050643470546,0.152714982972501,0.139871287083548
"consensus_tme","T cell CD4+","Biopsy","wilcox_rank_sum",1,1,2,NA,9,10,0.708374192825816,0.705229633705723,0.150303008323623,0.153798146425177
"consensus_tme","T cell CD8+","Biopsy","wilcox_rank_sum",1,1,2,NA,9,10,0.688001060931376,0.69473871124763,0.174296493318236,0.163654817645614
"consensus_tme","T cell gamma delta","Biopsy","wilcox_rank_sum",0.967435545139537,1,2,NA,9,10,0.676950302582077,0.691132398204461,0.201179310215456,0.182228835629364
"consensus_tme","T cell regulatory (Tregs)","Biopsy","wilcox_rank_sum",0.713303173878458,0.97332032972522,2,NA,9,10,0.707117790406944,0.681098438825702,0.1557814334598,0.170840724299966
"consensus_tme","cytotoxicity score","Biopsy","wilcox_rank_sum",0.653378910693694,0.97332032972522,2,NA,9,10,0.682986289732938,0.730594171836914,0.229385851115976,0.187381441185015
"consensus_tme","immune score","Biopsy","wilcox_rank_sum",0.902523250177679,1,2,NA,9,10,0.699968045055519,0.690241011646956,0.148898234518967,0.14508281229122
"epic","B cell","Biopsy","wilcox_rank_sum",0.838256486385826,0.994853851974387,2,NA,9,10,0.00969742370546134,0.0182394482449923,0.0153100644740617,0.0447593563355179
"epic","Cancer associated fibroblast","Biopsy","wilcox_rank_sum",0.177909594986983,0.97332032972522,2,NA,9,10,0.161129277018072,0.0692488391852625,0.130272244849931,0.0654824153764539
"epic","Endothelial cell","Biopsy","wilcox_rank_sum",0.775051373670082,0.97332032972522,2,NA,9,10,0.0164817984159713,0.0124797886363227,0.0141702204018366,0.00794052617811643
"epic","Macrophage","Biopsy","wilcox_rank_sum",0.347745598910698,0.97332032972522,2,NA,9,10,0.0189541029948409,0.0127920250206504,0.0174138542673756,0.0116383084069684
"epic","NK cell","Biopsy","wilcox_rank_sum",0.307434165927395,0.97332032972522,2,NA,9,10,0.00302295668995351,0.000995229782718612,0.00461028200889807,0.00199286338635287
"epic","T cell CD4+","Biopsy","wilcox_rank_sum",0.487668353458931,0.97332032972522,2,NA,9,10,0.0369864584477118,0.0359805283314016,0.0207728406798812,0.0404324320036546
"epic","T cell CD8+","Biopsy","wilcox_rank_sum",0.15304188415882,0.97332032972522,2,NA,9,10,0.00439777489528807,0.00757317186453379,0.00624082673369917,0.00647904889163239
"epic","uncharacterized cell","Biopsy","wilcox_rank_sum",0.0661925797221934,0.97332032972522,2,NA,9,10,0.749330207832701,0.842690968934118,0.136299208911142,0.104054778648648
"estimate","ESTIMATEScore","Biopsy","wilcox_rank_sum",0.775051373670082,0.97332032972522,2,NA,9,10,2956.67201043665,2891.22981218744,1547.47321429495,1162.86236952986
"estimate","ImmuneScore","Biopsy","wilcox_rank_sum",0.902523250177679,1,2,NA,9,10,1942.82614329569,1820.05995003422,722.948938016706,821.816838176755
"estimate","StromalScore","Biopsy","wilcox_rank_sum",0.54029137460742,0.97332032972522,2,NA,9,10,1013.84586714095,1071.16986215322,1052.64250711009,538.052023303611
"estimate","TumorPurity","Biopsy","wilcox_rank_sum",0.775051373670082,0.97332032972522,2,NA,9,10,0.493189483758619,0.508451866542689,0.167351490997813,0.142944054808587
"mcp_counter","B cell","Biopsy","wilcox_rank_sum",0.713303173878458,0.97332032972522,2,NA,9,10,22.2507809876543,28.1964291111111,28.7604053752438,51.1781595362948
"mcp_counter","Cancer associated fibroblast","Biopsy","wilcox_rank_sum",0.177909594986983,0.97332032972522,2,NA,9,10,558.325871666667,287.306406125,411.619441860158,235.46825947226
"mcp_counter","Endothelial cell","Biopsy","wilcox_rank_sum",0.27034414065478,0.97332032972522,2,NA,9,10,7.12539864583333,5.248344609375,4.33964124076436,2.72727193899063
"mcp_counter","Macrophage/Monocyte","Biopsy","wilcox_rank_sum",0.487668353458931,0.97332032972522,2,NA,9,10,19.3233179365079,14.2979162857143,13.7246794706289,10.8487291280353
"mcp_counter","Monocyte","Biopsy","wilcox_rank_sum",0.487668353458931,0.97332032972522,2,NA,9,10,19.3233179365079,14.2979162857143,13.7246794706289,10.8487291280353
"mcp_counter","Myeloid dendritic cell","Biopsy","wilcox_rank_sum",0.307434165927395,0.97332032972522,2,NA,9,10,5.5645612962963,4.793544,1.94079660651736,3.85431026232242
"mcp_counter","NK cell","Biopsy","wilcox_rank_sum",0.487668353458931,0.97332032972522,2,NA,9,10,0.549761388888889,0.5343465,0.604061565698141,0.755287577465163
"mcp_counter","Neutrophil","Biopsy","wilcox_rank_sum",0.0941663754378798,0.97332032972522,2,NA,9,10,9.89882484126984,5.79435978571429,5.84613843693021,2.73000292731287
"mcp_counter","T cell","Biopsy","wilcox_rank_sum",0.0941663754378798,0.97332032972522,2,NA,9,10,12.6888205925926,7.34799,9.54899999511938,10.4606830939415
"mcp_counter","T cell CD8+","Biopsy","wilcox_rank_sum",0.15304188415882,0.97332032972522,2,NA,9,10,2.69854444444444,1.728471,2.51186880285929,2.45660353328398
"mcp_counter","cytotoxicity score","Biopsy","wilcox_rank_sum",0.487668353458931,0.97332032972522,2,NA,9,10,13.1507396825397,9.56849242857143,14.8063163779144,11.1418176404898
"quantiseq","B cell","Biopsy","wilcox_rank_sum",0.59561089947573,0.97332032972522,2,NA,9,10,0.00788874592875145,0.0114832448608857,0.00546741341481669,0.020701019581569
"quantiseq","Macrophage M1","Biopsy","wilcox_rank_sum",0.0290395403290796,0.97332032972522,2,NA,9,10,0.0177332508419618,0.00572933169908616,0.0254253388882304,0.00896928717447748
"quantiseq","Macrophage M2","Biopsy","wilcox_rank_sum",0.902523250177679,1,2,NA,9,10,0.0705964321646495,0.0882415850876884,0.0314291884053531,0.0896166846150397
"quantiseq","Monocyte","Biopsy","wilcox_rank_sum",0.342781711147911,0.97332032972522,2,NA,9,10,0.00101941163532101,0,0.00305823490596304,0
"quantiseq","Myeloid dendritic cell","Biopsy","wilcox_rank_sum",0.342781711147911,0.97332032972522,2,NA,9,10,0.00144458152129133,0,0.004333744563874,0
"quantiseq","NK cell","Biopsy","wilcox_rank_sum",0.27034414065478,0.97332032972522,2,NA,9,10,0.00282235512170403,0.00161749318640301,0.00219828633518101,0.00116262349578983
"quantiseq","Neutrophil","Biopsy","wilcox_rank_sum",0.769474405750435,0.97332032972522,2,NA,9,10,0.0117809247047936,0.0155207113898761,0.0159377958323199,0.035399329168658
"quantiseq","T cell CD4+ (non-regulatory)","Biopsy","wilcox_rank_sum",0.71237892954897,0.97332032972522,2,NA,9,10,0.00123606977736004,0.00612247007305406,0.00261268460550119,0.0182240594508296
"quantiseq","T cell CD8+","Biopsy","wilcox_rank_sum",0.15304188415882,0.97332032972522,2,NA,9,10,0.0168892710925809,0.0147163291045615,0.0206229591162431,0.025578331604462
"quantiseq","T cell regulatory (Tregs)","Biopsy","wilcox_rank_sum",0.0247446720463989,0.97332032972522,2,NA,9,10,0.0139543663870935,0.00609179148991021,0.00985508640626423,0.00462333131633759
"quantiseq","uncharacterized cell","Biopsy","wilcox_rank_sum",0.236444715572304,0.97332032972522,2,NA,9,10,0.854634590824493,0.850477043108535,0.0527916526431987,0.140227634232585
"timer","B cell","Biopsy","wilcox_rank_sum",0.775051373670082,0.97332032972522,2,NA,9,10,0.0936884229737642,0.106797156410875,0.0237412762490353,0.0379231020542773
"timer","Macrophage","Biopsy","wilcox_rank_sum",0.0941663754378798,0.97332032972522,2,NA,9,10,0.0757036650031377,0.0569501810603007,0.0329956104085472,0.0640640591388493
"timer","Myeloid dendritic cell","Biopsy","wilcox_rank_sum",0.838256486385826,0.994853851974387,2,NA,9,10,0.501456608278265,0.500371883951899,0.0440918339808689,0.0668146603674041
"timer","Neutrophil","Biopsy","wilcox_rank_sum",0.0941663754378798,0.97332032972522,2,NA,9,10,0.134139378554482,0.119534582905336,0.0213684731192993,0.0235035126330316
"timer","T cell CD4+","Biopsy","wilcox_rank_sum",0.130911127896291,0.97332032972522,2,NA,9,10,0.127701768378593,0.10095924698176,0.0466336402739201,0.0379766358448153
"timer","T cell CD8+","Biopsy","wilcox_rank_sum",0.713303173878458,0.97332032972522,2,NA,9,10,0.205931949880103,0.2319018447992,0.0711098808087071,0.0888048433134826
"xcell","B cell","Biopsy","wilcox_rank_sum",0.364750550995853,0.97332032972522,2,NA,9,10,0.0215452036697217,0.0580535627007903,0.0443791646079704,0.154927657082097
"xcell","B cell memory","Biopsy","wilcox_rank_sum",0.645138188345974,0.97332032972522,2,NA,9,10,0.00586618402588729,0.0188261026217513,0.0175985520776619,0.0521589888624777
"xcell","B cell naive","Biopsy","wilcox_rank_sum",0.463124269041701,0.97332032972522,2,NA,9,10,0.0025275554152871,0.00399733922633778,0.00502438630017107,0.0121288034229038
"xcell","B cell plasma","Biopsy","wilcox_rank_sum",0.965574364759781,1,2,NA,9,10,0.00944800922056505,0.0147811047387247,0.0154522109577248,0.0250726488766134
"xcell","Cancer associated fibroblast","Biopsy","wilcox_rank_sum",0.902523250177679,1,2,NA,9,10,0.198341024654325,0.183119131909815,0.134282338067612,0.0973600341736818
"xcell","Class-switched memory B cell","Biopsy","wilcox_rank_sum",0.773106341852418,0.97332032972522,2,NA,9,10,0.0112078615943679,0.0338603288227279,0.0204442752380502,0.0809065233215643
"xcell","Common lymphoid progenitor","Biopsy","wilcox_rank_sum",0.593987938236247,0.97332032972522,2,NA,9,10,0.00339066720491798,0.00393264469535169,0.00488487153036972,0.00305113225116449
"xcell","Common myeloid progenitor","Biopsy","wilcox_rank_sum",0.435922949545335,0.97332032972522,2,NA,9,10,0.0199784546102302,0.00891345010164107,0.0251083934800079,0.0105885769034305
"xcell","Endothelial cell","Biopsy","wilcox_rank_sum",0.437942822899974,0.97332032972522,2,NA,9,10,0.0762154802988906,0.0865154242313181,0.0680390456737612,0.0344363278848941
"xcell","Eosinophil","Biopsy","wilcox_rank_sum",0.295260264702122,0.97332032972522,2,NA,9,10,0.00289533859189753,0.000000000000000000903447381014266,0.00446071223149092,0.000000000000000000998631896522443
"xcell","Granulocyte-monocyte progenitor","Biopsy","wilcox_rank_sum",0.347745598910698,0.97332032972522,2,NA,9,10,0.0663450786725832,0.0726429085080903,0.0658773640635671,0.0463711220938815
"xcell","Hematopoietic stem cell","Biopsy","wilcox_rank_sum",0.27034414065478,0.97332032972522,2,NA,9,10,0.356572773633479,0.497830975628177,0.30979696722584,0.255616913189197
"xcell","Macrophage","Biopsy","wilcox_rank_sum",0.774955307165551,0.97332032972522,2,NA,9,10,0.0487261332254554,0.0500602544619572,0.0528941215834608,0.0494327947631575
"xcell","Macrophage M1","Biopsy","wilcox_rank_sum",0.713303173878458,0.97332032972522,2,NA,9,10,0.0514327596813746,0.0357358042633987,0.0528814415659673,0.0302039711658592
"xcell","Macrophage M2","Biopsy","wilcox_rank_sum",0.967435545139537,1,2,NA,9,10,0.0190326200207642,0.0326211708371509,0.0123478571675063,0.046016038703786
"xcell","Mast cell","Biopsy","wilcox_rank_sum",1,1,2,NA,9,10,0.00332238560638609,0.00440787683304873,0.0056440882530501,0.00921871262516577
"xcell","Monocyte","Biopsy","wilcox_rank_sum",0.433881574794695,0.97332032972522,2,NA,9,10,0.0121176462553139,0.00498131059533238,0.0279882129797264,0.0120010925659618
"xcell","Myeloid dendritic cell","Biopsy","wilcox_rank_sum",0.59561089947573,0.97332032972522,2,NA,9,10,0.0326327694400537,0.030004897410044,0.0275496062371377,0.0401578480969175
"xcell","Myeloid dendritic cell activated","Biopsy","wilcox_rank_sum",0.775051373670082,0.97332032972522,2,NA,9,10,0.772627846977983,0.795689071373101,0.397303531858787,0.178337938222802
"xcell","NK cell","Biopsy","wilcox_rank_sum",0.773106341852418,0.97332032972522,2,NA,9,10,0.0129476770331174,0.0156700120352702,0.0260846572580675,0.0343489431545111
"xcell","Neutrophil","Biopsy","wilcox_rank_sum",0.286364033842911,0.97332032972522,2,NA,9,10,0.00908024819114117,0.00317220409181695,0.0111641092248298,0.00586824883701062
"xcell","Plasmacytoid dendritic cell","Biopsy","wilcox_rank_sum",0.5747471597194,0.97332032972522,2,NA,9,10,0.0184201192697902,0.0244641423170678,0.0339025638221203,0.0486868733593642
"xcell","T cell CD4+ (aggregated)","Biopsy","wilcox_rank_sum",0.967435545139537,1,2,NA,9,10,0.177024987962715,0.205389401901358,0.164442874397098,0.216340721691492
"xcell","T cell CD8+ (aggregated)","Biopsy","wilcox_rank_sum",0.775051373670082,0.97332032972522,2,NA,9,10,0.119994519493634,0.154932418793208,0.184494529653196,0.267845386848447
"xcell","T cell NK","Biopsy","wilcox_rank_sum",0.379299676485723,0.97332032972522,2,NA,9,10,0.00948471296105788,0.00444701693089228,0.0172396547097547,0.00974828530985575
"xcell","T cell gamma delta","Biopsy","wilcox_rank_sum",0.1150901699032,0.97332032972522,2,NA,9,10,0.00171420084705371,0.00328868319510389,0.00383374444937822,0.0103997293992482
"xcell","T cell regulatory (Tregs)","Biopsy","wilcox_rank_sum",0.396243326567862,0.97332032972522,2,NA,9,10,0.0192223634593612,0.00963725444744568,0.0323351704459616,0.0221075832515125
"xcell","immune score","Biopsy","wilcox_rank_sum",0.54029137460742,0.97332032972522,2,NA,9,10,0.124448393565718,0.145562135863269,0.132061960216,0.256006871242304
"xcell","microenvironment score","Biopsy","wilcox_rank_sum",0.713303173878458,0.97332032972522,2,NA,9,10,0.27719023184497,0.305645286038107,0.144976094618795,0.263613315352176
"xcell","stroma score","Biopsy","wilcox_rank_sum",0.775051373670082,0.97332032972522,2,NA,9,10,0.152741838279251,0.160083150174839,0.119287456652553,0.0913347745308392
"CIBERSORTx","B cells memory","Surgery","wilcox_rank_sum",0.27034414065478,0.97332032972522,2,NA,9,10,0.055819352171018,0.0486602086386996,0.0255837510677951,0.0503083861008866
"CIBERSORTx","B cells naive","Surgery","wilcox_rank_sum",0.729062444324521,0.97332032972522,2,NA,9,10,0.00258185939142491,0.00127989301493353,0.00476571757869065,0.00245147805972593
"CIBERSORTx","Dendritic cells activated","Surgery","wilcox_rank_sum",0.520052768121535,0.97332032972522,2,NA,9,10,0.00498475249339188,0.00239923240679317,0.014257623872548,0.00458585863276769
"CIBERSORTx","Dendritic cells resting","Surgery","wilcox_rank_sum",0.0450769820711791,0.97332032972522,2,NA,9,10,0.0303321226187779,0.0115019746108845,0.0222372892091424,0.00959811210800914
"CIBERSORTx","Eosinophils","Surgery","wilcox_rank_sum",0.342781711147911,0.97332032972522,2,NA,9,10,0.000331508618133953,0,0.00099452585440186,0
"CIBERSORTx","Macrophages M0","Surgery","wilcox_rank_sum",0.901661154511435,1,2,NA,9,10,0.0272982779041778,0.0661848605169437,0.0246692143937236,0.13250348225476
"CIBERSORTx","Macrophages M1","Surgery","wilcox_rank_sum",0.055013832353979,0.97332032972522,2,NA,9,10,0.11360196587839,0.086049327333948,0.0291962341623671,0.0270447926944413
"CIBERSORTx","Macrophages M2","Surgery","wilcox_rank_sum",0.347745598910698,0.97332032972522,2,NA,9,10,0.255331937491467,0.235039615402989,0.0372575238859435,0.0576315935515184
"CIBERSORTx","Mast cells activated","Surgery","wilcox_rank_sum",0.269763592896343,0.97332032972522,2,NA,9,10,0.0148515079143242,0.0223895262997614,0.0335516585160602,0.0262767691810476
"CIBERSORTx","Mast cells resting","Surgery","wilcox_rank_sum",0.835750834931409,0.994853851974387,2,NA,9,10,0.0746660764314417,0.0744375932218479,0.0786864562034006,0.0824177695444081
"CIBERSORTx","Monocytes","Surgery","wilcox_rank_sum",0.34713797075308,0.97332032972522,2,NA,9,10,0.000777718158561167,0.00561524702601059,0.00177311856315991,0.00924146154004693
"CIBERSORTx","NK cells activated","Surgery","wilcox_rank_sum",0.0941663754378798,0.97332032972522,2,NA,9,10,0.0568405545981766,0.0857651967460871,0.0336425284418781,0.035885143761173
"CIBERSORTx","NK cells resting","Surgery","wilcox_rank_sum",0.607148751367279,0.97332032972522,2,NA,9,10,0.0023363360612519,0.00227900781499446,0.00535423323105429,0.00720685550070613
"CIBERSORTx","Neutrophils","Surgery","wilcox_rank_sum",0.347745598910698,0.97332032972522,2,NA,9,10,0.0199408102108619,0.0168300666578308,0.0048791675014652,0.00913768237244629
"CIBERSORTx","Plasma cells","Surgery","wilcox_rank_sum",0.868262921435231,1,2,NA,9,10,0.00399234285477067,0.00405598963787712,0.00527177307621781,0.00451650846418997
"CIBERSORTx","T cells CD4+ (general)","Surgery","wilcox_rank_sum",0.11134688653314,0.97332032972522,2,NA,9,10,0.181995983438818,0.126637975415804,0.0604633149363623,0.0583854334463041
"CIBERSORTx","T cells CD8+ (total)","Surgery","wilcox_rank_sum",0.27034414065478,0.97332032972522,2,NA,9,10,0.0988774561464363,0.131567439011888,0.0252008592997274,0.0652550136969487
"CIBERSORTx","T cells follicular helper","Surgery","wilcox_rank_sum",0.255907779437825,0.97332032972522,2,NA,9,10,0.00574163325036197,0.0102603667128973,0.0120326232443013,0.0234926381738917
"CIBERSORTx","T cells gamma delta","Surgery","wilcox_rank_sum",0.462236310411186,0.97332032972522,2,NA,9,10,0.0496978043682136,0.0657053068329913,0.0371310745503812,0.0509360900860209
"CIBERSORTx","T cells regulatory (Tregs)","Surgery","wilcox_rank_sum",0.399075196548237,0.97332032972522,2,NA,9,10,0,0.00334117269681898,0,0.0105657157779152
"consensus_tme","B cell","Surgery","wilcox_rank_sum",0.347745598910698,0.97332032972522,2,NA,9,10,0.565637367396457,0.511395496275858,0.110322212230571,0.156819431265536
"consensus_tme","Cancer associated fibroblast","Surgery","wilcox_rank_sum",0.838256486385826,0.994853851974387,2,NA,9,10,0.771058397523797,0.757704958919264,0.0549253719965508,0.112791351996285
"consensus_tme","Endothelial cell","Surgery","wilcox_rank_sum",0.967435545139537,1,2,NA,9,10,0.783708782432823,0.780033175840375,0.0579069740048542,0.0967101634375372
"consensus_tme","Eosinophil","Surgery","wilcox_rank_sum",0.27034414065478,0.97332032972522,2,NA,9,10,0.905213717317162,0.856124558908942,0.07780423772545,0.129752291462173
"consensus_tme","Macrophage","Surgery","wilcox_rank_sum",1,1,2,NA,9,10,0.811328061515038,0.810163955591686,0.0890903312123003,0.137077838428535
"consensus_tme","Macrophage M1","Surgery","wilcox_rank_sum",0.775051373670082,0.97332032972522,2,NA,9,10,0.863044424835705,0.846899155898358,0.092020427488671,0.1557336369127
"consensus_tme","Macrophage M2","Surgery","wilcox_rank_sum",0.838256486385826,0.994853851974387,2,NA,9,10,0.935235496699618,0.925870645956844,0.0685476684058821,0.116819638426104
"consensus_tme","Mast cell","Surgery","wilcox_rank_sum",0.967435545139537,1,2,NA,9,10,0.79212604470262,0.80869411946328,0.115834156976317,0.135747957760842
"consensus_tme","Monocyte","Surgery","wilcox_rank_sum",1,1,2,NA,9,10,0.715086959931002,0.730022021456557,0.0760584449657834,0.129061503788279
"consensus_tme","Myeloid dendritic cell","Surgery","wilcox_rank_sum",0.487668353458931,0.97332032972522,2,NA,9,10,0.791116981334654,0.765123042222426,0.0677671850046581,0.144579740180479
"consensus_tme","NK cell","Surgery","wilcox_rank_sum",0.967435545139537,1,2,NA,9,10,0.638256336907732,0.652733302843166,0.118661891337102,0.236270348224305
"consensus_tme","Neutrophil","Surgery","wilcox_rank_sum",0.59561089947573,0.97332032972522,2,NA,9,10,0.63540118152334,0.659241354975181,0.118273015166477,0.136176933095289
"consensus_tme","T cell CD4+","Surgery","wilcox_rank_sum",0.59561089947573,0.97332032972522,2,NA,9,10,0.727009310255079,0.723176399707526,0.0912260676879887,0.17196560938422
"consensus_tme","T cell CD8+","Surgery","wilcox_rank_sum",0.59561089947573,0.97332032972522,2,NA,9,10,0.697684033662068,0.70776412553529,0.0892651983560764,0.184218104492422
"consensus_tme","T cell gamma delta","Surgery","wilcox_rank_sum",0.54029137460742,0.97332032972522,2,NA,9,10,0.713751420050583,0.707351056740322,0.0965133459061861,0.213056142783825
"consensus_tme","T cell regulatory (Tregs)","Surgery","wilcox_rank_sum",0.775051373670082,0.97332032972522,2,NA,9,10,0.702111833870417,0.710790072758799,0.117665383238924,0.208253661725883
"consensus_tme","cytotoxicity score","Surgery","wilcox_rank_sum",0.487668353458931,0.97332032972522,2,NA,9,10,0.750299389004815,0.736805295752492,0.0796483567759571,0.188777009552371
"consensus_tme","immune score","Surgery","wilcox_rank_sum",0.59561089947573,0.97332032972522,2,NA,9,10,0.709050420476707,0.705502844514164,0.0809036637060911,0.150780096767112
"epic","B cell","Surgery","wilcox_rank_sum",0.177909594986983,0.97332032972522,2,NA,9,10,0.012643030370273,0.00778917012710597,0.0119946969818269,0.00854723093264355
"epic","Cancer associated fibroblast","Surgery","wilcox_rank_sum",0.54029137460742,0.97332032972522,2,NA,9,10,0.0604326256148258,0.0977552413085686,0.0323208137128956,0.0883944990987364
"epic","Endothelial cell","Surgery","wilcox_rank_sum",0.0454552948490585,0.97332032972522,2,NA,9,10,0.0054434294298529,0.0103081512364005,0.00421116933696531,0.00547968345124128
"epic","Macrophage","Surgery","wilcox_rank_sum",0.391267279282639,0.97332032972522,2,NA,9,10,0.0105787011552293,0.0137565783580588,0.0127418723017301,0.0134881874756085
"epic","NK cell","Surgery","wilcox_rank_sum",0.653378910693694,0.97332032972522,2,NA,9,10,0.00152025273458091,0.00521664637020542,0.00219372165868526,0.00639246051310452
"epic","T cell CD4+","Surgery","wilcox_rank_sum",0.11134688653314,0.97332032972522,2,NA,9,10,0.0266604330846997,0.0439796633855666,0.0432274572603658,0.0421644566439541
"epic","T cell CD8+","Surgery","wilcox_rank_sum",0.437942822899974,0.97332032972522,2,NA,9,10,0.00294875152678378,0.00578017667321371,0.0017239433177469,0.00556009033534744
"epic","uncharacterized cell","Surgery","wilcox_rank_sum",0.130911127896291,0.97332032972522,2,NA,9,10,0.879772776083755,0.81541437254088,0.0781647383296219,0.102546789953491
"estimate","ESTIMATEScore","Surgery","wilcox_rank_sum",1,1,2,NA,9,10,2882.24548106421,2847.76110274559,609.921431819321,1257.49936755591
"estimate","ImmuneScore","Surgery","wilcox_rank_sum",0.59561089947573,0.97332032972522,2,NA,9,10,1870.8919500765,1902.57245497969,412.896320318462,847.480567872461
"estimate","StromalScore","Surgery","wilcox_rank_sum",0.967435545139537,1,2,NA,9,10,1011.35353098771,945.188647765902,327.632642286339,637.674984720662
"estimate","TumorPurity","Surgery","wilcox_rank_sum",1,1,2,NA,9,10,0.514691768312442,0.512908647342836,0.0776867210228452,0.156941748835476
"mcp_counter","B cell","Surgery","wilcox_rank_sum",0.347745598910698,0.97332032972522,2,NA,9,10,25.1065904938272,16.7887691111111,29.7260071303318,18.0701528774668
"mcp_counter","Cancer associated fibroblast","Surgery","wilcox_rank_sum",0.54029137460742,0.97332032972522,2,NA,9,10,216.953724166667,350.811832875,104.651593589807,301.779361909211
"mcp_counter","Endothelial cell","Surgery","wilcox_rank_sum",0.0791793495755705,0.97332032972522,2,NA,9,10,3.37675062847222,4.63163334375,1.40233983493007,1.68052748195794
"mcp_counter","Macrophage/Monocyte","Surgery","wilcox_rank_sum",0.713303173878458,0.97332032972522,2,NA,9,10,14.373889047619,17.8410474857143,11.329044722843,12.8861173700651
"mcp_counter","Monocyte","Surgery","wilcox_rank_sum",0.713303173878458,0.97332032972522,2,NA,9,10,14.373889047619,17.8410474857143,11.329044722843,12.8861173700651
"mcp_counter","Myeloid dendritic cell","Surgery","wilcox_rank_sum",0.713303173878458,0.97332032972522,2,NA,9,10,4.0220987037037,5.29712666666667,2.16240599928352,4.26844195552265
"mcp_counter","NK cell","Surgery","wilcox_rank_sum",0.391267279282639,0.97332032972522,2,NA,9,10,0.251192222222222,0.444832125,0.242410372939169,0.44031100876297
"mcp_counter","Neutrophil","Surgery","wilcox_rank_sum",0.0941663754378798,0.97332032972522,2,NA,9,10,5.22898380952381,7.99744428571429,2.95411746226082,4.41318448445738
"mcp_counter","T cell","Surgery","wilcox_rank_sum",0.391267279282639,0.97332032972522,2,NA,9,10,5.327594,11.1191481333333,5.5441242769565,12.8258349601141
"mcp_counter","T cell CD8+","Surgery","wilcox_rank_sum",0.487668353458931,0.97332032972522,2,NA,9,10,0.955677777777778,2.8552,0.870109719773572,3.9126369388886
"mcp_counter","cytotoxicity score","Surgery","wilcox_rank_sum",0.391267279282639,0.97332032972522,2,NA,9,10,6.79572380952381,18.0787700285714,8.02607968705196,19.676419055157
"quantiseq","B cell","Surgery","wilcox_rank_sum",0.775051373670082,0.97332032972522,2,NA,9,10,0.00724980357968284,0.00858892773980577,0.00541947341925903,0.00657568026846484
"quantiseq","Macrophage M1","Surgery","wilcox_rank_sum",0.387070516906497,0.97332032972522,2,NA,9,10,0.00405123712396034,0.0125909153894884,0.0050009534047535,0.0182675240617901
"quantiseq","Macrophage M2","Surgery","wilcox_rank_sum",0.838256486385826,0.994853851974387,2,NA,9,10,0.0546758826091961,0.0646778239850927,0.0248456663479203,0.0421274777452026
"quantiseq","Monocyte","Surgery","wilcox_rank_sum",0.399075196548237,0.97332032972522,2,NA,9,10,0,0.000259199100895745,0,0.000819659526298343
"quantiseq","Myeloid dendritic cell","Surgery","wilcox_rank_sum",0.399075196548237,0.97332032972522,2,NA,9,10,0,0.000608257592886185,0,0.00192347939761178
"quantiseq","NK cell","Surgery","wilcox_rank_sum",0.0602764053633166,0.97332032972522,2,NA,9,10,0.000931887710079683,0.00195248486240643,0.00082766694684576,0.00133492207943225
"quantiseq","Neutrophil","Surgery","wilcox_rank_sum",0.966605467644993,1,2,NA,9,10,0.00883481653952525,0.00816806887841723,0.00910959295964739,0.0101640516228611
"quantiseq","T cell CD4+ (non-regulatory)","Surgery","wilcox_rank_sum",0.637154902095383,0.97332032972522,2,NA,9,10,0.00461703231673399,0.00712700273293792,0.00849101200404185,0.0150402133968437
"quantiseq","T cell CD8+","Surgery","wilcox_rank_sum",0.653378910693694,0.97332032972522,2,NA,9,10,0.00715658813900065,0.0197353304696243,0.00703099172668401,0.02778462494313
"quantiseq","T cell regulatory (Tregs)","Surgery","wilcox_rank_sum",0.653378910693694,0.97332032972522,2,NA,9,10,0.00969830669861227,0.0140782553919692,0.00969041272202097,0.0197081990401247
"quantiseq","uncharacterized cell","Surgery","wilcox_rank_sum",0.205667179617355,0.97332032972522,2,NA,9,10,0.902784445283209,0.862213733856476,0.0511675241830662,0.0854464928913855
"timer","B cell","Surgery","wilcox_rank_sum",0.0791793495755705,0.97332032972522,2,NA,9,10,0.106672111706218,0.0887983136372297,0.00993184877694906,0.023985619002314
"timer","Macrophage","Surgery","wilcox_rank_sum",0.653378910693694,0.97332032972522,2,NA,9,10,0.0394314269394591,0.0458129276754518,0.0127472220498632,0.0241703161905916
"timer","Myeloid dendritic cell","Surgery","wilcox_rank_sum",0.437942822899974,0.97332032972522,2,NA,9,10,0.478033637534443,0.502367496166697,0.0519140653035048,0.0587555707382598
"timer","Neutrophil","Surgery","wilcox_rank_sum",0.391267279282639,0.97332032972522,2,NA,9,10,0.120247374404401,0.125733232166284,0.00798193932608496,0.016213953317204
"timer","T cell CD4+","Surgery","wilcox_rank_sum",0.391267279282639,0.97332032972522,2,NA,9,10,0.118973468450666,0.119792462067616,0.0159438452575668,0.0460582054333845
"timer","T cell CD8+","Surgery","wilcox_rank_sum",0.177909594986983,0.97332032972522,2,NA,9,10,0.182339516296157,0.228696140668048,0.0218040602768642,0.0930466629959283
"xcell","B cell","Surgery","wilcox_rank_sum",0.335587907589842,0.97332032972522,2,NA,9,10,0.0448470455689418,0.0271510196433739,0.0618260892706669,0.043401125570165
"xcell","B cell memory","Surgery","wilcox_rank_sum",0.389179383027945,0.97332032972522,2,NA,9,10,0.0173662599003856,0.00678157588298454,0.0253584221734711,0.0132108234704192
"xcell","B cell naive","Surgery","wilcox_rank_sum",0.900049988161637,1,2,NA,9,10,0.00669550713731729,0.00425013945242484,0.0127777755087229,0.00656774143849747
"xcell","B cell plasma","Surgery","wilcox_rank_sum",0.0940220449511788,0.97332032972522,2,NA,9,10,0.0296228619983243,0.0159582016953526,0.0162708677538178,0.0183021256374766
"xcell","Cancer associated fibroblast","Surgery","wilcox_rank_sum",0.838256486385826,0.994853851974387,2,NA,9,10,0.125672610045307,0.142159830084399,0.0626369859731075,0.0924534021724202
"xcell","Class-switched memory B cell","Surgery","wilcox_rank_sum",0.412158281472861,0.97332032972522,2,NA,9,10,0.0216241435574935,0.0176613230394502,0.0200734924768543,0.0284760359745754
"xcell","Common lymphoid progenitor","Surgery","wilcox_rank_sum",0.487668353458931,0.97332032972522,2,NA,9,10,0.00701051056490975,0.0063348834475115,0.00433816705208349,0.0062594741280567
"xcell","Common myeloid progenitor","Surgery","wilcox_rank_sum",0.697693572351375,0.97332032972522,2,NA,9,10,0.00622372902348178,0.00584942032605701,0.0123513611477529,0.00937617112711781
"xcell","Endothelial cell","Surgery","wilcox_rank_sum",0.54029137460742,0.97332032972522,2,NA,9,10,0.050888180595681,0.0686536623300453,0.0153006056373124,0.0388390548027204
"xcell","Eosinophil","Surgery","wilcox_rank_sum",0.966924129814201,1,2,NA,9,10,0.000000000000000000665486937313679,0.00000000000000000182486786070631,0.000000000000000000824887121440568,0.00000000000000000284662896928421
"xcell","Granulocyte-monocyte progenitor","Surgery","wilcox_rank_sum",0.236444715572304,0.97332032972522,2,NA,9,10,0.0644287673584956,0.0432952794857228,0.0370588290847969,0.0252264525493707
"xcell","Hematopoietic stem cell","Surgery","wilcox_rank_sum",0.347745598910698,0.97332032972522,2,NA,9,10,0.304304600426489,0.379179832300041,0.119100871041922,0.215728183629019
"xcell","Macrophage","Surgery","wilcox_rank_sum",0.902523250177679,1,2,NA,9,10,0.0369337416590478,0.0395027611372737,0.0323790186635556,0.0424919077897297
"xcell","Macrophage M1","Surgery","wilcox_rank_sum",0.838256486385826,0.994853851974387,2,NA,9,10,0.0361412202905434,0.0435095997424909,0.0295632333392483,0.0408711551983108
"xcell","Macrophage M2","Surgery","wilcox_rank_sum",0.775051373670082,0.97332032972522,2,NA,9,10,0.0143097203338467,0.0134852073595755,0.00865520565381065,0.00976900785204242
"xcell","Mast cell","Surgery","wilcox_rank_sum",0.586263349356726,0.97332032972522,2,NA,9,10,0.000965640472539641,0.00258491972644112,0.00289692141761892,0.00511048963512483
"xcell","Monocyte","Surgery","wilcox_rank_sum",0.234955809796548,0.97332032972522,2,NA,9,10,0.000695280769482417,0.00639455328292811,0.00208584230844724,0.0152866079144021
"xcell","Myeloid dendritic cell","Surgery","wilcox_rank_sum",0.205667179617355,0.97332032972522,2,NA,9,10,0.0350427527142906,0.0290283445151301,0.0163247652520257,0.0420126690179876
"xcell","Myeloid dendritic cell activated","Surgery","wilcox_rank_sum",0.653378910693694,0.97332032972522,2,NA,9,10,0.872196167941766,0.805766078635044,0.159841906539789,0.255168348343714
"xcell","NK cell","Surgery","wilcox_rank_sum",0.412158281472861,0.97332032972522,2,NA,9,10,0.00960011262317117,0.0255763484360404,0.0134166633926577,0.03630121373569
"xcell","Neutrophil","Surgery","wilcox_rank_sum",0.406919556140164,0.97332032972522,2,NA,9,10,0.00188148707798328,0.00306854423818719,0.00380185841896093,0.00300475481207993
"xcell","Plasmacytoid dendritic cell","Surgery","wilcox_rank_sum",0.565919751301476,0.97332032972522,2,NA,9,10,0.0318492967583284,0.0321227400298282,0.0306199340802206,0.0421129701300389
"xcell","T cell CD4+ (aggregated)","Surgery","wilcox_rank_sum",0.487668353458931,0.97332032972522,2,NA,9,10,0.354517840167197,0.324400647665305,0.146271167724561,0.31864401099205
"xcell","T cell CD8+ (aggregated)","Surgery","wilcox_rank_sum",0.713303173878458,0.97332032972522,2,NA,9,10,0.0917466740323872,0.190031264004276,0.0889988582263899,0.255506478626234
"xcell","T cell NK","Surgery","wilcox_rank_sum",0.671438353481213,0.97332032972522,2,NA,9,10,0.001580765803286,0.0059247654847804,0.00471710004192719,0.0113589603866793
"xcell","T cell gamma delta","Surgery","wilcox_rank_sum",0.470849761107994,0.97332032972522,2,NA,9,10,0.00000455864260964286,0.00115269371732715,0.000013675927828923,0.00364513759132006
"xcell","T cell regulatory (Tregs)","Surgery","wilcox_rank_sum",0.769474405750435,0.97332032972522,2,NA,9,10,0.0108865001181655,0.0270838988845219,0.0169422985190523,0.0575609257054404
"xcell","immune score","Surgery","wilcox_rank_sum",0.487668353458931,0.97332032972522,2,NA,9,10,0.105614998198439,0.137266875203534,0.0921294861317885,0.18647043299443
"xcell","microenvironment score","Surgery","wilcox_rank_sum",0.967435545139537,1,2,NA,9,10,0.209375918044263,0.25913865345618,0.0862978864701429,0.19483221046124
"xcell","stroma score","Surgery","wilcox_rank_sum",0.713303173878458,0.97332032972522,2,NA,9,10,0.103760919845824,0.121871778252647,0.036284806271765,0.0737890695345939
