Mixture,B cells naive,B cells memory,Plasma cells,T cells CD8,T cells CD4 naive,T cells CD4 memory resting,T cells CD4 memory activated,T cells follicular helper,T cells regulatory (Tregs),T cells gamma delta,NK cells resting,NK cells activated,Monocytes,Macrophages M0,Macrophages M1,Macrophages M2,Dendritic cells resting,Dendritic cells activated,Mast cells resting,Mast cells activated,Eosinophils,Neutrophils,P-value,Correlation,RMSE
2046_B,0.000606559742580313,0.0457487663097168,0.0134391314206286,0.102870546396062,0,0.0621499175305171,0.0127876777360412,0.125372210427397,0.0381795870843034,0,0.00518128310191119,0.0504902053018515,0.0287819628215949,0.146105189147858,0.0689908778019352,0.28088114228775,0.0115299163822132,0,0,0.00688502650764037,0,0,0,0.751858603879519,0.725795851840485
2046_S,0.0261167642345656,0,0,0.104442854086033,0,0.0876642159234118,0,0.109462172946484,0.036211021609884,0,0,0.0417304711171935,0.0277573276145448,0.125217322698189,0.105604452471956,0.306542038427315,0.00339305747785011,0,0.00586049363649044,0.00929814120411898,0,0.0106996665519647,0,0.47237614367307,0.880574732361408
2271_B,0.0591918761587936,0,0.00940085550528119,0.0505891985319066,0,0.0664316259662279,0.00542105075118132,0.0766427129217611,0.0188213943833026,0,0.0343956539176836,0,0,0.225915946560726,0.0313491230417285,0.368719227675471,0,0.00962598397986859,0.031135680452527,0,0,0.0123596701535416,0,0.441973810396209,0.897290835259187
2271_S,0.0319165411122246,0,0.000624905937690171,0.0718478383904892,0,0.158789260212237,0,0.0401829602101977,0.0017981473533081,0,0.0103087794551292,0.0276604747643538,0.0229256219179118,0.126911230380734,0.0206248079133012,0.437966552472113,0,0.01042777498752,0.0310308915173603,0.000878269370954333,0,0.00610594400447539,0,0.585890964572191,0.817619448274115
2472_B,0.0160855932872636,0.00335874104595239,0.0168097344380492,0.0879268138092303,0,0.140175289248945,0.00823301990939321,0.16154916242162,0.00354873857660448,0,0.0284698825890904,0.0492135082937223,0.0183722730198726,0.0392317206240107,0.0917372060020625,0.283122419936951,0.00713697514663911,0.0134270314586436,0.0173810429136339,0,0,0.0142208472783156,0,0.625995440325249,0.799256690320109
2472_S,0.0206493446963313,0.00755176042910811,0.00355211918466587,0.029081098931163,0,0.122538339572008,0,0.0960024965154302,0,0,0.015772104754085,0.0118295058298487,0.0142645648769229,0.146194209683765,0.0364060300749126,0.352437086220519,0,0.0919320312047717,0.0309979631738506,0,0,0.0207913448526173,0,0.565059256990856,0.83163276710176
2492_B,0,0.0258240511112613,0.0220868639658685,0.0972339257245458,0,0.12638922463104,0,0.124752506808864,0.0345853458038403,0,0,0.0908396508251652,0.00915878235764939,0.145880746177188,0.140515521637833,0.164061138409373,0.00235109817137689,0,0.0139136233095854,0,0,0.00240752106640795,0,0.545305098516034,0.840021522225823
2492_S,0.0156500904665715,0,0.00176692469307211,0.0905577063762736,0,0.13578191939122,0,0.0700385181185912,0.0311008574761388,0,0.0644323672970341,0.0711595119522212,0.0125558560844771,0.106750242116432,0.123322185207282,0.171866215337372,0.0229524264520139,0,0.0647712622566013,0,0,0.0172939167746991,0,0.512247370124331,0.859676080471916
2653_B,0.0202134347233195,0,0.00127472247266527,0.098555150430388,0,0.195230808964043,0,0.0328827080095454,0.0250255619863608,0,0,0.0177822772927509,0.00492843574141156,0.006433825946647,0.0294928716475715,0.272372790723889,0.00367154943785535,0.00139586801528005,0.286175997994613,0,0,0.00456399661365961,0,0.695723073667001,0.761101573232753
2653_S,0.00479201935362447,0.00298129223316576,0.000451692172009567,0.0719049702764035,0,0.131728308184609,0,0.0497118171022766,0.0119449519577902,0,0,0.0124750330526198,0.00544370947512074,0.244612502215101,0.0427374472289079,0.356416814042332,0,0,0.0271813324676697,0.0348400189822577,0,0.00277809125611178,0,0.852225330553508,0.628646481241031
2661_B,0.139574962946102,0,0,0.0710004757466208,0,0.102610779154075,0,0.0792798550675028,0.0510106632906594,0,0.0139660639784052,0.0402098683804652,0.0701342222296873,0,0.0258296338410563,0.342625073310108,0.0243381397161758,0.00497716551581942,0.030261877075053,0.00302502993241559,0,0.00115618981585376,0.027,0.187298409900123,1.00743563411822
2661_S,0.0127611838018798,0.000538839954644862,0.0030018173072064,0.0300072287830438,0,0.0634213122034105,0,0.0787087858189857,0.0214476305993391,0,0.016549790091303,0.0142093062836095,0,0.163161918927242,0.0325283226157606,0.459934508979783,0.00874818587154547,0,0.086293049272691,0,0,0.00868811948955461,0,0.611191956488915,0.800207855209134
2677_B,0.0695757571071287,0.00732337168819398,0.000169599828234841,0.0968676570668756,0,0.24632727505531,0,0.0513163665025247,0.0296192098109459,0,0,0.0309838162386633,0.0180474436872897,0,0.0450897099822975,0.248490922127307,0.0110723708364815,0,0.137564204256094,0.00151392135706455,0,0.00603837445558913,0,0.755725737702337,0.735113092862356
2677_S,0.0524735222212745,0,0.00276893123934081,0.0276875904365319,0,0.135027840289368,0,0.0443834692172509,0.00283468682979814,0,0.00290524766863124,0.0151579803161881,0.0756199669863761,0,0.0493482087855937,0.506255932510854,0,0,0,0.0569320613432414,0,0.0286045621555514,0,0.733742696936546,0.727453172064281
2691_B,0.004655708903668,0.00373511038682598,0,0.0922174583640155,0,0.135262435814943,0,0.0346714314555167,0.019674210044359,0,0.0091904209524682,0.0175193786824343,0,0.114498665721371,0.0421996870214224,0.489311503059009,0,0,0.0300612746623558,0.00700271493161127,0,0,0,0.722392610640724,0.728194038067581
2691_S,0.0283468961674963,0,0.00438185503020549,0.137964413762874,0,0.0996065978854603,0.0066593327837887,0.0441658516242932,0.0397334056587462,0,0.0111616738245795,0.0234034913300785,0.00601574526075633,0.0422739223473959,0.075206944809427,0.309581556623727,0.00303578584188873,0,0.168462527049283,0,0,0,0,0.76376480113649,0.729960152688096
2739_B,0.0406419380334604,0,0.063598399224908,0.0638333451734106,0,0.126024786476207,0,0.0472596911208695,0.0196228698256917,0,0,0.0138387305238961,0.0323862306093518,0.0192521730888924,0.0487028244260586,0.414603247346588,0.0110130981020873,0,0.0747622429560892,0.0221507414868464,0,0.0023096816056431,0,0.421812837219305,0.906030056011391
2739_S,0.0441079419096697,0,0.0602334763872628,0.0565536376339825,0,0.131697719489392,0,0.0714154139393523,0.00403989059651168,0,0,0.0625782990475915,0.0250198355080542,0.04109475187841,0.0256316501153411,0.349178898925867,0.00263351057743559,0,0.120572170573161,0,0,0.00524280341796823,0,0.55622297121806,0.843950621291191
2789_B,0.0346691906597661,0,0,0.153000293460809,0,0.200221959536381,0,0.12431755862337,0.0376553608477063,0,0.00886797145546859,0.00477591812687141,0.00422931742427538,0.0698381983292791,0.0901837954267099,0.197924847115374,0.0088313791568914,0,0.0531448760901463,0.0123393337469514,0,0,0,0.70483452844303,0.749739924013959
2789_S,0.0421152128995093,0,0,0.189122798208101,0,0.227551534079932,0.0201635233900411,0.0469400055906643,0.0361144372486047,0,0,0.0280115210440817,0.00646386354600147,0.0520952480788656,0.0839190407852528,0.182539055648396,0.0103440332580471,0,0.0746197262225024,0,0,0,0,0.78512657847819,0.699760756245919
2817_B,0.00228083773451165,0.0112408411228536,0,0.139420383239025,0,0.213912410798277,0,0.0470560857172264,0.0340699575856458,0,0.00606242229086036,0.0116093698388761,0,0.0757790994855008,0.0525207881319993,0.356413193711047,0.000399589650767733,0,0.0446263478599355,0,0,0.00460867283347358,0,0.382924386561273,0.926117626417361
2817_S,0.0517719387379869,0,0,0.125621857842294,0,0.204942612535512,0,0.0516978574856204,0,0,0,0.0857802372836057,0.0480587620704405,0,0.1231500557476,0.192598520926808,0.0177128017894567,0,0.098665355580675,0,0,0,0,0.580994611756032,0.823437335725233
2852_B,0.0182911663029745,0,0.00283825663743899,0.112175465195494,0,0.170288995275652,0.00105220459824634,0.0405418215512584,0.00977920884508261,0,0.00379610254420986,0.016865701802275,0.0115372686350481,0,0.0611796359223122,0.247515237170224,0.00933404539187305,0,0.292329029094354,0,0,0.00247586103355642,0,0.735839933850467,0.737725741058436
2852_S,0.0113926389461977,0.0031485206009276,0.0162224855022185,0.0481714174916461,0,0.12778555239285,0.00443664724863577,0.0667245240462657,0,0,0.0172705778792975,0.0268925616044607,0.0173898818875105,0,0.0169839368252981,0.213719875493072,0.0156699934246962,0.00986160330663002,0.404329783350293,0,0,0,0,0.710483970164728,0.740018785227444
2976_B,0.0352331811201088,0,0.0133998017098187,0.0940196142045518,0,0.174027659358122,0,0.102536480783833,0.0622165375994479,0,0.0108766945964456,0.0105014351517698,0.00158520209942664,0.0556386387791812,0.0701260661420728,0.305265225226863,0.00246269096010421,0,0.0546349226688147,0,0,0.0074758495994396,0,0.765627430934198,0.722005561092855
2976_S,0.043887768720001,0,0.00882912533599925,0.129297944025169,0,0.165761058030549,0.00932598805216408,0.08101436624018,0.0180974489251842,0,0,0.0157269660987552,0,0.126239680298464,0.0739767514897059,0.264195324952023,0.00174051851405968,0,0.0581085981936875,0,0,0.00379846112405775,0,0.829843891880888,0.681229814752168
3001_B,0.210133464173104,0.0208493951058189,0,0.107052787949337,0,0.143948055579088,0,0.0634626887681635,0.00508484263247223,0.00563254250604686,0,0,0,0.10460983081975,0.0390340347412049,0.214603517588349,0,0,0.0855888401366653,0,0,0,0.046,0.155001657606581,1.02060299013147
3001_S,0.0780759412837568,0,0.0329849199717399,0.0959844649777154,0,0.116520493333473,0,0.0725726036312445,0,0,0,0.0489850479180417,0.0209711232274437,0,0.044060245001886,0.246928248520488,0,0,0.235282711625801,0.000859644780914315,0,0.00677455572749466,0,0.537186559247592,0.852677042331479
3036_B,0.0216574488193242,0.0659295810722727,0,0.0874658867833746,0,0.169596586239278,0,0.0454053428099436,0.0404907531070175,0,0,0.0205553967923986,0.00656442186315976,0.0646999984661534,0.0342273929260068,0.266367648586706,0.00236925554296957,0,0.16957684521288,0,0,0.00509344177851524,0,0.56437800323979,0.839711851036686
3036_S,0.00398087941458109,0.0372055327732241,0.00643366655414105,0.0732325098167685,0,0.134850893018271,0.00219092138696847,0.055616578055716,0,0,0,0.0203672226635271,0.00869468179847353,0.0360593681710788,0.0232790674340123,0.359909216300509,0.00901747925988866,0.00297549908310444,0.219276119089165,0,0,0.00691036518057113,0,0.753500931056187,0.734807127338284
3065_B,0.0333305291953136,0,0.00183856079335465,0.07531506460471,0,0.229081851060473,0,0.0585979132833986,0.0460675030826257,0,0.0145339724658672,0.00933276619834473,0.0937623318817446,0,0.0603404477118068,0.312386982270389,0.00517914191850307,0,0.0545341332677211,0,0,0.00569880226574788,0,0.738489938463501,0.741930914216002
3065_S,0.0399510773702737,0,0.0206756399526936,0.0882575815356907,0,0.183970584524454,0,0.0482574624259512,0.0001884263303193,0,0,0.0390150035614616,0.0392415187245841,0,0.018490854822707,0.399727210156142,0,0,0.112074690880092,0.00615697927668711,0,0.0039929704389428,0,0.606312330769693,0.815411634998108
3067_B,0.034541644400588,0,0.0168557115589821,0.0950284630533054,0,0.165477806273143,0,0.0498309907939397,0.0310625863561631,0,0.0197257006962919,0,0.0334831289512083,0,0.0450812824250741,0.420119943884955,0,0,0.0835165257253118,0,0,0.0052762158810375,0,0.645802753857132,0.793152262649925
3067_S,0.0386018772728928,0,0.0154262320603312,0.0584810543019059,0,0.096983762968698,0,0.0355377240344292,0.00391571985801917,0,0,0.0472043273761688,0.0471905578983312,0,0.0274209608046764,0.481266154279639,0,0,0.122910084189898,0.0215416076325195,0,0.00351993732249175,0,0.545671626780195,0.84320265938592
3130_B,0.0310257890260207,0,0.00444046517638832,0.109773906402268,0,0.204933254153285,0,0.0707317225488763,0.0601987890185813,0,0.00855505877503288,0.0194140522461046,0.0144393640034782,0.0626344291788962,0.135961685088121,0.175439348733947,0.0152310899458375,0,0.087221045703163,0,0,0,0,0.804671285512458,0.689798305080004
3130_S,0.0585413556708217,0,0.0267901620755248,0.0613385536955999,0,0.113592856743836,0.00999047243939285,0.0502233822322302,0.00356811500078081,0,0.0170531001243156,0.00713403380839493,0.00987689062730518,0.0241116711279334,0.0718656720886382,0.330969814174655,0.0102281373659129,0,0.203997327266461,0,0,0.000718455558197192,0,0.667707113405216,0.78767021172632
3161_B,0.00381941273930597,0.00416552381706611,0.0219203204262955,0.0249787275386525,0,0.0807123923213013,0,0.0306417169685436,0.00704405360416214,0,0.00663859427567678,0.0147214697307383,0,0.0947487727936656,0.0149907738539034,0.383131752942416,0,0,0.306201347896964,0,0,0.00628514109130854,0,0.653115050225493,0.777269409462616
3161_S,0.00924767751111548,0.00479562852112605,0.0112396270803707,0.0454810724533278,0,0.0891270421607653,0,0.0785059857844853,0.00332194908819018,0,0,0.0407017413629382,0.0262871933368932,0,0.0236967587575021,0.408966192417578,0.00391189490501574,0,0.246583225062863,0,0,0.00813401155782885,0,0.500720951746188,0.867180349263063
97_B,0.00712966388749958,0.00990959457450831,0,0.0344678817651715,0,0.000228829457186255,0,0.060826524933619,0.0287913365170092,0,0.0329644494236709,0,0.02431367074524,0.138254633582751,0.0263399842130881,0.58437668033834,0,0,0.0404585498900764,0,0,0.0119382006718394,0,0.708780483561159,0.723901280741062
97_S,0.00684152683930676,0,0.00760405547288794,0.0313261424221785,0,0.0294080835086319,0,0.125942014281458,0,0,0.0289967314456619,0.0143808501489421,0.0191111716299575,0.283434570436881,0,0.340107705307777,0,0.0144907930714277,0.0378687656983228,0.0579420032839905,0,0.00254558645257756,0,0.75436970201052,0.697673961864206
OB_0139_B,0.00252915715478361,0.0145189669320689,0.0161062287587977,0.124928832690065,0,0.134386255241922,0.0303978452225411,0.0661855275153422,0.0147642540723131,0.0234117036735027,0,0.037455658292476,0.0162973966088446,0.133707848434639,0.13838706364189,0.238147935027996,0.00329338535985219,0,0.00336903038539825,0.00211291098756647,0,0,0,0.667927455661453,0.768842043680336
OB_0139_S,0.012843141185327,0.0056653345217338,0.000899483916376535,0.135427065834893,0,0.084200127830647,0.0385120913852154,0.0488693953333784,0.0141775194875853,0.0331504688399829,0,0.00882502674155646,0,0.120604184673381,0.0731746657715305,0.384728907655475,0.00486914274853111,0,0.0277219495773566,0,0,0.0063314944970293,0,0.79097113557595,0.694086534834688
OB_0157_B,0.0156546326965885,0,0.0227495923589962,0.14873090736578,0,0.130391463734621,0.0223606038769023,0.0690731870219791,0.00577961383352897,0.0155178303761669,0,0.0164152865408855,0.00610946672550762,0.10938679808742,0.120169622768708,0.281448738147809,0.00580141640254514,0,0.0294134607300442,0,0,0.000997379332517475,0,0.796496625578161,0.693704194579818
OB_0157_S,0.0119549560029223,0,0.00771836051286871,0.160669494209127,0,0.10955218136204,0.0192677981709227,0.0668730837221855,0.0165417999239451,0.0177135880290993,0,0.02894121322302,0.014594053905221,0.0414379697631256,0.0818341975862908,0.315774257630687,0.0407250243620108,0.00523568789773922,0.0575950200035116,0,0.00171642508967309,0.00185488860560942,0,0.76093088721028,0.726141724381353
OB_0190_B,0.0151118223083448,0.0219937111089564,0,0.100285952249447,0,0.171677507523068,0,0.0507514306283465,0.00448741837570926,0.030895743625715,0.00922285722423404,0.000380798192663236,0.0378436526478754,0.0463904638720848,0.058206726445885,0.36115823079103,0.00338033788015586,0.0110221948427552,0.0757648625319337,0,0.000537062744226109,0.000889227007569139,0,0.615356553257194,0.809172795498269
OB_0190_S,0.00806399419015803,0.0164170250513578,0.00417437538369983,0.0360971505561966,0,0.107069711902609,0,0.065794320894776,0.00269421914552871,0.0394545164389318,0,0.00959661264230709,0.00924826071466189,0.174023113886573,0.0772687827001881,0.34135268435469,0,0,0.101679458546406,0,0,0.00706577359191665,0,0.359090359733943,0.937642741351623
OB_0235_B,0.00358597159650367,0.00501255163037673,0.00138965781433383,0.0436005334567631,0,0.0970112253482462,0,0.0340478371802672,0.000714539810912384,0.0182937934826634,0,0.00962688951851279,0.0148902775618959,0.0244897053198895,0.0646973692131956,0.301845398982915,0.0206885914730049,0,0.358300306773089,0,0,0.00180535083743114,0,0.789641884771068,0.689920606040673
OB_0235_S,0.00773864836134327,0,0.000225509674075337,0.102503885752522,0,0.25743541735917,0,0.0113735887028305,0,0,0.0112197765511981,0,0.0137115718148621,0,0.0263332341291673,0.268857065867832,0.0295549148761704,0,0.271046386910828,0,0,0,0,0.745120892626654,0.732361732554413
OB_0261_B,0,0.0301250907211018,0,0.143747941804194,0,0.116498851785383,0.0454925423891079,0.0573369486973954,0.0122092592527408,0.0873578243379153,0,0.0433851792496257,0,0.0434222059699816,0.101569546391609,0.233786376206753,0.080512592965624,0,0.00265163581119981,0.00167397676443082,0,0.000230027652937546,0,0.599324131614167,0.811862572463263
OB_0261_S,0.00483781562268727,0.0164441164743678,0.00482371890350759,0.127283588813078,0,0.11717260909982,0.000848709444290311,0.0699725155305173,0.0149834422818636,0.0114626524556763,0,0.0467552421391554,0.00727081960854763,0.0986685812816024,0.0950009829670333,0.304286099692348,0.0172240140193919,0.00898695929269834,0,0.0506168647368194,0,0.00336126763659489,0,0.461526038544695,0.886249065390908
OB_0273_B,0.00410830236046307,0.0172133856613885,0,0.147433100603332,0,0.10801173068238,0.0474229079681894,0.0643838070505569,0.0260988610007724,0.0824599803424967,0,0.0360600972698083,0,0.0383778017772885,0.0947076397368893,0.262093868950826,0.0626010223828561,0.0019309735198305,0.00709652069292237,0,0,0,0,0.597566635754418,0.813057745039877
OB_0273_S,0.00596639479540447,0.000770607681779512,0.00288074058436461,0.0594371064582331,0,0.111529214620588,0,0.041383797951805,0.000946437447919256,0,0,0.0198837462797749,0.0146637570229407,0.102420340354697,0.0450216455884942,0.4035824814352,0.0238611600272247,0.0147408824178987,0.124023136089774,0,0,0.0288885512439019,0,0.775015586343825,0.709738629181228
OB_0237_B,0.103877429413362,0.0796841253450168,0,0.122055788665007,0,0.0899888717072299,0.00118657988509595,0.0813976720621117,0.0245042059012772,0.0128619688984292,0,0.0568907433689397,0.0176259300349481,0.0642067259006456,0.121925277753769,0.180186729207469,0.00385263799459748,0,0.0397553138621022,0,0,0,0,0.727036272399509,0.744963625132171
OB_0237_S,0.028032085849872,0,0,0.157203685309817,0,0.131038329697305,0,0.117771027944414,0,0.000409748844590898,0,0.0740311676288616,0.0222815614764541,0.0459092562902867,0.0992582414782272,0.265341635121575,0.0127783380526408,0,0,0.0285068476657856,0.0110220241726589,0.00641605046751092,0,0.536181792439216,0.846362344883393
OB_0080_B,0.00729959879615057,0.00469460025011015,0.00127531559616341,0.033911183642473,0,0.0685687673205148,0,0.0330482895854219,0.00703643834770403,0.00132410033607829,0.0204487981530917,0,0.00269505178791497,0.165396466799597,0.0225661241664801,0.479029739932245,0,0,0.128460062736603,0.0145318451938165,0,0.00971361735563626,0,0.831614086979524,0.643023245290257
OB_0080_S,0.00847066829822113,0.00439875599260809,0,0.025034874469607,0,0.0321598505573886,0,0.0460324691850506,0.00892314856579485,0,0,0.0258357809679665,0,0.180370128747067,0.0276179986170667,0.41443972693801,0.00287104012421874,0,0.165625232300046,0.0269005727509138,0,0.0313197524860412,0,0.766353073922338,0.69406165224204
OB_0095_B,0.0100327667482952,0.00997272191783946,0,0.179560580700083,0,0.0588057364184318,0.0373192266541774,0.0844505284997024,0.0448622540355193,0,0,0.0414498018904556,0.0273531962794623,0.0216263925634569,0.181499845622903,0.234023180404436,0.00735166537221102,0,0.0578684798195335,0.00136762355664177,0,0.00245599951685114,0,0.718718774984678,0.734086669783602
OB_0095_S,0.0105344107114423,0,0,0.119829813187385,0,0.113321555313058,0.0165300050319966,0.111052645577993,0.031548039638941,0.0069415077477081,0,0.0937922957318659,0.0259545241128597,0.015052928235264,0.104813003200217,0.290299860136614,0.00157916337282383,0,0,0.0521974585905551,0.0030309797887322,0.00352180962254484,0.005,0.254829280319332,0.990544594872056
OB_0163_B,0.0247602537926367,0.00998435872499246,0.000638833355719256,0.0830038925204781,0,0.0550387822707862,0,0.0771806882783537,0.0524532760944046,0,0.0140202334895019,0.0161158309380553,0.00783981932110326,0.173606037051683,0.0545281600096885,0.353790477277701,0.0148066798343615,0,0.0407208973324547,0.0146929055289347,0,0.00681887417914463,0,0.731921340919518,0.732571803246385
OB_0163_S,0.0118500588907147,0,0.00161671460374834,0.162748898735353,0,0.143442972624913,0,0.0317229603529595,0.00547358921364999,0.048087439540082,0,0.0109516383498434,0.000380555657143257,0.126714720123504,0.0334767961474541,0.316586137427717,0.0226620095807244,0,0.0723328286953499,0.0119526800568439,0,0,0,0.74466316556764,0.728631905063634
OB_0168_B,0.00913072280536734,0.00396444491137186,0.0178493609172288,0.0693052803923373,0,0.165209781047531,0,0.0362608036900468,0.00570320819028254,0,0,0.0252572049025757,0.00975083086848769,0.02873634345255,0.043461593071957,0.324934463950333,0.00609147823737813,0,0.25286353685654,0,0,0.00148094670601288,0,0.70333333485956,0.761467469370541
OB_0168_S,0.00978169227596524,0.00120872210199487,0.00628352922016996,0.0792422507193092,0,0.232432980304164,0,0.0516608805427569,0,0,0,0.0162680417745937,0.0126192856341056,0.0065883735256145,0.0174953211258188,0.254733549008607,0.00406539695699256,0.00542690415286347,0.289368536791867,0.0128245358651768,0,0,0,0.71118311685206,0.749433471437976
OB_0315_B,0.0225872404868732,0.00408251426281471,0,0.11241704167424,0,0.144487380576776,0,0.0913452105816399,0.0392446722920847,0.00690102182000796,0,0.0220385333316527,0.0130528045889208,0.0718175518657623,0.126903039620646,0.205730509831721,0.00992484211072194,0,0.129467636956139,0,0,0,0,0.841670880249665,0.673323628919923
OB_0315_S,0.0270022847138367,0,0.00189601449371236,0.0979409691686627,0,0.136708209775757,0.00437477246846003,0.0459874995645355,0,0.0124899677164443,0,0.0482104893488635,0.0656947140223219,0.00817870707258934,0.0622384686748991,0.247073705104208,0.0136673455571158,0.00701075545049072,0.218570123706626,0,0,0.002955973161478,0,0.815158776943545,0.703934389514019
OB_0344_B,0.0711998801672043,0.0149217839951669,0,0.083227407966916,0,0.181941704691516,0.0144001858281939,0.0491852078069854,0.0111118256795758,0,0.0060527585609161,0.0137328001790413,0.0717293406317175,0.0201969277575044,0.0840201564709714,0.226220164198949,0.00379758994818578,0.0227122585755565,0.125550007541599,0,0,0,0,0.78253626941752,0.730452897145976
OB_0344_S,0.0344910281618762,0,0.00704201555141044,0.0963697316182371,0,0.174436893301628,0.000539772532154545,0.0771919357040357,0,0,0.0268243664736323,0.000533656838952328,0.0860532613221842,0.0433387046821906,0.104933357912521,0.252055503462457,0.0325143240712843,0,0.0636754483674363,0,0,0,0,0.685992604678392,0.774325103146445
OB_0001_B,0.0396359817685564,0.0667395510379273,0,0.130510610959858,0,0.16448260673376,0.0150646202537948,0.0696694089306506,0.0311991336113954,0.0499450924806304,0,0.027117619795693,0.019613608780649,0,0.0905685107670894,0.245393392383287,0.0109553037185511,0,0.0391045587781568,0,0,0,0,0.839350572375175,0.674186776089615
OB_0001_S,0.0355514225631145,0,0.0130619742887196,0.116559288558017,0,0.256965270854301,0.00213978926553113,0.0274033465090788,0,0,0,0.0131340594407551,0.0562687917785163,0,0.0581021716991408,0.372121066520962,0.0013193624887508,0,0.0205439702691751,0.0240120431886014,0.00161068745546081,0.00120675511987538,0,0.753774086315546,0.726424097556253
OB_0038_B,0.00716281341032056,0.000178558334957866,0.00205995584373366,0.0670135843420286,0,0.183801357245903,0,0.0316500144753251,0.0117879510975381,0,0.0131902957754428,0.0112202866522306,0.011710640132583,0.185391299354918,0.0416639005130142,0.340152317351528,0.00741847758930018,0,0.0815067999565597,0.00159231051351437,0,0.00249943741110149,0,0.787842381359318,0.696197053648941
OB_0038_S,0.00605977137453457,0,0.00141527307863521,0.0484448887032026,0,0.14055747245381,0.00371735082461433,0.0408228551571195,0.00161502974863505,0,0,0.0175966079484592,0.0133973520627623,0.23998443785204,0.028827237191333,0.317534887553137,0.01305365144229,0.0276042710842788,0.0993689135251478,0,0,0,0,0.696109595596688,0.750479651196871
OB_0234_B,0,0.000276566033527894,0.00340910982971678,0.103560346584074,0,0.162697949489534,0.0654542694721335,0.0737623981970255,0,0.0047797432057966,0.00486690070421091,0.0209558875576869,0.015346784983395,0.063250369241158,0.0985149357306018,0.281466658209718,0.0460367836506884,0,0.021995755542058,0.0190112665174617,0,0.0146142750512133,0,0.505105731251789,0.864972401378365
OB_0234_S,0,0.0123804244050515,0.00247315074420544,0.0729862902556327,0,0.127658965202312,0,0.0739166630771208,0,0,0,0.0575542436203133,0.0164379438385009,0.0986795665704453,0.0633961573571098,0.321934274563624,0.018699454455991,0.0493697804934302,0,0.065068045781876,0.00147798839677723,0.0179670512376104,0,0.423968899284678,0.905247637818522
