"Method","Cell_Type","cluster","n_candidates","n_pairs","n_dropped","n_zero_delta","n_nonzero_delta","mean_biopsy","sd_biopsy","mean_surgery","sd_surgery","mean_delta","sd_delta","p_value","note","FDR"
"CIBERSORTx","B cells memory","Dys-CIM",11,11,0,1,10,0.0226813920537093,0.0233969602510068,0.00418292487386878,0.00708047284652067,-0.0184984671798405,0.0251325836060654,0.0190588916017305,NA,0.190588916017305
"CIBERSORTx","B cells naive","Dys-CIM",11,11,0,1,10,0.0204770093036824,0.0344391769101266,0.0158176760184542,0.0115400328384876,-0.0046593332852282,0.0289977396089921,1,NA,1
"CIBERSORTx","Dendritic cells activated","Dys-CIM",11,11,0,5,6,0.00324231153983111,0.00724862540178718,0.0071212100092515,0.0148493055513194,0.00387889846942039,0.0178366979542045,0.674986713970489,NA,0.899982285293986
"CIBERSORTx","Dendritic cells resting","Dys-CIM",11,11,0,0,11,0.0206559146500413,0.0284500921115006,0.0160693407393746,0.013432280737696,-0.00458657391066671,0.0294800143441757,0.755657737671463,NA,0.926594904542836
"CIBERSORTx","Eosinophils","Dys-CIM",11,11,0,6,5,0.0000488238858387372,0.000161930510134238,0.00156794704071286,0.00329786875094455,0.00151912315487412,0.00332724765784968,0.105645429201877,NA,0.399074705068856
"CIBERSORTx","Macrophages M0","Dys-CIM",11,11,0,0,11,0.0739402078378143,0.0469827469906172,0.0812519952932911,0.0473476902020694,0.00731178745547679,0.0606838951596649,0.893903721815722,NA,0.940951286121812
"CIBERSORTx","Macrophages M1","Dys-CIM",11,11,0,0,11,0.101119985216593,0.0393632045240564,0.0886963592071588,0.0225094276104773,-0.0124236260094346,0.0366578780001866,0.306556273379373,NA,0.681236163065273
"CIBERSORTx","Macrophages M2","Dys-CIM",11,11,0,0,11,0.272239793624829,0.0897817003240465,0.298419691525964,0.057712264795928,0.0261798979011352,0.0804774823846835,0.0829604137452953,NA,0.399074705068856
"CIBERSORTx","Mast cells activated","Dys-CIM",11,11,0,5,6,0.00326732802525327,0.00587462932236714,0.0186988507253777,0.0256387808830938,0.0154315227001245,0.0231265129458954,0.0934924836898357,NA,0.399074705068856
"CIBERSORTx","Mast cells resting","Dys-CIM",11,11,0,0,11,0.0367337213184849,0.0375405933416907,0.053278849631773,0.0587166845544801,0.0165451283132881,0.0656892296418067,0.624834867127387,NA,0.892621238753411
"CIBERSORTx","Monocytes","Dys-CIM",11,11,0,0,11,0.0194499196801955,0.0215869220812097,0.0220757373601044,0.0223952458759907,0.00262581767990892,0.0116640766529578,0.119722411520657,NA,0.399074705068856
"CIBERSORTx","NK cells activated","Dys-CIM",11,11,0,0,11,0.0352836208235052,0.025393604618729,0.042489241136704,0.0293183033775599,0.00720562031319877,0.0223373735537829,0.504879873834092,NA,0.841466456390153
"CIBERSORTx","NK cells resting","Dys-CIM",11,11,0,5,6,0.00313765641306731,0.00385226518394863,0.00931076432684054,0.0201048897010859,0.00617310791377322,0.0207443706258463,0.833935414088552,NA,0.926594904542836
"CIBERSORTx","Neutrophils","Dys-CIM",11,11,0,2,9,0.00196312996613605,0.00429942853884294,0.0088244523393048,0.00912457083834629,0.00686132237316875,0.00868915024223328,0.00915168885265007,NA,0.183033777053001
"CIBERSORTx","Plasma cells","Dys-CIM",11,11,0,2,9,0.00560769977956455,0.00922874059947654,0.00320555830939402,0.00271224848433052,-0.00240214147017053,0.00935218686882137,0.812703686128436,NA,0.926594904542836
"CIBERSORTx","T cells CD4+ (general)","Dys-CIM",11,11,0,0,11,0.14456721707441,0.0462097034911995,0.1235161646966,0.0222888857693479,-0.0210510523778091,0.0425514244495541,0.142368182702515,NA,0.406766236292901
"CIBERSORTx","T cells CD8+ (total)","Dys-CIM",11,11,0,0,11,0.120083996038496,0.0304767576438416,0.105712894057535,0.0396909190400078,-0.0143711019809608,0.0424920563541908,0.398304593395588,NA,0.724190169810159
"CIBERSORTx","T cells follicular helper","Dys-CIM",11,11,0,0,11,0.074103393514171,0.0291139262836468,0.0770565939174742,0.0256080558234649,0.0029532004033032,0.0264118151074794,0.563317799720071,NA,0.866642768800109
"CIBERSORTx","T cells gamma delta","Dys-CIM",11,11,0,4,7,0.0212611900715018,0.0329275626461239,0.0069074557741824,0.0123504351969726,-0.0143537342973194,0.0325538954734972,0.352542137499713,NA,0.705084274999426
"CIBERSORTx","T cells regulatory (Tregs)","Dys-CIM",11,11,0,1,10,0.0201356891828751,0.0148367914938519,0.0157962930166333,0.0161680592413847,-0.0043393961662418,0.0136814914553723,0.262192602406773,NA,0.655481506016933
"CIBERSORTx","B cells memory","Fun-CIM",25,25,0,7,18,0.00927810378045144,0.0180050731700763,0.00269977548514133,0.00751126051386824,-0.00657832829531011,0.0146840538259942,0.01473530940234,NA,0.0982353960155999
"CIBERSORTx","B cells naive","Fun-CIM",25,25,0,0,25,0.0357635052050311,0.0464627043533213,0.0268162454169802,0.0205971068743716,-0.00894725978805089,0.0392337550018483,0.892979885505748,NA,1
"CIBERSORTx","Dendritic cells activated","Fun-CIM",25,25,0,15,10,0.00117704195878447,0.00332308636123582,0.00678918529364347,0.0188906905975039,0.00561214333485901,0.0165323928482685,0.0323129112432441,NA,0.129251644972976
"CIBERSORTx","Dendritic cells resting","Fun-CIM",25,25,0,4,21,0.00696872336517422,0.00674258249719028,0.00688277674963407,0.00807304483973876,-0.0000859466155401473,0.00721084622943516,0.972272990639196,NA,1
"CIBERSORTx","Eosinophils","Fun-CIM",25,25,0,24,1,0,0,0.0000644274982184324,0.000322137491092162,0.0000644274982184324,0.000322137491092162,1,NA,1
"CIBERSORTx","Macrophages M0","Fun-CIM",25,25,0,5,20,0.0696073007973797,0.0674059173515208,0.0770542281277068,0.0910349295853121,0.00744692733032714,0.0838509654830126,0.925640069588623,NA,1
"CIBERSORTx","Macrophages M1","Fun-CIM",25,25,0,0,25,0.0593985206610814,0.0348877676767062,0.0416554281539002,0.0273395594568114,-0.0177430925071812,0.030568695838412,0.00558137716997927,NA,0.0558137716997927
"CIBERSORTx","Macrophages M2","Fun-CIM",25,25,0,0,25,0.315300091737066,0.0942260681573959,0.33836768629618,0.0885749287584997,0.0230675945591141,0.106999111183206,0.196519347899595,NA,0.4367096619991
"CIBERSORTx","Mast cells activated","Fun-CIM",25,25,0,9,16,0.0028783599498844,0.00605973463702465,0.010193616661284,0.0174709648091098,0.00731525671139963,0.0186731919473753,0.127157193740094,NA,0.347263087005207
"CIBERSORTx","Mast cells resting","Fun-CIM",25,25,0,0,25,0.115316253558759,0.102848572729529,0.130974789437636,0.104405166718872,0.0156585358788763,0.0838387733994423,0.0672992995238676,NA,0.224330998412892
"CIBERSORTx","Monocytes","Fun-CIM",25,25,0,0,25,0.0171853496216637,0.0219126054662991,0.0219452645792415,0.0215657260343852,0.0047599149575778,0.028442014945881,0.435214053277576,NA,0.725356755462626
"CIBERSORTx","NK cells activated","Fun-CIM",25,25,0,0,25,0.0163454533619229,0.013264852024408,0.0263572702694651,0.0199683515565911,0.0100118169075422,0.027617901611791,0.138905234802083,NA,0.347263087005207
"CIBERSORTx","NK cells resting","Fun-CIM",25,25,0,8,17,0.00946047577706959,0.0107861728407076,0.00480304431878486,0.00820673065901494,-0.00465743145828472,0.0097392055153984,0.0294393382970782,NA,0.129251644972976
"CIBERSORTx","Neutrophils","Fun-CIM",25,25,0,1,24,0.00447276686267389,0.00419775261096158,0.00601676735211457,0.00850051819753787,0.00154400048944068,0.00753873342326458,0.63733471669376,NA,0.849779622258347
"CIBERSORTx","Plasma cells","Fun-CIM",25,25,0,2,23,0.00767463120229574,0.0137027939627274,0.0096894942203808,0.0137958441055679,0.00201486301808506,0.0113290683222978,0.637332429353867,NA,0.849779622258347
"CIBERSORTx","T cells CD4+ (general)","Fun-CIM",25,25,0,0,25,0.148095410457504,0.0598332176664546,0.144498044458767,0.0616450770085546,-0.00359736599873679,0.0628845192226284,0.553882691983272,NA,0.849779622258347
"CIBERSORTx","T cells CD8+ (total)","Fun-CIM",25,25,0,0,25,0.0866464829853349,0.0337086565182671,0.0800519953265431,0.0441522604157217,-0.00659448765879187,0.0367216790081313,0.294008063111738,NA,0.557385423736757
"CIBERSORTx","T cells follicular helper","Fun-CIM",25,25,0,0,25,0.0632906849225217,0.0313849169295335,0.0558924176783779,0.023894497913854,-0.0073982672441438,0.0335373516316114,0.306561983055216,NA,0.557385423736757
"CIBERSORTx","T cells gamma delta","Fun-CIM",25,25,0,18,7,0.00422033017195718,0.0112047352744932,0.00374911504386037,0.011575761546379,-0.000471215128096816,0.0148542706148294,0.799846105662473,NA,0.999807632078092
"CIBERSORTx","T cells regulatory (Tregs)","Fun-CIM",25,25,0,0,25,0.0269205136234445,0.0185339785919052,0.00549842763214043,0.0087999836782595,-0.0214220859913041,0.0176285712329435,0.0000212540790317628,NA,0.000425081580635256
"consensus_tme","B cell","Dys-CIM",11,11,0,0,11,0.0437145632248607,0.119424011694826,-0.0910393006189557,0.0530037095226772,-0.134753863843816,0.0954988778314227,0.00385729282994253,NA,0.00834434571108664
"consensus_tme","Cancer associated fibroblast","Dys-CIM",11,11,0,0,11,0.235818751170768,0.0774916797303338,0.18651151966032,0.161161180352876,-0.0493072315104478,0.151924166497155,0.398304593395588,NA,0.398304593395588
"consensus_tme","Endothelial cell","Dys-CIM",11,11,0,0,11,0.179386855029594,0.120469272468514,0.0772902994574319,0.130005549099908,-0.102096555572163,0.0745155937815524,0.00385729282994253,NA,0.00834434571108664
"consensus_tme","Eosinophil","Dys-CIM",11,11,0,0,11,0.199856922258674,0.129563237605627,0.0626598955432293,0.0609940524690024,-0.137197026715445,0.127741445258282,0.011278190116074,NA,0.0119416130640784
"consensus_tme","Macrophage","Dys-CIM",11,11,0,0,11,0.289918338777707,0.117015074503723,0.151505436396141,0.0703578874624791,-0.138412902381566,0.0955387491761846,0.00509932237899739,NA,0.00834434571108664
"consensus_tme","Macrophage M1","Dys-CIM",11,11,0,0,11,0.252351441757264,0.127907162152425,0.106267622360724,0.0763294253227578,-0.146083819396539,0.109361802633154,0.00669228378824031,NA,0.0100384256823605
"consensus_tme","Macrophage M2","Dys-CIM",11,11,0,0,11,0.324724829679866,0.128040372748278,0.18699800998949,0.0652516377549755,-0.137726819690376,0.108469662945213,0.00871925545288926,NA,0.0104631065434671
"consensus_tme","Mast cell","Dys-CIM",11,11,0,0,11,0.110026433617789,0.123157412150382,-0.0316723245430477,0.0789293145778827,-0.141698758160837,0.122086547049217,0.011278190116074,NA,0.0119416130640784
"consensus_tme","Monocyte","Dys-CIM",11,11,0,0,11,0.196979924822643,0.114403392650641,0.0663989557516375,0.0610479074502993,-0.130580969071005,0.0987516552095868,0.00871925545288926,NA,0.0104631065434671
"consensus_tme","Myeloid dendritic cell","Dys-CIM",11,11,0,0,11,0.231645802923711,0.116390486667437,0.0933407487228423,0.0673358165035492,-0.138305054200869,0.106946403736214,0.00509932237899739,NA,0.00834434571108664
"consensus_tme","NK cell","Dys-CIM",11,11,0,0,11,0.0322786050773546,0.110757533889851,-0.110837049871232,0.0940871205912265,-0.143115654948586,0.10797292742714,0.00385729282994253,NA,0.00834434571108664
"consensus_tme","Neutrophil","Dys-CIM",11,11,0,0,11,0.104291841627489,0.0784473166988402,0.018495860170712,0.0617131270955428,-0.0857959814567766,0.0911884134307146,0.00871925545288926,NA,0.0104631065434671
"consensus_tme","T cell CD4+","Dys-CIM",11,11,0,0,11,0.171098555905008,0.113820269889862,0.0089644442324372,0.0721568937792198,-0.162134111672571,0.105687718812663,0.00385729282994253,NA,0.00834434571108664
"consensus_tme","T cell CD8+","Dys-CIM",11,11,0,0,11,0.156509683146624,0.11418020761691,-0.00319419277129106,0.0829343908640907,-0.159703875917916,0.0984855160562371,0.00385729282994253,NA,0.00834434571108664
"consensus_tme","T cell gamma delta","Dys-CIM",11,11,0,0,11,0.108622392170843,0.124877505167848,-0.0576283273638028,0.0885371978783277,-0.166250719534645,0.117303113653069,0.00509932237899739,NA,0.00834434571108664
"consensus_tme","T cell regulatory (Tregs)","Dys-CIM",11,11,0,0,11,0.150646543180562,0.136993527522454,-0.0234161105558643,0.0862391867293173,-0.174062653736426,0.124635779566702,0.00509932237899739,NA,0.00834434571108664
"consensus_tme","cytotoxicity score","Dys-CIM",11,11,0,0,11,0.104455680332559,0.113478430606282,-0.0276056456096623,0.118157400278954,-0.132061325942221,0.123987086097018,0.00385729282994253,NA,0.00834434571108664
"consensus_tme","immune score","Dys-CIM",11,11,0,0,11,0.166870264634267,0.102803071822571,0.0311674869728498,0.0634429079536001,-0.135702777661417,0.093642960084686,0.00509932237899739,NA,0.00834434571108664
"consensus_tme","B cell","Fun-CIM",25,25,0,0,25,-0.0779504391410808,0.0914886995919838,-0.0643145076230753,0.100819244552552,0.0136359315180054,0.0979025333344659,0.45121347001298,NA,0.580131604302403
"consensus_tme","Cancer associated fibroblast","Fun-CIM",25,25,0,0,25,0.272406595020448,0.138441594353457,0.356338676631427,0.0906637235922726,0.0839320816109791,0.0893333865769789,0.000133029487111372,NA,0.00148718164940299
"consensus_tme","Endothelial cell","Fun-CIM",25,25,0,0,25,0.1996268033376,0.124724171123669,0.259290538397029,0.148921695237924,0.0596637350594294,0.141712081109039,0.0633713713127705,NA,0.126742742625541
"consensus_tme","Eosinophil","Fun-CIM",25,25,0,0,25,-0.0205915771663952,0.116320984550468,0.0884545439810207,0.16005210955648,0.109046121147416,0.125292114824982,0.000165242405489221,NA,0.00148718164940299
"consensus_tme","Macrophage","Fun-CIM",25,25,0,0,25,0.105489236055052,0.102031584066382,0.173258320608385,0.154170481522669,0.0677690845533331,0.127558354596409,0.0192372507871994,NA,0.0494672163099413
"consensus_tme","Macrophage M1","Fun-CIM",25,25,0,0,25,0.0509360007152027,0.122807288604898,0.0972689367116068,0.162985186460495,0.0463329359964041,0.119705992624213,0.106437504089823,NA,0.174170461237892
"consensus_tme","Macrophage M2","Fun-CIM",25,25,0,0,25,0.161760729806197,0.104308647953952,0.232547331392273,0.155927348317487,0.0707866015860764,0.132371656548024,0.0105835471370152,NA,0.0381007696932546
"consensus_tme","Mast cell","Fun-CIM",25,25,0,0,25,-0.0697990574132396,0.10506733118132,-0.00560271139051143,0.142018815221992,0.0641963460227282,0.118211742425799,0.0097927288917192,NA,0.0381007696932546
"consensus_tme","Monocyte","Fun-CIM",25,25,0,0,25,0.0671820849012356,0.094103331095536,0.128650282004215,0.137194046502065,0.0614681971029792,0.116642071270993,0.0166332818542412,NA,0.0494672163099413
"consensus_tme","Myeloid dendritic cell","Fun-CIM",25,25,0,0,25,0.0492908232329895,0.100292730546405,0.10202435662849,0.143794801355247,0.052733533395501,0.105591806404242,0.0238100451455411,NA,0.0535726015774675
"consensus_tme","NK cell","Fun-CIM",25,25,0,0,25,-0.152986311139572,0.112982336276619,-0.132765875791184,0.164893446769386,0.0202204353483882,0.139012949301393,0.892979885505748,NA,0.914291065207661
"consensus_tme","Neutrophil","Fun-CIM",25,25,0,0,25,-0.0493201205118126,0.0801132442486847,0.0111599898089248,0.123345500376088,0.0604801103207374,0.0902709435428012,0.00307878493279616,NA,0.0184727095967769
"consensus_tme","T cell CD4+","Fun-CIM",25,25,0,0,25,-0.00399355228088268,0.112306084241896,0.0318429876817812,0.157776843783346,0.0358365399626639,0.133830858063219,0.360278257695235,NA,0.540417386542852
"consensus_tme","T cell CD8+","Fun-CIM",25,25,0,0,25,-0.0135745031656807,0.111597546530736,0.0216401213660757,0.162650703396116,0.0352146245317564,0.140482157096048,0.484189820114981,NA,0.581027784137977
"consensus_tme","T cell gamma delta","Fun-CIM",25,25,0,0,25,-0.0991487686171423,0.123144730216031,-0.0767583452705978,0.173294548046968,0.0223904233465445,0.141229696338441,0.914291065207661,NA,0.914291065207661
"consensus_tme","T cell regulatory (Tregs)","Fun-CIM",25,25,0,0,25,-0.029042668422956,0.13163201107847,0.00563219589419004,0.171859175552181,0.034674864317146,0.148691507959238,0.45121347001298,NA,0.580131604302403
"consensus_tme","cytotoxicity score","Fun-CIM",25,25,0,0,25,-0.127709777736029,0.117378511233422,-0.098229790090551,0.179770804229673,0.0294799876454782,0.149792397986815,0.628155653709986,NA,0.706675110423735
"consensus_tme","immune score","Fun-CIM",25,25,0,0,25,0.00792241870085873,0.0923580084584513,0.0492805565863709,0.13490742992815,0.0413581378855122,0.10827982019118,0.0714254294896295,NA,0.128565773081333
"epic","B cell","Dys-CIM",11,11,0,0,11,0.0193771989337506,0.0215909125242113,0.00282453366572313,0.00344477445615305,-0.0165526652680275,0.0200330821756131,0.00385729282994253,NA,0.0154291713197701
"epic","Cancer associated fibroblast","Dys-CIM",11,11,0,0,11,0.113732523669697,0.143072285637926,0.157809102788883,0.310488951453002,0.0440765791191865,0.19546331163612,0.689083746544796,NA,0.689083746544796
"epic","Endothelial cell","Dys-CIM",11,11,0,0,11,0.0232422129592655,0.0237988332197878,0.0113172889795045,0.00904739504392994,-0.011924923979761,0.0171338744601443,0.0233763900464205,NA,0.046752780092841
"epic","Macrophage","Dys-CIM",11,11,0,0,11,0.0364709195133684,0.0589183524007623,0.00867161983539744,0.00453947940742427,-0.027799299677971,0.0618594667393477,0.0144832770523174,NA,0.0386220721395131
"epic","NK cell","Dys-CIM",11,11,0,0,11,0.00218835991850015,0.00641899666050944,0.00173048446920069,0.00474264765922067,-0.000457875449299462,0.00193900319254836,0.624834867127387,NA,0.689083746544796
"epic","T cell CD4+","Dys-CIM",11,11,0,0,11,0.0431617187035612,0.0194697712902265,0.0200667909320894,0.00939161018091044,-0.0230949277714717,0.020883157913778,0.00385729282994253,NA,0.0154291713197701
"epic","T cell CD8+","Dys-CIM",11,11,0,0,11,0.0228739513490432,0.01044424558722,0.0141030028743679,0.00833151399548738,-0.00877094847467533,0.0107742182201613,0.0293825411093689,NA,0.0470120657749903
"epic","uncharacterized cell","Dys-CIM",11,11,0,0,11,0.738953114952814,0.202447763905897,0.783477176454834,0.296693521878479,0.0445240615020196,0.137789732611804,0.266402424640499,NA,0.355203232853999
"epic","B cell","Fun-CIM",25,25,0,0,25,0.00745692563257635,0.0104945135681271,0.00412437662250261,0.0078811434577633,-0.00333254901007374,0.00870657204745489,0.100730671039206,NA,0.201461342078412
"epic","Cancer associated fibroblast","Fun-CIM",25,25,0,0,25,0.264351001841413,0.260753825100029,0.573970296340061,0.345517594813083,0.309619294498649,0.295025908249562,0.0000484577252569755,NA,0.000193830901027902
"epic","Endothelial cell","Fun-CIM",25,25,0,0,25,0.0360490876083338,0.0358619249486561,0.0592007741672527,0.109983579458586,0.0231516865589189,0.103773239888679,0.978533980727415,NA,0.978533980727415
"epic","Macrophage","Fun-CIM",25,25,0,0,25,0.012314955685695,0.00840553199505289,0.0291354687942999,0.0874708718814977,0.0168205131086049,0.083637281618509,0.346324791594039,NA,0.461766388792051
"epic","NK cell","Fun-CIM",25,25,0,0,25,0.00011936228253069,0.000250772072873136,0.000807088022384816,0.00350353205100052,0.000687725739854126,0.00334502181874421,0.647370988319675,NA,0.739852558079628
"epic","T cell CD4+","Fun-CIM",25,25,0,0,25,0.038991600872538,0.0265538724815319,0.0305844015389877,0.0314839812190134,-0.00840719933355031,0.027952073811712,0.138905234802083,NA,0.222248375683332
"epic","T cell CD8+","Fun-CIM",25,25,0,0,25,0.0117066402312366,0.0105094452127611,0.00542817253869218,0.0113299378894983,-0.00627846769254439,0.00853156682895628,0.00472473171731758,NA,0.0125992845795135
"epic","uncharacterized cell","Fun-CIM",25,25,0,0,25,0.629010425845677,0.237079714934626,0.296749421975819,0.316457392657076,-0.332261003869858,0.289086279705769,0.0000269903587863338,NA,0.000193830901027902
"estimate","ESTIMATEScore","Dys-CIM",11,11,0,0,11,2318.20464145057,1158.10383949853,693.320817570712,1130.33853788799,-1624.88382387986,955.584570302213,0.00509932237899739,NA,0.00679909650532985
"estimate","ImmuneScore","Dys-CIM",11,11,0,0,11,1767.46865871973,753.261347865681,765.237171521056,449.022499179602,-1002.23148719867,659.56841103945,0.00509932237899739,NA,0.00679909650532985
"estimate","StromalScore","Dys-CIM",11,11,0,0,11,550.735982730842,536.483984397391,-71.9163539503442,811.644858617859,-622.652336681187,563.063010314039,0.0144832770523174,NA,0.0144832770523174
"estimate","TumorPurity","Dys-CIM",11,11,0,0,11,0.577639199887204,0.132922188593435,0.751334219075286,0.114818044853206,0.173695019188081,0.0991660609089238,0.00509932237899739,NA,0.00679909650532985
"estimate","ESTIMATEScore","Fun-CIM",25,25,0,0,25,1207.66104080613,1087.57821796447,2065.38249840118,1370.58569766759,857.721457595044,1213.67509662534,0.00164330586388204,NA,0.00240152777824142
"estimate","ImmuneScore","Fun-CIM",25,25,0,0,25,756.925409035075,663.714112774433,1056.62729388795,951.458509622423,299.701884852875,781.443817253837,0.100730671039206,NA,0.100730671039206
"estimate","StromalScore","Fun-CIM",25,25,0,0,25,450.735631771057,638.659963940806,1008.75520451323,582.627430600242,558.019572742169,546.861523972384,0.0000543617014074554,NA,0.000217446805629821
"estimate","TumorPurity","Fun-CIM",25,25,0,0,25,0.70038598924924,0.105693765233262,0.603781794048212,0.161615596063957,-0.0966041952010287,0.140666714725167,0.00180114583368107,NA,0.00240152777824142
"mcp_counter","B cell","Dys-CIM",11,11,0,0,11,7.05380681818182,7.20373340952532,2.20443181818182,2.76194966880488,-4.849375,8.37129215962954,0.0366712945648324,NA,0.124979101701096
"mcp_counter","Cancer associated fibroblast","Dys-CIM",11,11,0,0,11,360.269545454545,254.54306832202,576.928522727273,994.978851590704,216.658977272727,867.34741772744,0.755657737671463,NA,0.755657737671463
"mcp_counter","Endothelial cell","Dys-CIM",11,11,0,0,11,6.70778409090909,4.60195207912526,5.52873579545455,3.1949833108659,-1.17904829545455,2.69803047148675,0.197326044882155,NA,0.271323311712963
"mcp_counter","Macrophage/Monocyte","Dys-CIM",11,11,0,0,11,27.6578571428571,17.0711589339136,16.1833766233766,8.69271250079751,-11.4744805194805,17.9902671875285,0.0829604137452953,NA,0.152094091866375
"mcp_counter","Monocyte","Dys-CIM",11,11,0,0,11,27.6578571428571,17.0711589339136,16.1833766233766,8.69271250079751,-11.4744805194805,17.9902671875285,0.0829604137452953,NA,0.152094091866375
"mcp_counter","Myeloid dendritic cell","Dys-CIM",11,11,0,0,11,8.3994696969697,7.91740397682998,4.21265151515152,3.78410041449348,-4.18681818181818,8.48923176423931,0.306556273379373,NA,0.3746798896859
"mcp_counter","NK cell","Dys-CIM",11,11,0,0,11,0.375909090909091,0.280993127645661,0.273068181818182,0.397708421631179,-0.102840909090909,0.142225987548306,0.045446946073126,NA,0.124979101701096
"mcp_counter","Neutrophil","Dys-CIM",11,11,0,0,11,5.95168831168831,2.50853728565943,5.38762987012987,3.9329428026085,-0.564058441558442,2.10732271794559,0.350528908982333,NA,0.385581799880567
"mcp_counter","T cell","Dys-CIM",11,11,0,0,11,6.14957792207792,2.97701571576174,2.58464285714286,1.15497860877797,-3.56493506493507,3.02358048080967,0.00385729282994253,NA,0.0280462730844856
"mcp_counter","T cell CD8+","Dys-CIM",11,11,0,0,11,7.59590909090909,6.10441226416672,3.35,2.12884945451763,-4.24590909090909,5.53691693010732,0.00509932237899739,NA,0.0280462730844856
"mcp_counter","cytotoxicity score","Dys-CIM",11,11,0,0,11,7.05837662337662,6.68232853136638,5.39766233766234,8.18755846273509,-1.66071428571429,3.26817623734819,0.142368182702515,NA,0.223721429961095
"mcp_counter","B cell","Fun-CIM",25,25,0,0,25,3.702275,4.16652368197373,2.51325,2.82517812629797,-1.189025,3.75562718890351,0.419547030252253,NA,0.461501733277479
"mcp_counter","Cancer associated fibroblast","Fun-CIM",25,25,0,0,25,834.07625,887.585890070869,1890.2732,1649.17202087741,1056.19695,1290.70509179499,0.00014831462356524,NA,0.00075053875739647
"mcp_counter","Endothelial cell","Fun-CIM",25,25,0,0,25,8.30651875,4.18538530309162,13.8527125,13.176769305347,5.54619375,12.0446885510514,0.00215938408226768,NA,0.00593830622623613
"mcp_counter","Macrophage/Monocyte","Fun-CIM",25,25,0,0,25,12.1284285714286,6.77283320020677,21.0410571428571,22.6652521209026,8.91262857142857,19.4368438792952,0.0071304167510328,NA,0.0130724307102268
"mcp_counter","Monocyte","Fun-CIM",25,25,0,0,25,12.1284285714286,6.77283320020677,21.0410571428571,22.6652521209026,8.91262857142857,19.4368438792952,0.0071304167510328,NA,0.0130724307102268
"mcp_counter","Myeloid dendritic cell","Fun-CIM",25,25,0,0,25,2.41473333333333,1.78490096467667,5.25876666666667,3.601762365367,2.84403333333333,3.6152513686234,0.00014831462356524,NA,0.00075053875739647
"mcp_counter","NK cell","Fun-CIM",25,25,0,0,25,0.25245,0.11484306547415,0.34745,0.240837495458556,0.095,0.239628686830445,0.161765184977887,NA,0.25420243353668
"mcp_counter","Neutrophil","Fun-CIM",25,25,0,0,25,8.03264285714286,4.28163034831661,10.6472714285714,4.13250569063895,2.61462857142857,2.53194142207041,0.000204692388380856,NA,0.00075053875739647
"mcp_counter","T cell","Fun-CIM",25,25,0,0,25,3.29565714285714,2.03014560421654,4.35331428571429,4.21405747152306,1.05765714285714,3.84231531501737,0.467540508522352,NA,0.467540508522352
"mcp_counter","T cell CD8+","Fun-CIM",25,25,0,0,25,3.2276,3.21868442328021,5.5328,7.35429991569558,2.3052,6.0996681057251,0.225967837200517,NA,0.310705776150711
"mcp_counter","cytotoxicity score","Fun-CIM",25,25,0,0,25,2.83908571428571,2.21865159569078,4.38342857142857,5.91324551972355,1.54434285714286,4.90784393567469,0.294008063111738,NA,0.35934318824768
"quantiseq","B cell","Dys-CIM",11,11,0,0,11,0.0260432047177373,0.0225713015634436,0.0124170213900072,0.014250585575046,-0.0136261833277301,0.0195472612047442,0.0144832770523174,NA,0.0398290118938729
"quantiseq","Macrophage M1","Dys-CIM",11,11,0,0,11,0.0429617702448739,0.0296361884469117,0.0360686791066827,0.0315050645566476,-0.00689309113819124,0.0302313205716027,0.119722411520657,NA,0.219491087787871
"quantiseq","Macrophage M2","Dys-CIM",11,11,0,0,11,0.0498300518811102,0.0304190601340966,0.0308504527258498,0.0275877913244316,-0.0189795991552604,0.0210703405024608,0.0144832770523174,NA,0.0398290118938729
"quantiseq","Monocyte","Dys-CIM",11,11,0,3,8,0.0136678891326533,0.0165663829582056,0.00545827380130234,0.0107972455027743,-0.00820961533135092,0.0176539486403764,0.183430618982178,NA,0.288248115543423
"quantiseq","Myeloid dendritic cell","Dys-CIM",11,11,0,3,8,0.00913470128049262,0.014813566251026,0.00753150641511106,0.00903473589482909,-0.00160319486538156,0.0169847840458514,0.726286148878805,NA,0.866147139732896
"quantiseq","NK cell","Dys-CIM",11,11,0,0,11,0.00913692704837289,0.00425673154981323,0.00898047600921961,0.00596305813609844,-0.000156451039153278,0.00426632406125689,0.964541384555568,NA,0.964541384555568
"quantiseq","Neutrophil","Dys-CIM",11,11,0,0,11,0.0379673468133632,0.0209282150790092,0.042370777463351,0.0189316195604878,0.00440343064998787,0.0212454920495723,0.504879873834092,NA,0.694209826521876
"quantiseq","T cell CD4+ (non-regulatory)","Dys-CIM",11,11,0,6,5,0.00926515904669426,0.0226044148496555,0.0194671133643851,0.0315919879255915,0.0102019543176908,0.0328341522158674,0.787406490666269,NA,0.866147139732896
"quantiseq","T cell CD8+","Dys-CIM",11,11,0,0,11,0.0275784778838819,0.0179448782960071,0.0115134151551564,0.0101303670512082,-0.0160650627287256,0.0157671647325667,0.00385729282994253,NA,0.0368075608353217
"quantiseq","T cell regulatory (Tregs)","Dys-CIM",11,11,0,0,11,0.0244808598196516,0.012534896795408,0.0104904629817871,0.00558262969218763,-0.0139903968378645,0.0133201013976567,0.00669228378824031,NA,0.0368075608353217
"quantiseq","uncharacterized cell","Dys-CIM",11,11,0,0,11,0.749933612131169,0.0960505724789538,0.814851821587148,0.0821981804842477,0.0649182094559789,0.0809865613483673,0.0366712945648324,NA,0.0806768480426313
"quantiseq","B cell","Fun-CIM",25,25,0,0,25,0.0200836528648362,0.0108044485062865,0.0187632976231834,0.00785007634312481,-0.0013203552416528,0.00888935509769847,0.609189087616086,NA,0.670107996377695
"quantiseq","Macrophage M1","Fun-CIM",25,25,0,0,25,0.0294774596527291,0.0166000452643327,0.0424386403296502,0.0286681272213391,0.0129611806769211,0.0264159944696686,0.00836730782483202,NA,0.0184080772146304
"quantiseq","Macrophage M2","Fun-CIM",25,25,0,0,25,0.0456036089776635,0.0173838203605859,0.0736042496167308,0.04552664750179,0.0280006406390672,0.0471053814215247,0.00093446025255913,NA,0.00414695347076859
"quantiseq","Monocyte","Fun-CIM",25,25,0,15,10,0.00740637806547325,0.0176037703155423,0.00802081684718988,0.0270486687214452,0.000614438781716628,0.0131223116697293,1,NA,1
"quantiseq","Myeloid dendritic cell","Fun-CIM",25,25,0,2,23,0.00799925453307997,0.00768705742005267,0.0119867418155718,0.0154334528380618,0.0039874872824918,0.0168783067978601,0.456171159984014,NA,0.557542528869351
"quantiseq","NK cell","Fun-CIM",25,25,0,0,25,0.0117877952734518,0.00732467552182132,0.0159526854091819,0.00748672356351499,0.00416489013573015,0.00522009037095976,0.00113098731020962,NA,0.00414695347076859
"quantiseq","Neutrophil","Fun-CIM",25,25,0,0,25,0.0306480991178353,0.0152250890764774,0.0406768892083401,0.021455075232635,0.0100287900905048,0.0174141281037657,0.00513693793785796,NA,0.0141265793291094
"quantiseq","T cell CD4+ (non-regulatory)","Fun-CIM",25,25,0,3,22,0.0329043015666426,0.0269067182424259,0.0214967822933226,0.0187911317321143,-0.01140751927332,0.0249132329576058,0.119150015337721,NA,0.218441694785821
"quantiseq","T cell CD8+","Fun-CIM",25,25,0,1,24,0.0123888222674092,0.0126547675920965,0.0215140489828497,0.0303763220152674,0.00912522671544054,0.0269838061693936,0.310446438696633,NA,0.426863853207871
"quantiseq","T cell regulatory (Tregs)","Fun-CIM",25,25,0,0,25,0.0137058658908543,0.00713777341520938,0.017170820951565,0.0137497731064393,0.00346495506071075,0.0119663990606845,0.215820664395305,NA,0.33914675833548
"quantiseq","uncharacterized cell","Fun-CIM",25,25,0,0,25,0.787994761790025,0.0637771401994367,0.728375026922415,0.107739744417911,-0.0596197348676102,0.097401554589138,0.000632739428044683,NA,0.00414695347076859
"timer","B cell","Dys-CIM",11,11,0,0,11,0.12531322259514,0.048634568735926,0.0804683188373257,0.0124772936664985,-0.0448449037578147,0.0406449744264611,0.00385729282994253,NA,0.0231437569796552
"timer","Macrophage","Dys-CIM",11,11,0,4,7,0.038110115617313,0.0795421047939025,0.0214248998154719,0.0301373332647332,-0.0166852158018411,0.0514268370402226,0.554113130069446,NA,0.675981359664085
"timer","Myeloid dendritic cell","Dys-CIM",11,11,0,0,11,0.526349028103039,0.0719649386452868,0.490802050195442,0.0341826623761668,-0.035546977907597,0.0809427775356009,0.306556273379373,NA,0.613112546758746
"timer","Neutrophil","Dys-CIM",11,11,0,0,11,0.131426715391355,0.0233083411899462,0.134350140562794,0.0238468047768124,0.00292342517143905,0.0221739048962142,1,NA,1
"timer","T cell CD4+","Dys-CIM",11,11,0,0,11,0.126184239665368,0.0353209991766167,0.119739514208649,0.0309032971422718,-0.0064447254567188,0.0314313409499383,0.563317799720071,NA,0.675981359664085
"timer","T cell CD8+","Dys-CIM",11,11,0,0,11,0.201590198732194,0.0222130201390754,0.188065062940052,0.0309514287289504,-0.0135251357921414,0.0310618455217431,0.230024245060274,NA,0.613112546758746
"timer","B cell","Fun-CIM",25,25,0,0,25,0.0987605952253865,0.0236083986816141,0.0967451912476686,0.0481234901315133,-0.00201540397771792,0.0379860812507244,0.306561983055216,NA,0.306561983055216
"timer","Macrophage","Fun-CIM",25,25,0,0,25,0.0465923962657568,0.0311367020059556,0.0972994262607179,0.0616011804553792,0.0507070299949612,0.0734660184371939,0.000698235929175046,NA,0.00209470778752514
"timer","Myeloid dendritic cell","Fun-CIM",25,25,0,0,25,0.463922371857138,0.062895393507924,0.502165666910458,0.10229175534101,0.0382432950533202,0.072475573971931,0.00772670980937454,NA,0.0154534196187491
"timer","Neutrophil","Fun-CIM",25,25,0,0,25,0.117406863440656,0.0148777346394176,0.121222477536166,0.0120846885800672,0.00381561409551037,0.00944546005138384,0.0178938078632005,NA,0.0268407117948007
"timer","T cell CD4+","Fun-CIM",25,25,0,0,25,0.114191242574768,0.0230289284417264,0.12039915811896,0.0230472273956249,0.00620791554419232,0.0213243262335219,0.100730671039206,NA,0.120876805247047
"timer","T cell CD8+","Fun-CIM",25,25,0,0,25,0.202482573806725,0.0211977291532482,0.227890433794735,0.0310592870676929,0.0254078599880094,0.035622730053047,0.000165242405489221,NA,0.000991454432935327
"xcell","B cell","Dys-CIM",11,11,0,0,11,0.101535870706712,0.129312319654907,0.00522702284836151,0.0132844413542586,-0.0963088478583502,0.127054375353785,0.0184660864969122,NA,0.0553982594907365
"xcell","B cell memory","Dys-CIM",11,11,0,1,10,0.0311537396984106,0.0541578072077812,0.00180227163689043,0.00348636833698628,-0.0293514680615201,0.0514347060779189,0.0527870006322246,NA,0.121816155305134
"xcell","B cell naive","Dys-CIM",11,11,0,2,9,0.00350240207841751,0.011354100249201,0.000423007991987212,0.00140295879274324,-0.0030793940864303,0.0115499309581761,1,NA,1
"xcell","B cell plasma","Dys-CIM",11,11,0,0,11,0.0337579115505797,0.0403587276160827,0.00592972451161465,0.00642947402409783,-0.0278281870389651,0.039188297512566,0.0233763900464205,NA,0.0637537910356923
"xcell","Cancer associated fibroblast","Dys-CIM",11,11,0,0,11,0.0341151339182139,0.0278351438398915,0.0539180909782448,0.0686410901113569,0.019802957060031,0.073333763691215,0.824098168245978,NA,0.950882501822282
"xcell","Class-switched memory B cell","Dys-CIM",11,11,0,1,10,0.0426771864272712,0.0416567903747515,0.012822603807883,0.0210292922820906,-0.0298545826193882,0.0331719761923955,0.0144328239388418,NA,0.0543122889461903
"xcell","Common lymphoid progenitor","Dys-CIM",11,11,0,0,11,0.008250663749513,0.00817321163953562,0.0109886843764195,0.00834001049332565,0.00273802062690647,0.00442677254205706,0.0829604137452953,NA,0.155550775772429
"xcell","Common myeloid progenitor","Dys-CIM",11,11,0,2,9,0.000877354147832005,0.00201561139600976,0.00178625740026678,0.00401351536713888,0.000908903252434779,0.00323086675605759,0.635586122278767,NA,0.76270334673452
"xcell","Endothelial cell","Dys-CIM",11,11,0,0,11,0.0191835187654726,0.038029220517562,0.00909681670008853,0.0186376077103786,-0.010086702065384,0.024753858308333,0.119722411520657,NA,0.189035386611563
"xcell","Eosinophil","Dys-CIM",11,11,0,1,10,0.00422706528275579,0.0104544192042184,0.00197564640211917,0.00403818222176026,-0.00225141888063661,0.0077602097764593,0.610298655976554,NA,0.76270334673452
"xcell","Granulocyte-monocyte progenitor","Dys-CIM",11,11,0,3,8,0.00109826874926603,0.00364254536028833,0.000165209684851082,0.000547938536383892,-0.00093305906441495,0.00373731876297678,0.528612125255688,NA,0.720834716257756
"xcell","Hematopoietic stem cell","Dys-CIM",11,11,0,0,11,0.0902685667876781,0.0929423560347986,0.089198269393039,0.0943116944805637,-0.00107029739463912,0.0777386492418208,0.893903721815722,NA,0.993226357573024
"xcell","Macrophage","Dys-CIM",11,11,0,0,11,0.0527505661717588,0.05672828566624,0.0170206012136473,0.0165389278600035,-0.0357299649581115,0.054064185910592,0.0184660864969122,NA,0.0553982594907365
"xcell","Macrophage M1","Dys-CIM",11,11,0,0,11,0.0523037029714511,0.0360721748146199,0.0233017653324076,0.0168481911302156,-0.0290019376390435,0.0303399276129522,0.00669228378824031,NA,0.0401537027294419
"xcell","Macrophage M2","Dys-CIM",11,11,0,0,11,0.0165626179110699,0.0441866842631735,0.00424142186731735,0.00749056508905316,-0.0123211960437526,0.0376782107928562,0.306556273379373,NA,0.437937533399104
"xcell","Mast cell","Dys-CIM",11,11,0,1,10,0.0119331743348348,0.0154325796183235,0.00782583565574507,0.0127584025939033,-0.00410733867908969,0.00838391134021367,0.102917539402853,NA,0.17887926293602
"xcell","Monocyte","Dys-CIM",11,11,0,3,8,0.00529372892232717,0.00963964981406912,0.000524216971161502,0.00173863100207926,-0.00476951195116566,0.00872568841195112,0.0800579199844347,NA,0.155550775772429
"xcell","Myeloid dendritic cell","Dys-CIM",11,11,0,1,10,0.0362753521689119,0.049188072774428,0.00660279116355188,0.00757367038912298,-0.02967256100536,0.0507584833559245,0.00804523748656169,NA,0.0402261874328085
"xcell","Myeloid dendritic cell activated","Dys-CIM",11,11,0,0,11,0.119520807457759,0.0705613497380022,0.0456282275174633,0.0366982960969061,-0.073892579940296,0.0769380841031961,0.00669228378824031,NA,0.0401537027294419
"xcell","NK cell","Dys-CIM",11,11,0,1,10,0.00273713747923123,0.00907805801822916,0.00127395707584941,0.00393690586634892,-0.00146318040338182,0.00515738956230246,0.610298655976554,NA,0.76270334673452
"xcell","Neutrophil","Dys-CIM",11,11,0,3,8,0.0000782331736494275,0.00025947008315387,0.00110839596781828,0.00160506681065442,0.00103016279416885,0.00156654425078507,0.0299739735865559,NA,0.0749349339663897
"xcell","Plasmacytoid dendritic cell","Dys-CIM",11,11,0,0,11,0.028811636116404,0.0238817282055804,0.00851485921764389,0.0138601297398406,-0.0202967768987602,0.0215435097578374,0.0144832770523174,NA,0.0543122889461903
"xcell","T cell CD4+ (aggregated)","Dys-CIM",11,11,0,0,11,0.44769467669235,0.208171201512068,0.410195816375358,0.164728965793845,-0.0374988603169914,0.226446611383615,1,NA,1
"xcell","T cell CD8+ (aggregated)","Dys-CIM",11,11,0,0,11,0.183100713929247,0.128442918565122,0.0406606552811645,0.0368802215736049,-0.142440058648082,0.122138462028422,0.00509932237899739,NA,0.0401537027294419
"xcell","T cell NK","Dys-CIM",11,11,0,0,11,0.00360467878968455,0.00635248835618034,0.0103354764362012,0.0177642107727886,0.00673079764651661,0.0197511815110193,0.306556273379373,NA,0.437937533399104
"xcell","T cell gamma delta","Dys-CIM",11,11,0,2,9,0.00137067861271089,0.00306519664624418,0.00000000000000000133376008892535,0.00000000000000000309913475316551,-0.00137067861271089,0.00306519664624418,0.0580240199462214,NA,0.124337185599046
"xcell","T cell regulatory (Tregs)","Dys-CIM",11,11,0,3,8,0.0000879224384294253,0.000291605738923506,0.00000000000000000208832569824257,0.00000000000000000422895337971753,-0.0000879224384294232,0.000291605738923507,0.107327557761612,NA,0.17887926293602
"xcell","immune score","Dys-CIM",11,11,0,0,11,0.180159650037078,0.139263800520496,0.0322696373207324,0.0262297488375484,-0.147890012716345,0.132062213975215,0.00509932237899739,NA,0.0401537027294419
"xcell","microenvironment score","Dys-CIM",11,11,0,0,11,0.215157286994102,0.120406640222216,0.066374261550046,0.0589104516966383,-0.148783025444056,0.111958700578362,0.00509932237899739,NA,0.0401537027294419
"xcell","stroma score","Dys-CIM",11,11,0,0,11,0.0349976369570241,0.0430813250667508,0.0341046242293137,0.0388503740705057,-0.000893012727710421,0.0576437565796395,0.964541384555568,NA,1
"xcell","B cell","Fun-CIM",25,25,0,4,21,0.0255003649805614,0.0402978585035201,0.0169330713851287,0.0548291910058402,-0.0085672935954327,0.0473241671001358,0.076288354527471,NA,0.188090665694831
"xcell","B cell memory","Fun-CIM",25,25,0,5,20,0.00621875885065605,0.0178974416430997,0.00301595918098741,0.015079795904937,-0.00320279966966865,0.0172958784551431,0.513548893500135,NA,0.592556415577078
"xcell","B cell naive","Fun-CIM",25,25,0,6,19,0.001523055887412,0.00534531765850277,0.000335483028463785,0.00136262399793723,-0.00118757285894821,0.00561192157673723,0.304808803121227,NA,0.45721320468184
"xcell","B cell plasma","Fun-CIM",25,25,0,2,23,0.0084982930615934,0.0149766328231585,0.00371115360963619,0.00855263450654174,-0.00478713945195721,0.00716881622975885,0.0002784263884126,NA,0.002784263884126
"xcell","Cancer associated fibroblast","Fun-CIM",25,25,0,0,25,0.0694555031652866,0.0612312204669057,0.150334723300089,0.099383111349477,0.080879220134802,0.0778243774955542,0.0000609428993202133,NA,0.0018282869796064
"xcell","Class-switched memory B cell","Fun-CIM",25,25,0,1,24,0.0223108174040655,0.0222762652477705,0.0181192186239417,0.0265565824894853,-0.00419159878012384,0.0229409645989929,0.133614402537716,NA,0.250527004758218
"xcell","Common lymphoid progenitor","Fun-CIM",25,25,0,0,25,0.0101546587668067,0.0100181866107812,0.00413450129592104,0.00690767488813389,-0.00602015747088562,0.00663103775781454,0.000252865664650941,NA,0.002784263884126
"xcell","Common myeloid progenitor","Fun-CIM",25,25,0,1,24,0.00807946027340697,0.0109577131839657,0.0113717762778026,0.0107394321502725,0.00329231600439559,0.0105957077993278,0.0537840888623983,NA,0.161352266587195
"xcell","Endothelial cell","Fun-CIM",25,25,0,1,24,0.0304006125650779,0.0363659687069433,0.0606550278700643,0.0988994525923143,0.0302544153049864,0.0984131540935808,0.247213999419846,NA,0.41202333236641
"xcell","Eosinophil","Fun-CIM",25,25,0,4,21,0.00314902094343526,0.00499915239215796,0.00496773433432749,0.00654568309900932,0.00181871339089223,0.00491671411881771,0.070700276991926,NA,0.188090665694831
"xcell","Granulocyte-monocyte progenitor","Fun-CIM",25,25,0,5,20,0.00243377572466787,0.00745036598724681,0.00291855580361166,0.00754562307071073,0.000484780078943783,0.00748460763368289,0.444081179535047,NA,0.532897415442056
"xcell","Hematopoietic stem cell","Fun-CIM",25,25,0,0,25,0.149067255813483,0.10578579872802,0.236342159794018,0.157711745381796,0.087274903980535,0.154061658937781,0.00258189966306281,NA,0.012909498315314
"xcell","Macrophage","Fun-CIM",25,25,0,0,25,0.0169290115389046,0.0222607635801268,0.0366796962535914,0.0691935700715601,0.0197506847146868,0.0573210986299042,0.215820664395305,NA,0.380859995991715
"xcell","Macrophage M1","Fun-CIM",25,25,0,0,25,0.0173705264305999,0.0237022932353516,0.0255913466190845,0.0472505234543805,0.00822082018848456,0.0306654540571652,0.332720434640848,NA,0.46092053269818
"xcell","Macrophage M2","Fun-CIM",25,25,0,0,25,0.00503879018452434,0.00751444167062132,0.0204787378241449,0.0353789912839626,0.0154399476396206,0.0368688110387005,0.0192372507871994,NA,0.0721396904519977
"xcell","Mast cell","Fun-CIM",25,25,0,0,25,0.0178323020596864,0.0111232393008614,0.0214536301467228,0.0166205732150788,0.00362132808703642,0.0160618035255598,0.360278257695235,NA,0.469928162211176
"xcell","Monocyte","Fun-CIM",25,25,0,4,21,0.000805479309553676,0.00249622253486458,0.00482961545873162,0.0115559087552997,0.00402413614917795,0.00958886267404467,0.109853514160051,NA,0.235400387485823
"xcell","Myeloid dendritic cell","Fun-CIM",25,25,0,2,23,0.00406692922226854,0.00729815740027865,0.0108186922178288,0.0221988626235099,0.00675176299556027,0.0219840475476999,0.0431149830672725,NA,0.143716610224242
"xcell","Myeloid dendritic cell activated","Fun-CIM",25,25,0,0,25,0.0334372570172065,0.0436249990972224,0.0442860830736011,0.0608173600747886,0.0108488260563946,0.0448682399345952,0.435214053277576,NA,0.532897415442056
"xcell","NK cell","Fun-CIM",25,25,0,7,18,0.00000000000000000134326498681667,0.000000000000000003742841563074,0.00000000000000000310028571836563,0.0000000000000000055596031719317,0.00000000000000000175702073154896,0.00000000000000000657342849450651,0.0815059551344267,NA,0.188090665694831
"xcell","Neutrophil","Fun-CIM",25,25,0,7,18,0.0000168017747465952,0.0000840088737329751,0.000198448183069724,0.00065330732191413,0.000181646408323129,0.000582303234892994,0.338008390645332,NA,0.46092053269818
"xcell","Plasmacytoid dendritic cell","Fun-CIM",25,25,0,6,19,0.00254497200500142,0.00988890003573549,0.00791569852172389,0.0280165196306303,0.00537072651672247,0.0185449678316084,0.702238315221897,NA,0.752398194880604
"xcell","T cell CD4+ (aggregated)","Fun-CIM",25,25,0,0,25,0.193901017059396,0.155839129512921,0.140723124851458,0.166749369360216,-0.0531778922079382,0.0929678745084625,0.00836730782483202,NA,0.0358598906778515
"xcell","T cell CD8+ (aggregated)","Fun-CIM",25,25,0,0,25,0.0460394821252508,0.0673560698238778,0.0817213041103144,0.187521212064383,0.0356818219850636,0.154241584993886,0.957083495902994,NA,0.957083495902994
"xcell","T cell NK","Fun-CIM",25,25,0,0,25,0.00707339472932794,0.01164144636948,0.00303921610220139,0.00563302227517727,-0.00403417862712655,0.014039699796567,0.125104957853436,NA,0.250209915706872
"xcell","T cell gamma delta","Fun-CIM",25,25,0,4,21,0.000145718768435228,0.000632449811111991,0.000744907130315438,0.00261416765105471,0.00059918836188021,0.00267108824319915,0.297073591495103,NA,0.45721320468184
"xcell","T cell regulatory (Tregs)","Fun-CIM",25,25,0,6,19,0.00076966386446389,0.00262544232330004,0.00115587410120544,0.00365032976984215,0.000386210236741552,0.00142779924614005,0.793649751006546,NA,0.821016983799875
"xcell","immune score","Fun-CIM",25,25,0,0,25,0.0544384854237787,0.0528717220748537,0.0816094316241598,0.140821132558133,0.0271709462003811,0.114779045936126,0.609189087616086,NA,0.676876764017874
"xcell","microenvironment score","Fun-CIM",25,25,0,0,25,0.111501470886972,0.0680540003865364,0.197186719813467,0.148725457017166,0.0856852489264952,0.136004758169375,0.00258189966306281,NA,0.012909498315314
"xcell","stroma score","Fun-CIM",25,25,0,0,25,0.0570629854631935,0.0500160840313935,0.115577288189308,0.0920935858857862,0.0585143027261141,0.0852925279567079,0.00136513720445637,NA,0.0102385290334228
