Category,gene,METABRIC_OS_HR,METABRIC_OS_CI_lower,METABRIC_OS_CI_upper,METABRIC_OS_p_value,METABRIC_OS_p_adj_BH,SCANB_OS_HR,SCANB_OS_CI_lower,SCANB_OS_CI_upper,SCANB_OS_p_value,SCANB_OS_p_adj_BH,METABRIC_DSS_HR,METABRIC_DSS_CI_lower,METABRIC_DSS_CI_upper,METABRIC_DSS_p_value,METABRIC_DSS_p_adj_BH,METABRIC_RFI_HR,METABRIC_RFI_CI_lower,METABRIC_RFI_CI_upper,METABRIC_RFI_p_value,METABRIC_RFI_p_adj_BH,SCANB_RFI_HR,SCANB_RFI_CI_lower,SCANB_RFI_CI_upper,SCANB_RFI_p_value,SCANB_RFI_p_adj_BH,SCANB_DRFI_HR,SCANB_DRFI_CI_lower,SCANB_DRFI_CI_upper,SCANB_DRFI_p_value,SCANB_DRFI_p_adj_BH
Fun-CIM,ABCA1,1.0876,0.9545,1.2393,0.2074,0.3564,0.9265,0.8206,1.046,0.2173,0.3006,1.0972,0.9564,1.2587,0.1856,0.3897,1.0861,0.954,1.2364,0.212,0.3761,1.0518,0.92,1.2025,0.4599,0.5697,1.0064,0.8699,1.1643,0.9316,0.9373
Fun-CIM,ABCA7,1.0539,0.9287,1.196,0.4161,0.5537,1.045,0.9141,1.1945,0.5193,0.5865,1.107,0.9712,1.2617,0.128,0.3354,1.1108,0.9786,1.2608,0.1041,0.2606,0.9552,0.8245,1.1067,0.542,0.6504,0.9527,0.8108,1.1194,0.5561,0.6501
Fun-CIM,ABCD2,1.0098,0.8846,1.1526,0.8856,0.9366,0.8791,0.7707,1.0027,0.05494,0.09702,1.0328,0.8992,1.1863,0.6481,0.7584,0.9986,0.8752,1.1394,0.9839,0.9962,0.8581,0.7366,0.9995,0.04922,0.09964,0.7964,0.67,0.9467,0.009869,0.02657
Fun-CIM,ALOX5,0.8666,0.7586,0.9899,0.0349,0.1419,0.8581,0.76,0.9688,0.0134,0.03179,0.8905,0.7741,1.0245,0.1048,0.2992,0.8736,0.7641,0.9989,0.04818,0.2208,0.8333,0.7261,0.9563,0.009428,0.03696,0.7951,0.6843,0.9239,0.002768,0.01021
Fun-CIM,ATM,0.8429,0.7337,0.9684,0.01579,0.1286,0.822,0.7228,0.9348,0.002809,0.01036,0.855,0.739,0.9892,0.03523,0.2763,0.8569,0.7456,0.9847,0.02948,0.1983,0.8664,0.7499,1.0011,0.05173,0.103,0.8141,0.6948,0.9538,0.01093,0.02752
Fun-CIM,BCL6,1.0248,0.8972,1.1704,0.7182,0.8176,0.9717,0.8615,1.0959,0.6395,0.7003,1.0108,0.8783,1.1633,0.881,0.9259,1.0569,0.9244,1.2084,0.4178,0.5715,1.0524,0.92,1.2038,0.4568,0.5697,1.0827,0.9346,1.2542,0.2897,0.3847
Fun-CIM,BTK,0.9187,0.8,1.055,0.2297,0.3716,0.8043,0.709,0.9124,0.0007128,0.00408,0.9418,0.814,1.0898,0.421,0.6202,0.8833,0.7657,1.019,0.08872,0.2524,0.7984,0.6936,0.9192,0.001732,0.01106,0.7534,0.6457,0.879,0.0003197,0.002412
Fun-CIM,BTN3A1,0.8975,0.7823,1.0296,0.1226,0.2601,0.8267,0.7306,0.9354,0.002536,0.009566,0.9071,0.7848,1.0486,0.1874,0.3897,0.9074,0.791,1.0408,0.165,0.3166,0.8142,0.7103,0.9333,0.003156,0.01637,0.7957,0.6851,0.9242,0.002764,0.01021
Fun-CIM,BTN3A2,0.8928,0.7855,1.0148,0.08262,0.2065,0.8655,0.7676,0.9759,0.01833,0.04169,0.8994,0.7853,1.0301,0.1257,0.3345,0.87,0.7653,0.9892,0.0335,0.2015,0.9104,0.7975,1.0394,0.165,0.256,0.8879,0.7683,1.026,0.1069,0.1694
Fun-CIM,BTN3A3,0.8166,0.7144,0.9333,0.002952,0.1226,0.861,0.7627,0.9718,0.0154,0.03601,0.8236,0.715,0.9486,0.00711,0.1687,0.8346,0.7309,0.953,0.007547,0.1711,0.8639,0.7558,0.9874,0.03194,0.08156,0.8526,0.7365,0.9871,0.03284,0.06648
Fun-CIM,CARD11,0.9763,0.8547,1.1151,0.7235,0.8176,0.8588,0.7549,0.9769,0.02061,0.04478,1.0038,0.8705,1.1574,0.9586,0.9645,0.9764,0.8502,1.1212,0.7345,0.8244,0.8106,0.7005,0.938,0.004806,0.0228,0.7841,0.6678,0.9206,0.002986,0.01078
Fun-CIM,CARD8,0.9469,0.8312,1.0787,0.412,0.5527,0.8076,0.7131,0.9146,0.0007617,0.004215,0.9575,0.8338,1.0995,0.5381,0.6777,0.9703,0.8519,1.1051,0.6496,0.7495,0.8622,0.7512,0.9896,0.03502,0.08298,0.8192,0.7043,0.9528,0.009698,0.02657
Fun-CIM,CBLB,1.0406,0.9142,1.1844,0.5468,0.6634,0.93,0.8193,1.0557,0.2618,0.3477,1.0291,0.8977,1.1796,0.6808,0.7911,1.0043,0.8821,1.1434,0.9482,0.9778,1.0409,0.9019,1.2013,0.5838,0.6864,1.0114,0.8637,1.1845,0.8877,0.9096
Fun-CIM,CCR2,0.8441,0.7329,0.9721,0.01861,0.1286,0.7989,0.7069,0.9027,0.0003174,0.002635,0.8566,0.7388,0.9931,0.04016,0.2763,0.8491,0.7377,0.9773,0.02262,0.1983,0.7671,0.6697,0.8786,0.0001293,0.002249,0.7099,0.6118,0.8238,0.000006381,0.0001513
Fun-CIM,CD209,0.9553,0.8282,1.1019,0.5302,0.6528,0.9887,0.8752,1.117,0.8556,0.8851,0.9699,0.8359,1.1253,0.6865,0.7921,0.9798,0.8541,1.124,0.7708,0.8535,0.9622,0.842,1.0995,0.571,0.6771,0.9167,0.7916,1.0617,0.2457,0.3371
Fun-CIM,CD274,0.8912,0.7723,1.0284,0.1148,0.2526,0.7529,0.6591,0.8601,0.00002907,0.0008043,0.8798,0.7559,1.0241,0.09848,0.2992,0.8872,0.7701,1.022,0.09726,0.2588,0.7458,0.643,0.8651,0.0001073,0.002249,0.6809,0.5772,0.8032,0.000005161,0.0001513
Fun-CIM,CD28,0.9526,0.8313,1.0916,0.4848,0.606,0.8667,0.7648,0.982,0.02481,0.05149,0.9869,0.8561,1.1377,0.8553,0.9105,0.9581,0.8354,1.0988,0.5405,0.686,0.8658,0.754,0.9941,0.04095,0.08761,0.8396,0.7213,0.9772,0.02393,0.05227
Fun-CIM,CD38,0.8566,0.7459,0.9838,0.02843,0.1336,0.8783,0.7736,0.997,0.04484,0.08271,0.8736,0.7556,1.0101,0.0681,0.2808,0.8539,0.7431,0.9812,0.02596,0.1983,0.8199,0.7109,0.9457,0.006411,0.02801,0.7522,0.6417,0.8818,0.0004454,0.003057
Fun-CIM,CD4,0.9375,0.819,1.0731,0.3492,0.4964,0.929,0.817,1.0565,0.2618,0.3477,0.9776,0.8493,1.1252,0.7521,0.8273,0.9644,0.8443,1.1015,0.5929,0.7193,0.8595,0.7452,0.9913,0.03755,0.08358,0.8453,0.7227,0.9888,0.03565,0.06962
Fun-CIM,CD40,0.8767,0.7657,1.0037,0.05661,0.1847,0.9346,0.824,1.06,0.2922,0.385,0.8888,0.7704,1.0255,0.1063,0.2992,0.883,0.7709,1.0114,0.07237,0.2356,0.8549,0.7415,0.9857,0.0309,0.08136,0.8238,0.7043,0.9635,0.0153,0.03629
Fun-CIM,CD69,0.8443,0.7325,0.9731,0.01947,0.1286,0.7052,0.6196,0.8028,1.261E-07,0.00002094,0.8621,0.7426,1.0007,0.05111,0.2763,0.8434,0.7317,0.972,0.01871,0.1983,0.7503,0.6497,0.8665,0.00009248,0.002249,0.6742,0.5753,0.7901,0.000001112,0.0001513
Fun-CIM,CD74,0.8602,0.7529,0.9828,0.02675,0.1336,0.9841,0.8644,1.1202,0.8079,0.8435,0.8694,0.7545,1.0018,0.05295,0.2763,0.8734,0.7631,0.9998,0.04962,0.2213,0.901,0.7782,1.0431,0.1629,0.2551,0.9068,0.7718,1.0654,0.2342,0.3267
Fun-CIM,CD84,0.9045,0.7879,1.0383,0.1537,0.3028,0.8849,0.776,1.009,0.06783,0.1161,0.9065,0.7832,1.0493,0.1884,0.3897,0.8854,0.7705,1.0174,0.08605,0.2491,0.9093,0.7863,1.0515,0.1997,0.2934,0.8628,0.7347,1.0132,0.07184,0.1216
Fun-CIM,CFLAR,0.9642,0.8398,1.1071,0.6052,0.7184,1.0383,0.9166,1.1761,0.5546,0.6179,0.9652,0.8344,1.1166,0.634,0.7584,0.9591,0.8344,1.1024,0.5564,0.6955,0.9582,0.837,1.097,0.5362,0.6498,0.9135,0.7881,1.0589,0.23,0.3236
Fun-CIM,CLEC2B,0.9155,0.7982,1.0499,0.2063,0.3564,0.8769,0.7706,0.9978,0.04616,0.0842,0.9217,0.7978,1.0648,0.2681,0.4656,0.9412,0.8207,1.0794,0.3859,0.5489,0.9902,0.8589,1.1415,0.8919,0.914,0.949,0.8114,1.1098,0.512,0.6027
Fun-CIM,CLEC4E,0.9907,0.87,1.1282,0.8883,0.9366,0.8687,0.766,0.9853,0.02844,0.05688,1.0236,0.8931,1.1732,0.737,0.8272,0.966,0.8479,1.1005,0.603,0.721,0.8559,0.7454,0.9828,0.02741,0.0754,0.7916,0.6793,0.9224,0.002746,0.01021
Fun-CIM,CMKLR1,0.9801,0.857,1.1209,0.7692,0.8406,0.9744,0.8604,1.1034,0.6825,0.7357,1.0059,0.874,1.1577,0.9343,0.9575,1,0.8768,1.1405,0.9999,0.9999,0.9954,0.8636,1.1474,0.9497,0.9555,0.98,0.8384,1.1456,0.8001,0.8406
Fun-CIM,CREBRF,0.84,0.7337,0.9617,0.01155,0.1286,0.7603,0.6653,0.8689,0.00005721,0.001041,0.837,0.7253,0.9659,0.01487,0.194,0.8814,0.7703,1.0086,0.06648,0.2266,0.8351,0.7211,0.9671,0.01608,0.05314,0.8086,0.6881,0.9503,0.009925,0.02657
Fun-CIM,CSF2RB,0.8939,0.7721,1.035,0.1335,0.272,0.8819,0.776,1.0021,0.0539,0.09702,0.9016,0.7723,1.0525,0.1894,0.3897,0.89,0.7676,1.0319,0.1226,0.281,0.8001,0.6933,0.9233,0.002274,0.01302,0.7495,0.6391,0.8789,0.0003886,0.002805
Fun-CIM,CTSH,0.9779,0.8508,1.124,0.7533,0.8376,0.9062,0.8009,1.0254,0.1182,0.1834,0.9948,0.8602,1.1504,0.9436,0.9611,0.9672,0.8434,1.1092,0.6334,0.7466,0.8722,0.7598,1.0013,0.05214,0.103,0.8592,0.7387,0.9994,0.04909,0.08763
Fun-CIM,CTSS,0.8504,0.7432,0.9731,0.01844,0.1286,0.9204,0.8079,1.0486,0.2127,0.2968,0.8654,0.7505,0.9979,0.04674,0.2763,0.8281,0.7225,0.9491,0.006711,0.1711,0.924,0.8005,1.0664,0.2798,0.3932,0.8649,0.7382,1.0134,0.07254,0.1216
Fun-CIM,CXCL12,0.8817,0.7709,1.0085,0.06634,0.1847,0.8674,0.7687,0.9788,0.02097,0.04478,0.8736,0.7576,1.0073,0.06286,0.2799,0.9359,0.8165,1.0728,0.3415,0.5122,1.0201,0.8898,1.1694,0.7754,0.8387,1,0.8616,1.1608,0.9996,0.9996
Fun-CIM,CYBB,0.8844,0.776,1.008,0.06566,0.1847,0.8643,0.76,0.9828,0.02612,0.05288,0.9032,0.7866,1.037,0.1486,0.3659,0.883,0.7745,1.0068,0.06308,0.222,0.8734,0.759,1.0049,0.05855,0.1117,0.8124,0.6964,0.9476,0.008183,0.02426
Fun-CIM,CYP1B1,0.9499,0.8305,1.0865,0.4535,0.579,0.969,0.8621,1.0891,0.5969,0.6606,0.9672,0.8396,1.1141,0.6439,0.7584,1.0014,0.8754,1.1454,0.9841,0.9962,1.0621,0.9315,1.2111,0.3681,0.4888,0.9922,0.8592,1.1457,0.915,0.9261
Fun-CIM,DAPK1,0.9953,0.8668,1.1428,0.9466,0.9687,1.0098,0.8881,1.1483,0.8812,0.8974,1.0221,0.8847,1.1807,0.767,0.8381,0.9828,0.8561,1.1283,0.8056,0.8632,1.016,0.8827,1.1694,0.8254,0.8727,0.9796,0.8388,1.144,0.7943,0.8398
Fun-CIM,DLL1,0.9414,0.8283,1.0699,0.355,0.4964,1.0495,0.923,1.1933,0.4612,0.5353,0.9239,0.8069,1.0579,0.252,0.4471,0.9921,0.8719,1.1288,0.9038,0.9559,1.1991,1.034,1.3907,0.01632,0.05314,1.2119,1.0307,1.425,0.02005,0.04622
Fun-CIM,DOCK10,0.8249,0.721,0.9437,0.005043,0.1226,0.7312,0.6447,0.8293,0.000001104,0.00006109,0.8419,0.7307,0.9701,0.01735,0.2045,0.824,0.7195,0.9437,0.005147,0.1711,0.7804,0.6783,0.8979,0.0005297,0.004885,0.7518,0.6444,0.877,0.0002844,0.002248
Fun-CIM,DOCK11,0.9201,0.8055,1.051,0.22,0.3671,0.8413,0.7429,0.9528,0.006477,0.01822,0.952,0.828,1.0945,0.4894,0.6695,0.9146,0.8004,1.0452,0.1898,0.3519,0.9396,0.816,1.0819,0.3862,0.5002,0.8892,0.7618,1.0379,0.1367,0.2082
Fun-CIM,DOCK2,0.8527,0.7444,0.9767,0.0214,0.1308,0.8486,0.7469,0.964,0.01162,0.02879,0.8845,0.7666,1.0205,0.09255,0.2992,0.864,0.7539,0.9901,0.03541,0.2015,0.8482,0.736,0.9774,0.0229,0.06788,0.8116,0.6945,0.9485,0.008674,0.02483
Fun-CIM,DOCK8,0.8903,0.7774,1.0196,0.09304,0.2162,0.8143,0.721,0.9197,0.0009414,0.004736,0.9066,0.7859,1.0458,0.1784,0.3897,0.8763,0.7648,1.004,0.05713,0.222,0.8486,0.7418,0.9709,0.01686,0.05382,0.7923,0.6841,0.9175,0.001872,0.008396
Fun-CIM,DTX1,0.9767,0.8628,1.1057,0.71,0.8176,1.0553,0.9319,1.1951,0.3961,0.4871,1.0151,0.8894,1.1586,0.8243,0.889,1.0051,0.8841,1.1426,0.9382,0.977,1.0642,0.9227,1.2274,0.3929,0.5017,1.1059,0.9453,1.2938,0.2086,0.2985
Fun-CIM,EDA2R,0.9948,0.8601,1.1505,0.944,0.9687,0.8162,0.7199,0.9254,0.001527,0.006269,0.9707,0.8345,1.1291,0.6999,0.802,1.0319,0.8958,1.1886,0.6636,0.7604,0.9254,0.805,1.0638,0.2759,0.3914,0.9336,0.8015,1.0875,0.3774,0.471
Fun-CIM,EDEM1,0.8358,0.7326,0.9534,0.007593,0.1226,0.7826,0.6892,0.8885,0.0001547,0.001712,0.7953,0.6918,0.9143,0.001279,0.1687,0.7923,0.6944,0.9039,0.0005372,0.05678,0.7956,0.6886,0.9192,0.001913,0.01176,0.7656,0.6532,0.8974,0.0009782,0.005599
Fun-CIM,FAS,0.8792,0.7569,1.0213,0.09217,0.2162,0.9161,0.8118,1.0338,0.1552,0.2321,0.8672,0.7397,1.0165,0.07877,0.2911,0.876,0.7552,1.0161,0.08029,0.2366,0.8947,0.7852,1.0195,0.09493,0.1648,0.8619,0.748,0.9932,0.03994,0.07621
Fun-CIM,FCGR2B,0.9225,0.8043,1.058,0.2484,0.3866,1.1167,0.9845,1.2667,0.08593,0.1385,0.9559,0.8291,1.1023,0.5352,0.6777,0.909,0.7913,1.0442,0.1775,0.3367,1.1687,1.0121,1.3495,0.03365,0.08193,1.1856,1.0124,1.3884,0.03461,0.0684
Fun-CIM,FCRL5,0.8902,0.7663,1.0341,0.1281,0.2642,0.8722,0.7705,0.9874,0.03071,0.05998,0.9081,0.7756,1.0633,0.231,0.4282,0.9052,0.779,1.0519,0.1937,0.3551,0.7896,0.6843,0.9111,0.001215,0.009603,0.7252,0.6175,0.8516,0.000089,0.0008691
Fun-CIM,FGL2,0.8351,0.7349,0.949,0.005736,0.1226,0.7871,0.6945,0.892,0.000176,0.001826,0.8387,0.7322,0.9607,0.01111,0.194,0.8415,0.7392,0.958,0.009087,0.1711,0.8419,0.7336,0.9661,0.01425,0.05144,0.7879,0.6773,0.9165,0.002004,0.008531
Fun-CIM,FLT3LG,0.9183,0.8014,1.0523,0.2202,0.3671,0.9209,0.8093,1.0479,0.2111,0.2968,0.941,0.8143,1.0875,0.4101,0.6152,0.9417,0.8211,1.08,0.3902,0.5503,0.8499,0.733,0.9856,0.03137,0.08136,0.8351,0.7103,0.9819,0.02915,0.06196
Fun-CIM,FOXN3,0.9367,0.8219,1.0675,0.3268,0.473,0.9733,0.8601,1.1013,0.6673,0.724,0.966,0.8413,1.1092,0.6237,0.7584,0.9873,0.8656,1.126,0.8484,0.9031,1.0338,0.8997,1.1877,0.6392,0.727,1.0232,0.879,1.1911,0.7672,0.8216
Fun-CIM,FOXO1,0.9476,0.8295,1.0826,0.4285,0.5649,0.8446,0.7496,0.9517,0.005549,0.01616,0.9554,0.8301,1.0997,0.5249,0.6777,0.9784,0.8566,1.1175,0.7475,0.8333,0.9572,0.8365,1.0953,0.5249,0.6407,0.9577,0.827,1.1091,0.5637,0.6544
Fun-CIM,GLI2,1.0261,0.8948,1.1766,0.7123,0.8176,0.9773,0.8596,1.1112,0.7263,0.7778,1.0476,0.9096,1.2065,0.5191,0.6777,1.1059,0.9668,1.2649,0.1421,0.29,1.09,0.9435,1.2592,0.242,0.3493,1.1278,0.962,1.3222,0.1383,0.2087
Fun-CIM,GPR183,0.874,0.7624,1.002,0.05336,0.1814,0.8358,0.7375,0.9473,0.004994,0.01524,0.9083,0.7871,1.0482,0.1882,0.3897,0.8903,0.7764,1.0208,0.0959,0.2588,0.8722,0.7578,1.0039,0.05663,0.1093,0.813,0.6966,0.9487,0.008581,0.02483
Fun-CIM,HGF,1.0525,0.92,1.2041,0.4562,0.579,0.8598,0.7647,0.9667,0.01153,0.02879,1.0492,0.9102,1.2094,0.5077,0.6776,1.0712,0.9353,1.2268,0.3205,0.4897,0.9382,0.8265,1.0649,0.3236,0.4477,0.9439,0.8215,1.0845,0.4149,0.514
Fun-CIM,HIC1,0.8791,0.763,1.0127,0.07432,0.1978,1.0584,0.9218,1.2152,0.4206,0.5023,0.889,0.7665,1.0309,0.1194,0.3231,0.9499,0.8271,1.0908,0.4664,0.6108,1.0243,0.8756,1.1982,0.7642,0.838,1.065,0.8935,1.2693,0.4822,0.5759
Fun-CIM,HLA-DOA,0.8817,0.7734,1.005,0.05939,0.1847,0.9053,0.7996,1.0249,0.1162,0.182,0.9102,0.7925,1.0453,0.1827,0.3897,0.8993,0.7881,1.0262,0.1151,0.2752,0.8644,0.7538,0.9912,0.03699,0.08358,0.8696,0.7479,1.0111,0.06937,0.1188
Fun-CIM,HLA-DPA1,0.8745,0.7718,0.9908,0.03527,0.1419,0.8978,0.7945,1.0146,0.08411,0.1369,0.8881,0.7773,1.0148,0.08115,0.2911,0.8728,0.769,0.9906,0.0352,0.2015,0.8359,0.731,0.9558,0.008762,0.03636,0.8286,0.7153,0.9598,0.01217,0.02971
Fun-CIM,HLA-DQA1,0.8576,0.7537,0.9758,0.01971,0.1286,0.8945,0.7895,1.0136,0.08036,0.1321,0.868,0.757,0.9953,0.04263,0.2763,0.847,0.7436,0.9647,0.01239,0.1859,0.8771,0.7632,1.0081,0.06481,0.1222,0.8548,0.734,0.9956,0.04367,0.08054
Fun-CIM,HLA-E,0.8601,0.7517,0.9841,0.02829,0.1336,0.9555,0.8422,1.0841,0.4799,0.5494,0.8639,0.7493,0.9961,0.04402,0.2763,0.8514,0.7441,0.9742,0.01929,0.1983,0.9114,0.791,1.05,0.1989,0.2934,0.8799,0.7531,1.0281,0.1072,0.1694
Fun-CIM,HLX,0.9966,0.8674,1.145,0.9618,0.9687,1.061,0.9258,1.2159,0.3944,0.4871,1.0358,0.8966,1.1965,0.6331,0.7584,1.0678,0.9342,1.2206,0.3358,0.5084,1.0238,0.8763,1.196,0.7673,0.838,1.0448,0.8799,1.2405,0.6173,0.7116
Fun-CIM,ICAM4,1.0725,0.937,1.2275,0.3098,0.4564,0.9809,0.8686,1.1078,0.7564,0.7997,1.0652,0.9236,1.2285,0.3855,0.589,1.0318,0.9022,1.18,0.6473,0.7495,0.9175,0.8001,1.0521,0.2174,0.3166,0.9179,0.7901,1.0663,0.2623,0.357
Fun-CIM,IFFO1,0.8832,0.7732,1.0088,0.06716,0.1847,1.0045,0.8825,1.1433,0.9458,0.9574,0.898,0.7806,1.0332,0.1327,0.3422,0.9042,0.7919,1.0324,0.1365,0.29,1.008,0.8672,1.1717,0.917,0.9339,1.0164,0.8613,1.1995,0.8469,0.8841
Fun-CIM,IGLL5,NA,NA,NA,NA,NA,0.8589,0.763,0.9669,0.01185,0.02892,NA,NA,NA,NA,NA,NA,NA,NA,NA,NA,0.7847,0.6855,0.8983,0.000441,0.004306,0.7352,0.6351,0.8511,0.00003817,0.0004267
Fun-CIM,IKZF3,1.0028,0.8721,1.153,0.9687,0.9687,0.8385,0.7414,0.9484,0.005049,0.01524,1.0094,0.8717,1.169,0.9001,0.9341,0.9692,0.8396,1.1188,0.6696,0.7619,0.7686,0.6698,0.8819,0.0001759,0.002434,0.7134,0.6133,0.8298,0.00001199,0.0002487
Fun-CIM,IL10,1.0406,0.9064,1.1948,0.5718,0.6837,0.8924,0.7864,1.0128,0.07782,0.1292,1.0577,0.9145,1.2233,0.45,0.6347,1.0183,0.8846,1.1723,0.8005,0.8632,0.9009,0.7846,1.0343,0.1386,0.2277,0.8536,0.7332,0.9937,0.04114,0.07761
Fun-CIM,IL10RA,0.8925,0.7794,1.022,0.1,0.2261,0.876,0.7707,0.9957,0.04272,0.07969,0.931,0.8084,1.0721,0.3205,0.5396,0.9261,0.8106,1.058,0.2586,0.4225,0.8312,0.7201,0.9594,0.01155,0.04262,0.7929,0.677,0.9286,0.003996,0.01354
Fun-CIM,IL18BP,0.8795,0.7683,1.0069,0.06294,0.1847,0.9466,0.8316,1.0775,0.4059,0.4918,0.9029,0.7834,1.0407,0.1587,0.3826,0.8836,0.7719,1.0115,0.07282,0.2356,0.8828,0.7631,1.0212,0.09342,0.1648,0.8409,0.7164,0.9871,0.03406,0.06813
Fun-CIM,IL18RAP,0.88,0.7655,1.0117,0.07247,0.196,0.8107,0.7053,0.9318,0.003144,0.01134,0.8852,0.7648,1.0245,0.1019,0.2992,0.8643,0.751,0.9948,0.04205,0.2047,0.8116,0.6955,0.947,0.008001,0.03406,0.7388,0.6191,0.8816,0.0007886,0.004675
Fun-CIM,IL1R1,1.0532,0.9166,1.2101,0.4643,0.5848,0.8661,0.7698,0.9744,0.01681,0.03875,1.0592,0.916,1.2248,0.438,0.6285,1.0374,0.9051,1.1889,0.5978,0.72,0.9506,0.8293,1.0897,0.4672,0.5745,0.9238,0.7961,1.0719,0.2961,0.3901
Fun-CIM,IL21,0.9343,0.8175,1.0678,0.3188,0.4655,0.7847,0.6647,0.9264,0.004204,0.01424,0.9375,0.8147,1.0788,0.3674,0.5773,0.9208,0.8057,1.0522,0.2253,0.3927,0.7308,0.5943,0.8986,0.002946,0.01578,0.611,0.4638,0.8049,0.0004604,0.003057
Fun-CIM,INPP5D,0.8849,0.7725,1.0137,0.07779,0.1996,0.8441,0.7434,0.9583,0.008876,0.02302,0.9107,0.7889,1.0513,0.2018,0.3917,0.9012,0.7861,1.033,0.1353,0.29,0.7997,0.6936,0.922,0.002078,0.01232,0.7805,0.6673,0.9128,0.001922,0.008396
Fun-CIM,IRF4,0.9576,0.8296,1.1054,0.5544,0.6677,0.8361,0.7379,0.9473,0.004949,0.01524,0.9763,0.8412,1.133,0.7519,0.8273,0.9454,0.8202,1.0897,0.4382,0.5785,0.7672,0.6662,0.8836,0.0002345,0.002826,0.7155,0.6119,0.8366,0.0000273,0.0003486
Fun-CIM,ITGAL,0.904,0.7848,1.0412,0.1616,0.31,0.8312,0.731,0.9451,0.00477,0.01523,0.9325,0.8039,1.0816,0.3558,0.5645,0.9079,0.7877,1.0464,0.1824,0.3419,0.7309,0.6317,0.8456,0.00002521,0.001395,0.6865,0.5846,0.8061,0.000004442,0.0001513
Fun-CIM,ITK,0.8521,0.7406,0.9804,0.02533,0.1336,0.7895,0.6952,0.8965,0.0002676,0.002468,0.8739,0.7547,1.0119,0.07148,0.2808,0.8508,0.7393,0.979,0.02404,0.1983,0.7601,0.66,0.8755,0.000142,0.002249,0.6969,0.5959,0.8149,0.000006101,0.0001513
Fun-CIM,ITM2A,0.849,0.7329,0.9835,0.02915,0.1336,0.8838,0.7792,1.0025,0.05464,0.09702,0.8616,0.7388,1.0047,0.05734,0.2783,0.9295,0.805,1.0732,0.3186,0.4897,0.8751,0.7639,1.0026,0.05456,0.1066,0.8716,0.7515,1.011,0.06943,0.1188
Fun-CIM,ITPR1,0.8139,0.7018,0.9437,0.006401,0.1226,0.7264,0.6376,0.8276,0.000001549,0.00006427,0.8015,0.6852,0.9374,0.005643,0.1687,0.8468,0.7316,0.9802,0.02584,0.1983,0.7223,0.6247,0.835,0.000011,0.001395,0.759,0.6482,0.8887,0.0006129,0.003913
Fun-CIM,ITPRIPL1,0.9123,0.7941,1.048,0.1944,0.3487,0.8769,0.7743,0.9931,0.03847,0.07318,0.8839,0.7626,1.0244,0.1012,0.2992,0.8966,0.7808,1.0294,0.1215,0.281,0.8227,0.716,0.9452,0.005863,0.02704,0.7907,0.6783,0.9217,0.002682,0.01021
Fun-CIM,JAK2,0.8193,0.7143,0.9397,0.004393,0.1226,0.8025,0.7071,0.9107,0.0006502,0.003855,0.8274,0.7166,0.9554,0.009814,0.194,0.838,0.7321,0.9593,0.01038,0.1713,0.8793,0.764,1.0119,0.0727,0.1326,0.816,0.6992,0.9523,0.009871,0.02657
Fun-CIM,JAK3,0.9949,0.8697,1.138,0.9402,0.9687,0.9018,0.7942,1.024,0.111,0.1772,1.0274,0.8927,1.1825,0.706,0.8034,1.0796,0.9415,1.2379,0.2727,0.4368,0.8573,0.7427,0.9896,0.03549,0.08298,0.7969,0.6803,0.9335,0.004907,0.01597
Fun-CIM,JAM3,0.9901,0.8588,1.1415,0.8912,0.9366,0.9478,0.839,1.0708,0.389,0.4856,0.9994,0.8606,1.1605,0.9934,0.9934,1.0799,0.9363,1.2456,0.2912,0.4576,1.1269,0.9793,1.2968,0.09529,0.1648,1.2021,1.0285,1.405,0.02071,0.04708
Fun-CIM,JAML,0.8953,0.7791,1.0289,0.119,0.2584,0.8792,0.7781,0.9934,0.03879,0.07318,0.9332,0.8082,1.0777,0.3466,0.5553,0.9234,0.8055,1.0585,0.2528,0.417,0.8023,0.699,0.9208,0.001729,0.01106,0.7719,0.6637,0.8977,0.0007782,0.004675
Fun-CIM,JCHAIN,0.9112,0.7945,1.0451,0.1836,0.3367,0.8097,0.7219,0.9082,0.0003122,0.002635,0.9231,0.7991,1.0664,0.2771,0.4762,0.9185,0.8005,1.054,0.2261,0.3927,0.8019,0.7039,0.9136,0.0009057,0.007517,0.76,0.6607,0.8741,0.0001212,0.001118
Fun-CIM,KAT2B,0.9368,0.8107,1.0826,0.3766,0.5178,0.8391,0.7368,0.9556,0.008156,0.02149,0.9521,0.8204,1.1049,0.5181,0.6777,0.9187,0.7957,1.0607,0.2474,0.4124,0.9562,0.8273,1.1052,0.5446,0.6504,0.9158,0.7807,1.0744,0.2805,0.3755
Fun-CIM,KCNA3,0.9068,0.792,1.0384,0.1571,0.305,0.8124,0.7146,0.9237,0.00151,0.006269,0.8885,0.7695,1.0259,0.107,0.2992,0.8838,0.7704,1.014,0.07806,0.2366,0.7667,0.6639,0.8856,0.0003026,0.003349,0.7036,0.5989,0.8265,0.00001885,0.0002845
Fun-CIM,KIF13B,0.9506,0.8174,1.1054,0.5104,0.6332,0.8968,0.7832,1.0269,0.1151,0.182,0.9513,0.8127,1.1136,0.5345,0.6777,1.0016,0.8655,1.1591,0.9828,0.9962,0.8193,0.7046,0.9526,0.009575,0.03696,0.8918,0.7567,1.0509,0.1715,0.2476
Fun-CIM,KMT2A,0.8898,0.7753,1.0213,0.09682,0.2219,0.8632,0.7617,0.9784,0.0213,0.04478,0.875,0.7568,1.0116,0.07124,0.2808,0.9009,0.7848,1.0343,0.1384,0.29,0.8327,0.7227,0.9595,0.01136,0.04262,0.816,0.6986,0.9532,0.01035,0.02728
Fun-CIM,LAIR1,0.8766,0.7625,1.0077,0.06406,0.1847,0.9407,0.8286,1.0679,0.3446,0.4334,0.8889,0.7666,1.0306,0.1185,0.3231,0.8782,0.7642,1.0093,0.06729,0.2266,0.9093,0.7911,1.0452,0.1809,0.273,0.8731,0.75,1.0165,0.08021,0.132
Fun-CIM,LAX1,0.8429,0.7296,0.9737,0.02026,0.1286,0.8128,0.7164,0.9221,0.001285,0.005991,0.8593,0.7394,0.9987,0.04798,0.2763,0.8524,0.7391,0.983,0.02816,0.1983,0.7311,0.6334,0.8437,0.00001842,0.001395,0.6837,0.5832,0.8015,0.000002775,0.0001513
Fun-CIM,LCP2,0.845,0.7343,0.9722,0.01859,0.1286,0.8059,0.7066,0.9191,0.001294,0.005991,0.8613,0.7435,0.9977,0.04655,0.2763,0.8415,0.7318,0.9677,0.0155,0.1968,0.8504,0.7346,0.9844,0.02994,0.08017,0.7848,0.6672,0.9232,0.003456,0.01221
Fun-CIM,LILRB2,0.8747,0.7635,1.0022,0.05387,0.1814,0.9895,0.8653,1.1316,0.8774,0.8974,0.8792,0.761,1.0157,0.08036,0.2911,0.8647,0.7537,0.992,0.03805,0.2047,0.9763,0.8393,1.1357,0.7559,0.8365,0.9106,0.7722,1.0739,0.2659,0.3589
Fun-CIM,LILRB3,0.9491,0.8305,1.0847,0.4435,0.5717,1.0554,0.9238,1.2057,0.4277,0.5035,0.9528,0.8271,1.0976,0.5027,0.6776,0.9054,0.7909,1.0365,0.1498,0.3014,1.0631,0.9142,1.2363,0.4265,0.5364,1.0333,0.8755,1.2196,0.6984,0.7781
Fun-CIM,LILRB5,0.9338,0.8119,1.0741,0.3375,0.4843,1.0647,0.9381,1.2084,0.3316,0.4254,0.952,0.8225,1.1018,0.5092,0.6776,0.9301,0.8095,1.0688,0.307,0.4778,1.0649,0.9251,1.2257,0.3812,0.4982,1.0397,0.8907,1.2136,0.6219,0.7119
Fun-CIM,LRRK2,1.0549,0.9337,1.1917,0.3908,0.5285,0.7823,0.6932,0.8829,0.00006898,0.001041,1.0812,0.9563,1.2224,0.2126,0.4032,1.0505,0.929,1.1878,0.4322,0.5751,0.8604,0.7527,0.9837,0.02771,0.0754,0.8167,0.706,0.9449,0.006488,0.01961
Fun-CIM,LY9,0.837,0.7243,0.9673,0.01595,0.1286,0.8356,0.7395,0.9442,0.003962,0.01399,0.8622,0.7415,1.0027,0.05419,0.2763,0.8441,0.7305,0.9754,0.02156,0.1983,0.7763,0.6782,0.8886,0.0002383,0.002826,0.7329,0.6321,0.8498,0.00003856,0.0004267
Fun-CIM,MAF,0.8279,0.7184,0.9542,0.009112,0.1226,1.0152,0.8993,1.146,0.8079,0.8435,0.8309,0.7153,0.9651,0.01529,0.194,0.8634,0.7506,0.993,0.03961,0.2047,1.1541,1.0041,1.3265,0.04363,0.09053,1.123,0.965,1.3069,0.1339,0.2058
Fun-CIM,MAFB,0.8929,0.7777,1.0252,0.1082,0.2412,0.9308,0.8251,1.05,0.2433,0.331,0.9188,0.7933,1.0643,0.2588,0.4542,0.9402,0.8178,1.0809,0.3859,0.5489,0.9968,0.866,1.1473,0.9641,0.9641,0.9866,0.846,1.1505,0.8632,0.89
Fun-CIM,MAN1A1,0.9967,0.8673,1.1455,0.9634,0.9687,0.7427,0.6571,0.8395,0.000001945,0.00006457,1.0073,0.8709,1.1652,0.9217,0.9505,0.9948,0.8651,1.1439,0.9415,0.977,0.848,0.7377,0.9748,0.02039,0.06267,0.8199,0.7037,0.9554,0.01094,0.02752
Fun-CIM,MEF2C,0.8594,0.7468,0.9889,0.03442,0.1419,0.9413,0.8305,1.0669,0.3438,0.4334,0.8523,0.7349,0.9884,0.03453,0.2763,0.9146,0.7973,1.0492,0.2025,0.3672,1.0672,0.9294,1.2254,0.3564,0.4772,1.0709,0.9205,1.2458,0.375,0.471
Fun-CIM,MFNG,0.8738,0.7621,1.0019,0.05332,0.1814,0.9072,0.8,1.0289,0.1295,0.1972,0.8975,0.777,1.0366,0.1413,0.3588,0.8947,0.7811,1.0247,0.108,0.262,0.8629,0.7465,0.9975,0.0462,0.09468,0.8402,0.7171,0.9845,0.03134,0.06423
Fun-CIM,MPEG1,0.8378,0.7232,0.9704,0.01827,0.1286,0.862,0.7601,0.9776,0.02074,0.04478,0.8606,0.7385,1.0029,0.05453,0.2763,0.8801,0.7639,1.014,0.07713,0.2366,0.8255,0.7191,0.9475,0.00639,0.02801,0.7858,0.6755,0.914,0.001778,0.008396
Fun-CIM,MZB1,0.9749,0.8542,1.1126,0.7058,0.8176,0.9416,0.8335,1.0637,0.3331,0.4254,0.9772,0.8503,1.1231,0.7455,0.8273,0.9634,0.8439,1.0998,0.581,0.7102,0.8095,0.7045,0.9303,0.002898,0.01578,0.7862,0.6754,0.9151,0.001904,0.008396
Fun-CIM,NCF2,0.947,0.8262,1.0856,0.4348,0.5649,0.9554,0.837,1.0906,0.4992,0.5676,0.9655,0.8372,1.1134,0.6293,0.7584,0.905,0.7881,1.0392,0.1571,0.3079,1.0131,0.8761,1.1716,0.8603,0.8951,0.9621,0.8197,1.1293,0.6367,0.7199
Fun-CIM,NCKAP1L,0.9241,0.8087,1.056,0.2464,0.3866,0.8599,0.7568,0.977,0.02045,0.04478,0.9608,0.8344,1.1063,0.5783,0.7229,0.9221,0.8054,1.0558,0.2404,0.4047,0.8266,0.7165,0.9536,0.009031,0.03656,0.7935,0.6781,0.9284,0.00389,0.01345
Fun-CIM,NFAM1,1.0989,0.9518,1.2689,0.1983,0.3519,1.012,0.888,1.1533,0.8585,0.8851,1.1111,0.9566,1.2904,0.1678,0.3897,1.1072,0.9613,1.2753,0.1579,0.3079,0.922,0.7968,1.0669,0.2755,0.3914,0.903,0.7694,1.0598,0.2115,0.3001
Fun-CIM,NFATC2,1.0028,0.8824,1.1397,0.9655,0.9687,0.7988,0.7062,0.9036,0.0003564,0.002689,1.0331,0.9033,1.1814,0.6347,0.7584,1.0299,0.9074,1.1689,0.6488,0.7495,0.8687,0.7578,0.9958,0.04327,0.09053,0.8285,0.713,0.9627,0.01405,0.03381
Fun-CIM,NIBAN1,0.8669,0.7571,0.9926,0.03863,0.1517,NA,NA,NA,NA,NA,0.8701,0.7547,1.0031,0.05526,0.2763,0.9046,0.7912,1.0343,0.1424,0.29,NA,NA,NA,NA,NA,NA,NA,NA,NA,NA
Fun-CIM,NLRP1,0.8698,0.7497,1.009,0.06548,0.1847,0.8879,0.7843,1.0052,0.06035,0.1055,0.8907,0.7614,1.042,0.1483,0.3659,0.8923,0.7688,1.0357,0.1339,0.29,0.9126,0.7946,1.0481,0.1955,0.2924,0.8747,0.7508,1.019,0.08578,0.1396
Fun-CIM,NLRP7,0.7967,0.6657,0.9535,0.01317,0.1286,1.0769,0.9595,1.2087,0.2083,0.2968,0.8244,0.6876,0.9884,0.037,0.2763,0.7832,0.6533,0.939,0.008285,0.1711,0.9371,0.8197,1.0713,0.3415,0.4621,0.9329,0.8048,1.0813,0.3565,0.4517
Fun-CIM,NOD1,1.0238,0.9,1.1647,0.7206,0.8176,0.9972,0.8838,1.1251,0.9637,0.9695,1.044,0.9127,1.1943,0.5299,0.6777,1.0365,0.9129,1.1768,0.58,0.7102,1.0251,0.8958,1.173,0.7188,0.8008,0.9869,0.8518,1.1436,0.8612,0.89
Fun-CIM,PAG1,0.8537,0.7441,0.9793,0.02394,0.1336,0.7868,0.6899,0.8973,0.0003493,0.002689,0.8726,0.7554,1.008,0.06404,0.2799,0.8427,0.734,0.9675,0.01515,0.1968,0.8416,0.7295,0.971,0.01809,0.05666,0.7748,0.6608,0.9084,0.001666,0.008343
Fun-CIM,PARP8,0.9796,0.8553,1.122,0.766,0.8406,0.8436,0.7483,0.951,0.005401,0.01601,0.9664,0.8372,1.1157,0.6413,0.7584,0.9588,0.8362,1.0993,0.5463,0.6881,0.8692,0.7622,0.9913,0.03665,0.08358,0.8591,0.7446,0.9912,0.03745,0.07229
Fun-CIM,PDCD1LG2,0.8877,0.7738,1.0183,0.08886,0.2156,0.8091,0.7146,0.916,0.0008237,0.004411,0.8838,0.764,1.0224,0.09645,0.2992,0.8767,0.764,1.0062,0.06117,0.222,0.8589,0.7469,0.9876,0.03278,0.08193,0.8088,0.6942,0.9423,0.006498,0.01961
Fun-CIM,PDGFRA,0.9281,0.8113,1.0618,0.2772,0.4159,1.0019,0.8901,1.1277,0.9756,0.9756,0.9098,0.7884,1.05,0.1961,0.3909,0.9451,0.8236,1.0845,0.4213,0.5715,1.1426,0.99,1.3187,0.06838,0.1261,1.1231,0.962,1.3113,0.1416,0.2118
Fun-CIM,PIK3CG,0.9187,0.7996,1.0556,0.2314,0.3716,0.7989,0.7052,0.9051,0.000421,0.003039,0.9402,0.8129,1.0874,0.4059,0.6145,0.9202,0.801,1.0571,0.24,0.4047,0.8027,0.6996,0.9209,0.001716,0.01106,0.7771,0.6681,0.904,0.00108,0.005977
Fun-CIM,PIK3R5,0.9162,0.7997,1.0496,0.2069,0.3564,0.9531,0.8368,1.0856,0.4694,0.5412,0.9387,0.8143,1.082,0.3828,0.589,0.9207,0.8027,1.0561,0.2378,0.4047,0.9711,0.8383,1.1249,0.6957,0.7856,0.9453,0.8034,1.1124,0.4985,0.591
Fun-CIM,PIKFYVE,0.9867,0.864,1.1267,0.8427,0.9029,0.8442,0.7447,0.957,0.008105,0.02149,0.9961,0.866,1.1458,0.9565,0.9645,0.939,0.8193,1.0761,0.3654,0.5386,0.926,0.805,1.0652,0.2818,0.3932,0.9123,0.7827,1.0633,0.24,0.332
Fun-CIM,PKD2,0.984,0.861,1.1245,0.8127,0.8764,0.9159,0.8094,1.0364,0.1634,0.2422,0.9899,0.8592,1.1404,0.8878,0.9272,1.0268,0.8973,1.1751,0.7005,0.7917,1.1047,0.9579,1.2741,0.1711,0.263,1.0663,0.9127,1.2457,0.4185,0.5146
Fun-CIM,PLCL2,0.8581,0.7516,0.9797,0.02361,0.1336,0.8443,0.7459,0.9557,0.007428,0.02021,0.8768,0.7628,1.0079,0.06446,0.2799,0.9284,0.8139,1.0591,0.2689,0.435,0.8989,0.7827,1.0325,0.1316,0.2185,0.8831,0.7586,1.028,0.1088,0.1703
Fun-CIM,POU2AF1,0.8771,0.7578,1.0151,0.07864,0.1996,0.8384,0.7434,0.9455,0.004071,0.01408,0.9038,0.7766,1.0518,0.1913,0.3897,0.9023,0.7821,1.041,0.1586,0.3079,0.7817,0.6823,0.8955,0.0003849,0.003993,0.7213,0.6212,0.8375,0.00001824,0.0002845
Fun-CIM,PPARA,0.9344,0.8073,1.0815,0.3628,0.5031,1.1541,1.0215,1.3037,0.02131,0.04478,0.8727,0.747,1.0195,0.08602,0.2938,0.8815,0.7615,1.0205,0.09132,0.2554,1.1322,0.9918,1.2925,0.0661,0.1233,1.0717,0.9272,1.2387,0.3486,0.4452
Fun-CIM,PRDM1,0.8563,0.7451,0.9841,0.0288,0.1336,0.8357,0.7381,0.9463,0.00465,0.01514,0.8709,0.753,1.0073,0.06261,0.2799,0.8759,0.7635,1.0049,0.05867,0.222,0.8843,0.7693,1.0164,0.08347,0.1506,0.8435,0.7237,0.9832,0.02949,0.06196
Fun-CIM,PRKACB,0.9218,0.7922,1.0726,0.2924,0.4346,0.9475,0.8345,1.0758,0.4053,0.4918,0.94,0.8063,1.0959,0.4293,0.6263,0.9814,0.8549,1.1266,0.7896,0.8628,0.9643,0.835,1.1137,0.6207,0.7156,0.9202,0.7835,1.0808,0.3111,0.4066
Fun-CIM,PTEN,0.9654,0.8359,1.1149,0.6318,0.7446,0.7852,0.6915,0.8917,0.0001934,0.001889,0.9725,0.8347,1.133,0.7204,0.8142,1.0378,0.8938,1.205,0.6263,0.7434,0.9737,0.8462,1.1204,0.7097,0.796,0.8958,0.7691,1.0434,0.1574,0.2312
Fun-CIM,PTGER4,0.8592,0.7471,0.9882,0.03343,0.1419,0.8714,0.7722,0.9834,0.02564,0.05255,0.8748,0.7553,1.0133,0.07444,0.2856,0.8841,0.7704,1.0146,0.07948,0.2366,0.8972,0.7831,1.028,0.1183,0.1984,0.847,0.7296,0.9832,0.02909,0.06196
Fun-CIM,PTK2B,0.9457,0.8225,1.0874,0.433,0.5649,0.9218,0.8114,1.0473,0.2111,0.2968,0.9827,0.8486,1.138,0.8154,0.8852,0.96,0.8327,1.1067,0.5734,0.7102,0.8357,0.7232,0.9657,0.01495,0.05155,0.7808,0.6658,0.9156,0.002331,0.009439
Fun-CIM,PTPN22,0.9041,0.7841,1.0425,0.1652,0.3133,0.8118,0.7132,0.9239,0.001586,0.006269,0.9249,0.7985,1.0713,0.2977,0.5064,0.8723,0.756,1.0066,0.06144,0.222,0.8519,0.7391,0.982,0.02707,0.0754,0.7788,0.6662,0.9105,0.001709,0.008343
Fun-CIM,PTPRC,0.7808,0.6716,0.9077,0.001282,0.1226,0.7944,0.6982,0.904,0.0004791,0.003254,0.7983,0.6816,0.9351,0.00523,0.1687,0.7675,0.6588,0.8942,0.0006883,0.05678,0.8069,0.6989,0.9316,0.003424,0.01722,0.7395,0.6312,0.8663,0.0001872,0.001636
Fun-CIM,PTPRE,0.8472,0.7422,0.9671,0.01409,0.1286,0.7795,0.6916,0.8786,0.00004498,0.001041,0.8386,0.7289,0.9648,0.01388,0.194,0.8716,0.7633,0.9952,0.04218,0.2047,0.8557,0.7467,0.9807,0.02507,0.07301,0.8266,0.7126,0.9589,0.01191,0.02951
Fun-CIM,RAB8B,0.8867,0.773,1.0171,0.08588,0.2115,0.7911,0.6931,0.9028,0.0005096,0.003254,0.9047,0.783,1.0454,0.1745,0.3897,0.8771,0.7638,1.0073,0.06325,0.222,0.9009,0.7792,1.0415,0.1585,0.2506,0.8297,0.7057,0.9755,0.02377,0.05227
Fun-CIM,RGS1,0.8983,0.7838,1.0297,0.1235,0.2601,0.8713,0.7694,0.9867,0.0299,0.05909,0.9106,0.7886,1.0514,0.2017,0.3917,0.8918,0.7767,1.0239,0.1042,0.2606,1.0209,0.8842,1.1788,0.778,0.8387,0.9711,0.8302,1.136,0.7141,0.7903
Fun-CIM,RNF125,0.8691,0.7595,0.9945,0.04127,0.1572,0.8072,0.7082,0.9201,0.001335,0.005991,0.875,0.7588,1.009,0.06634,0.2807,0.8994,0.7865,1.0285,0.1213,0.281,0.8558,0.7415,0.9877,0.03321,0.08193,0.815,0.6962,0.954,0.0109,0.02752
Fun-CIM,RORA,0.862,0.7521,0.988,0.03291,0.1419,0.8116,0.7217,0.9128,0.0004964,0.003254,0.861,0.7457,0.9941,0.04125,0.2763,0.8757,0.7632,1.0049,0.05865,0.222,0.9885,0.8666,1.1275,0.8628,0.8951,0.9661,0.8368,1.1153,0.6375,0.7199
Fun-CIM,RPS6KA3,0.8255,0.7139,0.9545,0.009656,0.1226,0.8878,0.783,1.0066,0.06333,0.1095,0.8064,0.6915,0.9406,0.006127,0.1687,0.812,0.7026,0.9384,0.004779,0.1711,0.9425,0.8192,1.0844,0.408,0.517,0.8749,0.7504,1.0202,0.0882,0.1421
Fun-CIM,SAMHD1,0.8988,0.7845,1.0299,0.1246,0.2601,0.817,0.7209,0.926,0.001558,0.006269,0.9043,0.7842,1.0429,0.1669,0.3897,0.8929,0.7792,1.0232,0.1033,0.2606,0.8509,0.7411,0.9771,0.02208,0.06664,0.7884,0.6776,0.9173,0.002087,0.00866
Fun-CIM,SCARF1,0.9185,0.8006,1.0536,0.2247,0.3708,1.0559,0.9237,1.207,0.4252,0.5035,0.9378,0.812,1.0832,0.3825,0.589,0.9465,0.8255,1.0851,0.4303,0.5751,1.0432,0.8955,1.2152,0.5872,0.6864,1.0279,0.8699,1.2147,0.7463,0.8097
Fun-CIM,SCIMP,NA,NA,NA,NA,NA,0.8718,0.769,0.9883,0.03206,0.06188,NA,NA,NA,NA,NA,NA,NA,NA,NA,NA,0.8922,0.7771,1.0244,0.1058,0.1792,0.8461,0.727,0.9846,0.03069,0.06367
Fun-CIM,SERPING1,0.9205,0.8084,1.0483,0.2117,0.3601,0.9141,0.8158,1.0242,0.1215,0.1868,0.9224,0.8035,1.0589,0.2512,0.4471,0.9474,0.8302,1.0811,0.4226,0.5715,0.9436,0.8289,1.0742,0.38,0.4982,0.9456,0.8208,1.0895,0.4393,0.5362
Fun-CIM,SESN1,0.8971,0.7727,1.0416,0.1542,0.3028,0.7779,0.6844,0.8841,0.0001204,0.001538,0.9264,0.7934,1.0816,0.3331,0.5496,0.9557,0.8271,1.1044,0.5395,0.686,0.8367,0.7248,0.9659,0.01496,0.05155,0.8244,0.7047,0.9644,0.01581,0.03697
Fun-CIM,SGK1,0.876,0.7665,1.0012,0.05204,0.1814,0.9787,0.8638,1.1088,0.7349,0.7821,0.8849,0.7675,1.0202,0.09211,0.2992,0.9298,0.8126,1.0638,0.2893,0.4576,1.1211,0.9776,1.2855,0.1018,0.1743,1.0768,0.9263,1.2519,0.3353,0.4349
Fun-CIM,SKAP2,0.9258,0.813,1.0543,0.2448,0.3866,0.9151,0.8073,1.0373,0.1653,0.2429,0.9334,0.8136,1.0709,0.3258,0.543,0.9417,0.8261,1.0735,0.3689,0.5386,0.9838,0.8574,1.1287,0.8153,0.8675,0.9447,0.8127,1.0981,0.4586,0.5557
Fun-CIM,SLAMF1,0.8513,0.7368,0.9836,0.0289,0.1336,0.7816,0.6883,0.8876,0.0001451,0.001712,0.8607,0.7399,1.0012,0.05178,0.2763,0.854,0.7401,0.9855,0.03076,0.1983,0.7559,0.6554,0.8719,0.0001217,0.002249,0.6903,0.5894,0.8086,0.000004355,0.0001513
Fun-CIM,SLAMF6,0.9123,0.7963,1.0453,0.1863,0.3377,0.8036,0.7091,0.9106,0.0006075,0.003735,0.9326,0.8084,1.076,0.3389,0.5513,0.9172,0.8009,1.0505,0.2118,0.3761,0.764,0.665,0.8778,0.0001452,0.002249,0.7156,0.6143,0.8337,0.0000176,0.0002845
Fun-CIM,SLAMF7,0.9082,0.7896,1.0446,0.1774,0.3289,0.8504,0.7506,0.9635,0.011,0.02808,0.9123,0.7879,1.0564,0.22,0.4126,0.8711,0.7567,1.0029,0.05488,0.222,0.7856,0.6826,0.9042,0.0007699,0.006726,0.728,0.6237,0.8498,0.00005743,0.0005958
Fun-CIM,SLAMF8,0.919,0.8,1.0556,0.232,0.3716,0.9592,0.8415,1.0933,0.5328,0.5976,0.943,0.8144,1.0919,0.4327,0.6263,0.8898,0.774,1.0229,0.1006,0.2606,0.9046,0.7828,1.0452,0.1739,0.2648,0.8598,0.7346,1.0065,0.06018,0.1051
Fun-CIM,SLC12A6,0.8398,0.7363,0.9578,0.009238,0.1226,0.9211,0.8137,1.0427,0.1939,0.2824,0.8372,0.7284,0.9624,0.01246,0.194,0.8614,0.7556,0.9821,0.0257,0.1983,1.0114,0.8794,1.1631,0.8739,0.9011,0.9897,0.8498,1.1527,0.8943,0.9107
Fun-CIM,SLFN11,0.8737,0.7671,0.9952,0.04218,0.1572,0.9332,0.8281,1.0516,0.2567,0.3464,0.8707,0.7585,0.9994,0.04907,0.2763,0.8771,0.7686,1.0008,0.05138,0.222,1.0124,0.8845,1.1588,0.8582,0.8951,0.9469,0.8179,1.0962,0.4651,0.5595
Fun-CIM,STAB1,1.0213,0.8954,1.1649,0.7534,0.8376,1.2074,1.0527,1.3849,0.007065,0.01955,1.0355,0.9027,1.1879,0.6183,0.7584,1.0598,0.9327,1.2042,0.3727,0.5395,1.1229,0.9596,1.3141,0.1483,0.2413,1.1473,0.9648,1.3643,0.12,0.1862
Fun-CIM,STAT4,0.8695,0.7594,0.9955,0.04287,0.1572,0.7855,0.6978,0.8842,0.00006393,0.001041,0.8834,0.7663,1.0183,0.08725,0.2938,0.8707,0.761,0.9962,0.04383,0.2066,0.8057,0.7064,0.9189,0.001281,0.009666,0.7628,0.661,0.8803,0.0002111,0.001752
Fun-CIM,STAT5A,0.8858,0.7693,1.0198,0.09157,0.2162,0.9115,0.8058,1.0311,0.1406,0.2122,0.9024,0.7785,1.046,0.1727,0.3897,0.8884,0.7727,1.0215,0.09663,0.2588,0.7999,0.6977,0.9171,0.001374,0.009915,0.786,0.6763,0.9135,0.001698,0.008343
Fun-CIM,STAT5B,0.8471,0.7374,0.9731,0.01904,0.1286,0.9002,0.8011,1.0116,0.07725,0.1292,0.8587,0.7427,0.9928,0.03964,0.2763,0.884,0.7707,1.0139,0.07805,0.2366,0.8318,0.7331,0.9438,0.004265,0.02083,0.8238,0.7181,0.9449,0.005626,0.01796
Fun-CIM,TGFBR2,0.908,0.796,1.0357,0.1504,0.3026,0.8536,0.7531,0.9673,0.01314,0.03162,0.9122,0.7935,1.0487,0.1966,0.3909,0.94,0.822,1.0749,0.3661,0.5386,0.9348,0.8132,1.0745,0.3424,0.4621,0.9298,0.7985,1.0826,0.3484,0.4452
Fun-CIM,TLR4,0.9367,0.816,1.0752,0.3528,0.4964,0.8896,0.784,1.0095,0.06981,0.1182,0.9419,0.8144,1.0894,0.4202,0.6202,0.9521,0.8307,1.0912,0.4805,0.6194,0.9335,0.8117,1.0736,0.3348,0.4593,0.8975,0.7699,1.0463,0.167,0.2431
Fun-CIM,TLR8,0.8778,0.7659,1.006,0.06088,0.1847,0.9209,0.8091,1.0482,0.2123,0.2968,0.8799,0.7613,1.017,0.08327,0.2923,0.858,0.7471,0.9854,0.03011,0.1983,0.9012,0.7805,1.0406,0.1563,0.2495,0.854,0.7281,1.0017,0.05256,0.09281
Fun-CIM,TNFAIP3,0.8793,0.767,1.008,0.06501,0.1847,0.8381,0.7382,0.9515,0.006362,0.01821,0.9128,0.7911,1.0533,0.2115,0.4032,0.8939,0.7802,1.0242,0.1063,0.2617,0.854,0.7421,0.9827,0.0275,0.0754,0.8045,0.6892,0.9392,0.005868,0.01838
Fun-CIM,TNFRSF10B,1.0768,0.9429,1.2297,0.275,0.4159,1.0302,0.9091,1.1674,0.6412,0.7003,1.0536,0.9152,1.2129,0.4673,0.6534,1.0496,0.9176,1.2006,0.4804,0.6194,1.0371,0.9017,1.1927,0.61,0.7081,0.9757,0.8365,1.1381,0.7543,0.813
Fun-CIM,TNFRSF14,0.8305,0.7256,0.9506,0.00702,0.1226,0.9341,0.8207,1.0632,0.3022,0.395,0.8586,0.745,0.9896,0.03532,0.2763,0.88,0.7698,1.0059,0.06105,0.222,0.8609,0.7461,0.9934,0.04031,0.08761,0.8532,0.7297,0.9977,0.04671,0.0852
Fun-CIM,TNFRSF17,0.8761,0.7641,1.0044,0.05782,0.1847,0.8262,0.7327,0.9316,0.001834,0.007081,0.8887,0.7702,1.0254,0.106,0.2992,0.8667,0.7562,0.9934,0.03992,0.2047,0.7713,0.6744,0.8821,0.000149,0.002249,0.7282,0.6285,0.8438,0.00002452,0.0003391
Fun-CIM,TNFRSF1B,0.9233,0.8054,1.0583,0.2518,0.3883,0.9475,0.833,1.0777,0.4117,0.4952,0.9502,0.823,1.097,0.486,0.6695,0.9438,0.824,1.081,0.4037,0.5645,0.8985,0.7755,1.041,0.1542,0.2485,0.8656,0.7363,1.0176,0.08034,0.132
Fun-CIM,TNFSF10,1.0192,0.8867,1.1716,0.7889,0.8564,0.8197,0.7254,0.9262,0.001428,0.006237,1.0127,0.8753,1.1717,0.8652,0.9151,0.9819,0.8552,1.1274,0.7959,0.8632,0.8661,0.7546,0.9943,0.04117,0.08761,0.8557,0.7359,0.9951,0.04294,0.08008
Fun-CIM,TNFSF8,0.8831,0.7693,1.0137,0.0772,0.1996,0.7666,0.674,0.8718,0.00005119,0.001041,0.9016,0.7804,1.0417,0.16,0.3826,0.9032,0.7888,1.0342,0.1406,0.29,0.8835,0.7657,1.0194,0.08984,0.1604,0.8528,0.7286,0.9983,0.04761,0.0859
Fun-CIM,TNRC6A,1.0607,0.9286,1.2115,0.3853,0.5254,0.8185,0.727,0.9215,0.0009272,0.004736,1.0702,0.9308,1.2305,0.3408,0.5513,1.105,0.967,1.2627,0.1423,0.29,0.8711,0.7648,0.9922,0.03776,0.08358,0.8993,0.7787,1.0385,0.1483,0.2198
Fun-CIM,TXNIP,0.8254,0.7222,0.9434,0.004892,0.1226,0.7729,0.6793,0.8794,0.00009189,0.001271,0.8186,0.7115,0.9417,0.005116,0.1687,0.8374,0.7326,0.9573,0.009331,0.1711,0.8388,0.7278,0.9667,0.01522,0.05155,0.8354,0.7149,0.9762,0.02363,0.05227
Fun-CIM,VASH1,1.0216,0.8927,1.1691,0.7564,0.8376,0.9538,0.8429,1.0792,0.4531,0.5296,1.0568,0.9174,1.2172,0.444,0.6316,1.0573,0.9256,1.2077,0.412,0.5713,0.966,0.8358,1.1165,0.6394,0.727,0.972,0.8294,1.1392,0.7262,0.7983
Fun-CIM,VCAM1,0.9121,0.798,1.0426,0.1774,0.3289,0.8334,0.7353,0.9446,0.004351,0.01445,0.9188,0.7984,1.0573,0.2371,0.4347,0.9035,0.791,1.0321,0.135,0.29,0.8593,0.7468,0.9887,0.03405,0.08193,0.7771,0.6663,0.9063,0.001313,0.007029
Fun-CIM,XPC,0.9267,0.8101,1.0602,0.2675,0.4087,0.7365,0.6521,0.8317,8.281E-07,0.00006109,0.9203,0.7991,1.0599,0.249,0.4471,0.9817,0.8584,1.1226,0.7867,0.8628,0.7751,0.6796,0.8841,0.0001481,0.002249,0.8104,0.702,0.9355,0.004109,0.01364
Fun-CIM,ZBTB38,0.8393,0.7401,0.9517,0.006308,0.1226,0.9284,0.8239,1.0462,0.223,0.3059,0.8338,0.7304,0.9519,0.007157,0.1687,0.8698,0.7661,0.9875,0.03125,0.1983,0.995,0.8647,1.1449,0.9441,0.9555,0.9782,0.8403,1.1386,0.7756,0.8253
Fun-CIM,ZEB1,0.953,0.8186,1.1093,0.5341,0.6528,0.8161,0.721,0.9238,0.001307,0.005991,0.9457,0.8067,1.1086,0.491,0.6695,1.0002,0.8629,1.1594,0.9979,0.9999,0.9831,0.8562,1.129,0.8096,0.8671,1.0351,0.889,1.2053,0.6567,0.7366
Fun-CIM,ZMAT3,1.0059,0.8804,1.1492,0.9316,0.9687,0.9397,0.8304,1.0635,0.3246,0.421,1.0134,0.879,1.1684,0.8545,0.9105,1.0073,0.8787,1.1547,0.9168,0.9635,1.0633,0.9248,1.2227,0.3887,0.5002,1.0263,0.8813,1.1951,0.7384,0.8064
Dys-CIM,ADRM1,1.1172,0.977,1.2774,0.1052,0.263,1.2666,1.0832,1.4811,0.003067,0.0099,1.1186,0.9708,1.2888,0.1211,0.312,1.0695,0.9327,1.2263,0.3361,0.7843,1.0722,0.9041,1.2716,0.423,0.7508,1.0795,0.8949,1.3023,0.424,0.7859
Dys-CIM,ALKBH2,1.1322,0.9852,1.3012,0.08006,0.2335,1.0903,0.9662,1.2305,0.1608,0.2039,1.1461,0.9912,1.3252,0.06561,0.2524,1.1343,0.9878,1.3025,0.07416,0.3708,0.9708,0.8454,1.1148,0.6744,0.8197,0.9901,0.8512,1.1515,0.8968,0.9735
Dys-CIM,ATAD3A,1.1437,0.9979,1.3108,0.05368,0.2042,1.3248,1.1311,1.5516,0.0004868,0.002594,1.1638,1.0083,1.3433,0.03817,0.2014,1.1622,1.0113,1.3356,0.0341,0.2387,1.095,0.9247,1.2966,0.2926,0.7077,1.1127,0.924,1.34,0.26,0.6837
Dys-CIM,AUNIP,1.1384,0.987,1.313,0.07514,0.2287,1.1381,0.9975,1.2986,0.05458,0.08074,1.1472,0.9877,1.3324,0.07212,0.2524,1.1041,0.9575,1.273,0.173,0.5296,1.0638,0.9182,1.2325,0.41,0.7508,1.035,0.881,1.216,0.6754,0.9735
Dys-CIM,BAD,1.0498,0.9186,1.1997,0.4758,0.623,1.161,0.9993,1.3488,0.05112,0.07722,1.0223,0.8882,1.1767,0.7583,0.8851,1.0283,0.9004,1.1743,0.6808,0.8708,0.9621,0.8233,1.1242,0.6265,0.8088,0.99,0.8317,1.1784,0.9098,0.9735
Dys-CIM,BANF1,1.1426,1.007,1.2966,0.03867,0.1666,1.2522,1.1094,1.4134,0.0002718,0.002145,1.1327,0.9909,1.2948,0.06786,0.2524,1.1233,0.9888,1.2761,0.07393,0.3708,1.1044,0.961,1.2692,0.1617,0.6224,1.1213,0.9633,1.3051,0.1395,0.647
Dys-CIM,BNIP3,1.0512,0.9203,1.2007,0.462,0.623,1.2098,1.0811,1.3537,0.0009016,0.003511,1.0686,0.9284,1.2299,0.3551,0.6206,1.0462,0.9153,1.1959,0.5078,0.8266,1.1106,0.9791,1.2598,0.1029,0.4869,1.1199,0.9772,1.2836,0.1035,0.647
Dys-CIM,C1QBP,0.9833,0.8552,1.1305,0.8126,0.8939,0.97,0.856,1.0992,0.6332,0.6812,0.9946,0.8587,1.1519,0.9421,0.9613,0.9994,0.8691,1.1491,0.993,0.993,0.9952,0.8683,1.1407,0.9449,0.9627,0.9028,0.7752,1.0514,0.1885,0.647
Dys-CIM,CDC45,1.1501,0.9881,1.3385,0.07093,0.2257,1.2365,1.0673,1.4324,0.004681,0.01445,1.1424,0.9736,1.3405,0.1027,0.2874,1.0597,0.9121,1.2312,0.4483,0.8118,1.1985,1.0201,1.408,0.02768,0.3905,1.1382,0.9551,1.3565,0.1481,0.647
Dys-CIM,CDCA5,1.2838,1.0946,1.5056,0.002131,0.02486,1.3465,1.1606,1.5623,0.00008717,0.001238,1.2944,1.0945,1.5308,0.002576,0.03005,1.1938,1.0217,1.3949,0.02574,0.2002,1.1844,1.0058,1.3948,0.04245,0.3905,1.1137,0.9317,1.3312,0.2369,0.647
Dys-CIM,CHCHD2,0.9105,0.7943,1.0436,0.1779,0.3891,1.1816,1.0501,1.3296,0.005585,0.01525,0.9304,0.8063,1.0737,0.3238,0.6083,0.9416,0.8205,1.0806,0.3918,0.7904,1.0628,0.9259,1.22,0.3868,0.7508,1.1,0.9466,1.2783,0.2135,0.647
Dys-CIM,COPS5,1.08,0.945,1.2343,0.2587,0.4728,1.0693,0.9498,1.2038,0.268,0.3225,1.059,0.9185,1.2209,0.4299,0.6428,1.0527,0.9204,1.204,0.4538,0.8118,0.9828,0.855,1.1296,0.8068,0.8752,0.9785,0.8399,1.1401,0.7805,0.9735
Dys-CIM,COX5A,1.094,0.9541,1.2543,0.1981,0.4202,1.1399,1.0088,1.288,0.03571,0.05762,1.0835,0.9378,1.2519,0.2763,0.5681,1.045,0.9111,1.1986,0.5292,0.8388,1.0315,0.8981,1.1848,0.6607,0.8197,1.0269,0.8816,1.1962,0.7327,0.9735
Dys-CIM,COX5B,1.0235,0.8997,1.1643,0.7241,0.8176,1.2521,1.0867,1.4427,0.001873,0.006331,1.0175,0.8863,1.168,0.8055,0.8967,1.0118,0.8872,1.1538,0.8611,0.9613,1.0572,0.9076,1.2315,0.4749,0.7613,1.126,0.9491,1.3358,0.1737,0.647
Dys-CIM,COX6B1,1.0503,0.9165,1.2036,0.4804,0.623,1.3789,1.2086,1.5732,0.000001776,0.00008078,1.0262,0.8887,1.1849,0.7245,0.8745,1.0153,0.8856,1.164,0.8279,0.9501,1.0588,0.907,1.2358,0.4693,0.7613,1.0704,0.903,1.2689,0.4332,0.7859
Dys-CIM,COX8A,1.1979,1.0485,1.3686,0.007873,0.06889,1.2838,1.1142,1.4792,0.000548,0.002594,1.1913,1.0357,1.3702,0.01422,0.1244,1.2106,1.0595,1.3832,0.004956,0.1607,1.0665,0.911,1.2485,0.4236,0.7508,1.0774,0.9067,1.2802,0.3972,0.7859
Dys-CIM,DCTPP1,1.0074,0.8795,1.1539,0.9152,0.9284,1.0891,0.9647,1.2295,0.1678,0.2091,1.0179,0.8828,1.1737,0.807,0.8967,1.0292,0.8994,1.1777,0.676,0.8708,0.9305,0.8128,1.0654,0.2971,0.7077,0.9806,0.8457,1.1371,0.7954,0.9735
Dys-CIM,EIF2S2,1.1292,0.9924,1.2849,0.06505,0.2168,1.188,1.0444,1.3514,0.008779,0.01948,1.1276,0.9842,1.2918,0.08349,0.2607,1.0936,0.96,1.2458,0.1783,0.5296,1.0666,0.922,1.2338,0.3859,0.7508,1.0587,0.9014,1.2434,0.4871,0.7859
Dys-CIM,EIF5A,0.9425,0.8172,1.087,0.4159,0.6227,1.2607,1.0996,1.4454,0.000896,0.003511,0.9358,0.8061,1.0865,0.3837,0.6395,0.9031,0.7821,1.0429,0.1653,0.5296,1.0181,0.8769,1.1821,0.8135,0.8752,0.9987,0.8478,1.1765,0.9874,0.9874
Dys-CIM,ENY2,1.0855,0.9458,1.2457,0.2433,0.4728,1.1262,0.9899,1.2813,0.07086,0.1006,1.0833,0.9358,1.254,0.2841,0.5681,1.0505,0.9143,1.207,0.4871,0.8118,1.0691,0.9223,1.2391,0.3753,0.7508,1.0249,0.8709,1.2061,0.7674,0.9735
Dys-CIM,EXOSC4,1.1521,1.0113,1.3125,0.03323,0.1649,1.3353,1.1447,1.5577,0.0002345,0.002081,1.165,1.0145,1.3378,0.03049,0.2014,1.1372,0.9984,1.2954,0.0529,0.3366,1.1091,0.9382,1.3112,0.2252,0.6663,1.1302,0.9398,1.3592,0.1935,0.647
Dys-CIM,EXOSC5,1.0135,0.8813,1.1656,0.8504,0.9159,1.2277,1.0553,1.4282,0.007883,0.01886,1.0118,0.8746,1.1705,0.8751,0.9282,1.0342,0.8997,1.1888,0.6361,0.8641,0.9564,0.8148,1.1227,0.5861,0.8088,0.9935,0.8304,1.1888,0.9436,0.9852
Dys-CIM,FADD,0.9847,0.8643,1.1219,0.8173,0.8939,1.0739,0.9564,1.2058,0.2279,0.2789,0.9928,0.8658,1.1385,0.9179,0.959,1.0015,0.8771,1.1435,0.9826,0.993,1.1313,0.9946,1.2868,0.0605,0.3905,1.1314,0.9836,1.3014,0.08382,0.647
Dys-CIM,FEN1,1.171,1.0203,1.344,0.02471,0.1572,1.1632,1.0261,1.3186,0.01813,0.03219,1.1721,1.0136,1.3554,0.03213,0.2014,1.1417,0.9912,1.315,0.06606,0.3708,1.0586,0.9179,1.2209,0.4336,0.7508,1.0149,0.8669,1.1881,0.854,0.9735
Dys-CIM,GINS2,1.0768,0.939,1.2349,0.2896,0.4728,1.0614,0.934,1.2062,0.3611,0.4273,1.0604,0.9182,1.2246,0.4249,0.6428,1.0593,0.9246,1.2137,0.4065,0.7904,1.1139,0.9658,1.2847,0.1383,0.5777,1.1,0.9394,1.2881,0.2366,0.647
Dys-CIM,H2AX,1.1627,1.0104,1.3379,0.03534,0.1649,NA,NA,NA,NA,NA,1.1949,1.0301,1.3861,0.01871,0.1455,1.1877,1.0308,1.3685,0.01734,0.1734,NA,NA,NA,NA,NA,NA,NA,NA,NA,NA
Dys-CIM,HMGA1,1.1578,1.0064,1.3319,0.04045,0.1666,1.3668,1.1893,1.5709,0.00001069,0.0002529,1.1682,1.0076,1.3545,0.03942,0.2014,1.1053,0.9589,1.2741,0.1672,0.5296,1.0859,0.9309,1.2667,0.2941,0.7077,1.0621,0.8979,1.2564,0.4818,0.7859
Dys-CIM,HMGB3,1.3243,1.158,1.5145,0.00004096,0.002867,1.1101,0.9798,1.2578,0.1012,0.1306,1.3146,1.1422,1.513,0.0001368,0.009576,1.2443,1.0871,1.4244,0.001521,0.1065,1.1806,1.0194,1.3672,0.02663,0.3905,1.1099,0.9444,1.3044,0.2058,0.647
Dys-CIM,HPRT1,0.9082,0.791,1.0427,0.1718,0.388,1.0002,0.8821,1.1342,0.9972,0.9972,0.9025,0.7809,1.043,0.1646,0.3972,0.892,0.7772,1.0239,0.1043,0.4055,0.9977,0.8664,1.1489,0.9748,0.9748,0.9047,0.774,1.0576,0.2086,0.647
Dys-CIM,HRAS,1.1307,0.9925,1.2882,0.06473,0.2168,1.2238,1.0571,1.4167,0.006856,0.01803,1.1351,0.9891,1.3026,0.07128,0.2524,1.0933,0.9584,1.2473,0.1844,0.5296,1.0765,0.9142,1.2677,0.3768,0.7508,1.0665,0.8922,1.275,0.4795,0.7859
Dys-CIM,HSPE1,NA,NA,NA,NA,NA,1.1646,1.0284,1.3187,0.01632,0.03049,NA,NA,NA,NA,NA,NA,NA,NA,NA,NA,1.0524,0.9126,1.2136,0.4825,0.7613,0.9899,0.8454,1.1592,0.8998,0.9735
Dys-CIM,LSM4,1.0321,0.9046,1.1776,0.6386,0.7441,1.1897,1.0201,1.3874,0.02684,0.04536,1.0211,0.8886,1.1734,0.7687,0.8851,1.028,0.9,1.1742,0.6842,0.8708,1.0439,0.8862,1.2297,0.6069,0.8088,1.0358,0.8665,1.2382,0.6992,0.9735
Dys-CIM,MCM4,1.0858,0.9467,1.2453,0.2392,0.4728,1.1613,1.0244,1.3165,0.01949,0.03375,1.0873,0.9401,1.2576,0.2593,0.5501,1.0639,0.9262,1.2221,0.3811,0.7904,1.131,0.9803,1.3048,0.09154,0.477,1.0755,0.9189,1.2587,0.3647,0.7859
Dys-CIM,MGMT,0.9989,0.8741,1.1415,0.9868,0.9868,0.9766,0.8569,1.113,0.7225,0.7657,1,0.8689,1.1508,0.9995,0.9995,1.0235,0.8942,1.1715,0.7361,0.908,0.9704,0.8315,1.1325,0.7027,0.8197,1.0127,0.8521,1.2037,0.8857,0.9735
Dys-CIM,MRGBP,1.2631,1.1043,1.4448,0.000658,0.01535,1.1383,1.0048,1.2895,0.0418,0.06452,1.2649,1.0978,1.4573,0.001148,0.03005,1.2062,1.0528,1.3818,0.006887,0.1607,1.0371,0.8965,1.1996,0.6244,0.8088,1.0357,0.8824,1.2155,0.6679,0.9735
Dys-CIM,NDUFS6,NA,NA,NA,NA,NA,1.2078,1.0452,1.3957,0.01049,0.02082,NA,NA,NA,NA,NA,NA,NA,NA,NA,NA,1.1116,0.9475,1.3041,0.1941,0.6224,1.1488,0.9629,1.3705,0.1235,0.647
Dys-CIM,NHP2,1.0629,0.9328,1.2111,0.3597,0.5723,1.2048,1.0568,1.3736,0.005346,0.01518,1.0428,0.9094,1.1957,0.5484,0.7242,1.0311,0.9065,1.1727,0.6412,0.8641,0.9726,0.8408,1.1251,0.7088,0.8197,1.0155,0.8654,1.1917,0.8502,0.9735
Dys-CIM,NPM1,0.9432,0.8187,1.0866,0.4181,0.6227,1.0159,0.8984,1.1487,0.8018,0.8372,0.964,0.8319,1.1171,0.626,0.7855,0.9605,0.8347,1.1051,0.5732,0.8536,1.0602,0.9234,1.2173,0.4071,0.7508,1.0091,0.8669,1.1745,0.9072,0.9735
Dys-CIM,NTHL1,1.1154,0.9801,1.2694,0.09774,0.2624,1.1468,0.9953,1.3213,0.05805,0.08412,1.1217,0.9788,1.2854,0.09866,0.2874,1.1038,0.9705,1.2554,0.1328,0.4891,1.0448,0.8891,1.2277,0.5946,0.8088,1.0731,0.898,1.2823,0.4374,0.7859
Dys-CIM,PEX10,0.9502,0.8328,1.0841,0.4477,0.623,1.1246,0.9791,1.2917,0.09662,0.1293,0.9551,0.8318,1.0967,0.5149,0.6931,0.9973,0.8759,1.1355,0.9676,0.993,0.9951,0.855,1.1581,0.9491,0.9627,1.0124,0.857,1.196,0.8846,0.9735
Dys-CIM,PHB2,0.9528,0.8262,1.0987,0.506,0.644,1.1396,1.0145,1.2801,0.02767,0.04568,0.949,0.8181,1.101,0.49,0.6823,0.9569,0.831,1.1018,0.5401,0.8388,1.0274,0.8994,1.1737,0.6902,0.8197,1.0204,0.8811,1.1817,0.7875,0.9735
Dys-CIM,PLK1,1.0805,0.936,1.2473,0.2904,0.4728,1.3178,1.1327,1.5332,0.0003522,0.002274,1.0549,0.9066,1.2274,0.4893,0.6823,1.0246,0.8865,1.1842,0.7418,0.908,1.1492,0.9766,1.3524,0.09405,0.477,1.1277,0.944,1.3472,0.1852,0.647
Dys-CIM,POLD2,1.124,0.9774,1.2925,0.1012,0.2624,1.2567,1.104,1.4304,0.0005457,0.002594,1.1215,0.9688,1.2983,0.1248,0.312,1.1299,0.9839,1.2977,0.08372,0.3784,1.1287,0.9711,1.3119,0.1145,0.5082,1.1275,0.9565,1.3291,0.1526,0.647
Dys-CIM,POLR2I,1.0355,0.9028,1.1878,0.6182,0.7335,1.3038,1.1257,1.5101,0.0004012,0.002374,1.055,0.9129,1.2191,0.4683,0.6823,1.0424,0.9094,1.1948,0.5512,0.8388,1.0606,0.9038,1.2446,0.4709,0.7613,1.0805,0.906,1.2888,0.3889,0.7859
Dys-CIM,PPIA,1.0113,0.882,1.1595,0.8721,0.9217,1.1066,0.9814,1.2478,0.0983,0.1293,1.0212,0.8865,1.1764,0.7713,0.8851,0.9895,0.8638,1.1334,0.8789,0.9613,1.0851,0.9461,1.2444,0.243,0.69,1.028,0.8829,1.1969,0.722,0.9735
Dys-CIM,PRDX2,1.0414,0.9098,1.192,0.5563,0.6812,1.121,0.9808,1.2812,0.09381,0.1281,1.0126,0.8795,1.1658,0.862,0.9282,1.0503,0.9177,1.2021,0.4762,0.8118,1.0138,0.8718,1.1788,0.8588,0.8967,0.9903,0.8408,1.1663,0.9067,0.9735
Dys-CIM,PRDX5,1.1928,1.0351,1.3744,0.01479,0.1035,1.2837,1.1071,1.4885,0.0009395,0.003511,1.1484,0.9897,1.3324,0.06817,0.2524,1.1286,0.9805,1.299,0.0919,0.3784,1.0761,0.9125,1.269,0.3835,0.7508,1.0938,0.913,1.3105,0.3308,0.7859
Dys-CIM,PSMA2,0.9126,0.7877,1.0573,0.223,0.4592,1.0538,0.9276,1.1972,0.4209,0.4899,0.929,0.7972,1.0827,0.346,0.6206,0.9487,0.82,1.0976,0.4788,0.8118,1.0412,0.9007,1.2036,0.5852,0.8088,0.9986,0.8499,1.1734,0.9867,0.9874
Dys-CIM,PSMA5,1.0519,0.9188,1.2042,0.4638,0.623,1.0319,0.9086,1.1719,0.629,0.6812,1.0362,0.8996,1.1936,0.622,0.7855,1.0076,0.8805,1.1532,0.9122,0.9692,0.951,0.8205,1.1022,0.5043,0.7784,0.9429,0.8021,1.1085,0.4764,0.7859
Dys-CIM,PSMA7,1.0722,0.9432,1.2188,0.2865,0.4728,1.2405,1.0919,1.4094,0.0009324,0.003511,1.0565,0.9212,1.2117,0.4316,0.6428,1.0116,0.8837,1.1581,0.8671,0.9613,1.0443,0.9027,1.2081,0.5599,0.8088,1.0598,0.9034,1.2433,0.4759,0.7859
Dys-CIM,PSMB4,0.9904,0.8677,1.1303,0.8858,0.9217,1.1795,1.044,1.3325,0.008018,0.01886,0.9867,0.858,1.1348,0.8516,0.9282,1.0075,0.88,1.1535,0.9138,0.9692,1.0932,0.9556,1.2505,0.1943,0.6224,1.0773,0.9287,1.2498,0.3255,0.7859
Dys-CIM,PSMB7,1.0967,0.9607,1.2518,0.1718,0.388,1.1611,1.0283,1.3111,0.01596,0.03049,1.0926,0.9494,1.2575,0.2168,0.5058,1.0934,0.957,1.2492,0.1891,0.5296,0.974,0.8486,1.1179,0.7078,0.8197,1.0304,0.8878,1.1958,0.6937,0.9735
Dys-CIM,PSMC3,1.1584,1.0126,1.3253,0.03221,0.1649,1.2545,1.114,1.4126,0.0001824,0.00185,1.1579,1.0065,1.3321,0.04029,0.2014,1.0905,0.951,1.2504,0.2147,0.5779,1.1621,1.0166,1.3285,0.02777,0.3905,1.1602,1.0022,1.3432,0.04671,0.647
Dys-CIM,PSMD8,1.1707,1.0146,1.3509,0.03091,0.1649,1.3472,1.1906,1.5243,0.000002275,0.00008078,1.1422,0.9835,1.3266,0.08157,0.2607,1.0747,0.9291,1.2432,0.3318,0.7843,1.165,1.0062,1.3489,0.04108,0.3905,1.1413,0.9704,1.3423,0.1104,0.647
Dys-CIM,PYCR1,1.2958,1.1244,1.4933,0.0003443,0.01205,1.306,1.1476,1.4863,0.00005181,0.0009197,1.2734,1.0979,1.4769,0.001397,0.03005,1.1898,1.0361,1.3663,0.01377,0.1734,1.1516,0.995,1.3328,0.05843,0.3905,1.1929,1.0166,1.3997,0.03059,0.647
Dys-CIM,RAD51,1.11,0.9669,1.2742,0.1384,0.3341,1.1974,1.0442,1.373,0.00991,0.02082,1.146,0.9933,1.3222,0.0617,0.2524,1.0669,0.9255,1.2299,0.3717,0.7904,1.1422,0.9784,1.3334,0.09238,0.477,1.1234,0.9478,1.3315,0.1798,0.647
Dys-CIM,RAD51C,1.0409,0.9083,1.1928,0.5644,0.6812,0.8625,0.7634,0.9745,0.01754,0.03193,1.0354,0.8981,1.1936,0.6322,0.7855,1.0326,0.902,1.1821,0.6419,0.8641,0.9094,0.7922,1.0439,0.1773,0.6224,0.8478,0.7279,0.9874,0.03374,0.647
Dys-CIM,RAD54B,1.0506,0.9159,1.2051,0.4806,0.623,1.0402,0.9175,1.1794,0.538,0.6046,1.0607,0.9185,1.225,0.4221,0.6428,1.0346,0.9016,1.1871,0.6283,0.8641,1.0261,0.8932,1.1788,0.7158,0.8197,1.004,0.8621,1.1694,0.9589,0.9867
Dys-CIM,RBM4,1.009,0.8828,1.1533,0.8954,0.9217,1.0369,0.9222,1.1658,0.545,0.6046,0.9953,0.8658,1.1442,0.9475,0.9613,0.994,0.8705,1.1351,0.9293,0.9709,1.0948,0.9595,1.2491,0.1784,0.6224,1.0627,0.9176,1.2306,0.4168,0.7859
Dys-CIM,RNASEH2A,1.0786,0.942,1.2349,0.2734,0.4728,1.239,1.0874,1.4119,0.001296,0.004601,1.0733,0.9314,1.2368,0.3282,0.6083,1.0344,0.9028,1.1852,0.626,0.8641,1.0209,0.8774,1.188,0.7887,0.875,1.0087,0.8545,1.1907,0.9186,0.9735
Dys-CIM,ROMO1,1.2209,1.0664,1.3978,0.003838,0.03838,1.2222,1.0532,1.4183,0.008236,0.01886,1.1991,1.0422,1.3795,0.01116,0.1116,1.1847,1.0344,1.3569,0.01432,0.1734,1.0972,0.9323,1.2912,0.2644,0.7077,1.1299,0.9428,1.354,0.1861,0.647
Dys-CIM,RPA3,1.0329,0.8987,1.1872,0.6484,0.7441,0.9967,0.88,1.1289,0.959,0.9845,1.0654,0.9194,1.2344,0.3995,0.6428,1.0574,0.9191,1.2164,0.4353,0.8118,0.8686,0.7543,1.0002,0.05028,0.3905,0.876,0.7502,1.0229,0.09417,0.647
Dys-CIM,RRP9,1.0526,0.9204,1.2037,0.4544,0.623,1.1624,1.0094,1.3386,0.03665,0.05783,1.0346,0.8972,1.1931,0.6396,0.7855,1.0197,0.8866,1.1726,0.785,0.9158,0.924,0.7935,1.076,0.309,0.7077,0.9021,0.7651,1.0637,0.2203,0.647
Dys-CIM,RUVBL2,1.1204,0.9783,1.2832,0.1004,0.2624,1.2435,1.0679,1.448,0.005012,0.01483,1.0888,0.9448,1.2547,0.2399,0.5249,1.064,0.9306,1.2165,0.3639,0.7904,1.0468,0.8863,1.2364,0.5902,0.8088,1.0826,0.8994,1.3031,0.4015,0.7859
Dys-CIM,SGTA,1.2428,1.0906,1.4164,0.001114,0.01656,1.231,1.0497,1.4436,0.01056,0.02082,1.2384,1.0793,1.4209,0.002303,0.03005,1.1753,1.03,1.3411,0.01641,0.1734,1.0298,0.8694,1.2198,0.7338,0.827,1.0385,0.8614,1.2519,0.6921,0.9735
Dys-CIM,STAP2,1.1406,0.997,1.305,0.05543,0.2042,1.272,1.1154,1.4506,0.0003321,0.002274,1.1236,0.9744,1.2957,0.1089,0.2932,1.1237,0.9832,1.2842,0.08705,0.3784,1.1588,1,1.3429,0.05001,0.3905,1.1734,0.9981,1.3794,0.05277,0.647
Dys-CIM,TBC1D7,1.2588,1.0953,1.4466,0.001183,0.01656,1.1779,1.0395,1.3348,0.01027,0.02082,1.2551,1.0842,1.453,0.002345,0.03005,1.1757,1.0232,1.3509,0.0224,0.196,1.1593,1.0142,1.3252,0.03032,0.3905,1.1401,0.9835,1.3217,0.08201,0.647
Dys-CIM,TRIP13,1.0836,0.9351,1.2556,0.2856,0.4728,1.2054,1.052,1.3813,0.007162,0.01816,1.0799,0.9251,1.2605,0.3302,0.6083,1.0213,0.8807,1.1842,0.7807,0.9158,1.103,0.9489,1.2822,0.2016,0.6224,1.0609,0.8989,1.2522,0.4843,0.7859
Dys-CIM,TXN,1.0771,0.9388,1.2356,0.2894,0.4728,1.0411,0.9169,1.1822,0.5342,0.6046,1.0922,0.9438,1.264,0.2364,0.5249,1.0742,0.9361,1.2327,0.308,0.7843,0.9855,0.8541,1.1372,0.8419,0.8922,0.9378,0.8005,1.0987,0.4268,0.7859
Dys-CIM,UBE2V2,1.06,0.9243,1.2157,0.4041,0.6227,0.9976,0.8778,1.1338,0.9707,0.9845,1.0694,0.9253,1.2359,0.3635,0.6206,1.061,0.925,1.217,0.3978,0.7904,1.0769,0.9341,1.2414,0.3073,0.7077,1.0165,0.8683,1.1901,0.8383,0.9735
Dys-CIM,VPS72,0.9585,0.8387,1.0953,0.5333,0.6666,1.1124,0.9842,1.2573,0.08809,0.1226,0.9525,0.8276,1.0962,0.4971,0.6823,0.978,0.8518,1.1229,0.7523,0.908,1.044,0.9096,1.1983,0.5401,0.8088,1.0357,0.8899,1.2055,0.6501,0.9735
Dys-CIM,YIF1A,1.194,1.0392,1.3719,0.0123,0.09566,1.3249,1.1444,1.5339,0.0001668,0.00185,1.1365,0.9822,1.315,0.08565,0.2607,1.0712,0.9323,1.2309,0.3318,0.7843,1.2106,1.0219,1.4341,0.02705,0.3905,1.194,0.992,1.4372,0.06076,0.647
