family,dataset,GeneSet,analysis_pool,standalone,n_genes,test,p_value,direction
"zscore","nki_smc","GOBP_ADAPTIVE_IMMUNE_RESPONSE","19 a priori immune/stress pathways",FALSE,482,"Fry",2.93172494580134e-05,"Down"
"zscore","nki_smc","GOBP_ANTIGEN_PROCESSING_AND_PRESENTATION","19 a priori immune/stress pathways",FALSE,117,"Fry",0.000184735724797082,"Down"
"zscore","nki_smc","GOBP_B_CELL_ACTIVATION","19 a priori immune/stress pathways",FALSE,285,"Fry",0.000371106181993251,"Down"
"zscore","nki_smc","GOBP_CELLULAR_RESPONSE_TO_STRESS","19 a priori immune/stress pathways",FALSE,1871,"Fry",0.81529747968005,"Down"
"zscore","nki_smc","GOBP_CYTOKINE_PRODUCTION_INVOLVED_IN_INFLAMMATORY_RESPONSE","19 a priori immune/stress pathways",FALSE,69,"Fry",6.28593730611951e-05,"Down"
"zscore","nki_smc","GOBP_INFLAMMASOME_MEDIATED_SIGNALING_PATHWAY","19 a priori immune/stress pathways",FALSE,58,"Fry",0.0153180440059157,"Down"
"zscore","nki_smc","GOBP_INFLAMMATORY_CELL_APOPTOTIC_PROCESS","19 a priori immune/stress pathways",FALSE,22,"Fry",0.000474397697243125,"Down"
"zscore","nki_smc","GOBP_INTRINSIC_APOPTOTIC_SIGNALING_PATHWAY","19 a priori immune/stress pathways",FALSE,320,"Fry",0.79854964129205,"Down"
"zscore","nki_smc","GOBP_INTRINSIC_APOPTOTIC_SIGNALING_PATHWAY_IN_RESPONSE_TO_ENDOPLASMIC_RETICULUM_STRESS","19 a priori immune/stress pathways",FALSE,67,"Fry",0.343595375551401,"Down"
"zscore","nki_smc","GOBP_LEUKOCYTE_CHEMOTAXIS_INVOLVED_IN_INFLAMMATORY_RESPONSE","19 a priori immune/stress pathways",FALSE,8,"Fry",0.000132176159064626,"Down"
"zscore","nki_smc","GOBP_LEUKOCYTE_MIGRATION_INVOLVED_IN_INFLAMMATORY_RESPONSE","19 a priori immune/stress pathways",FALSE,21,"Fry",1.33023944411623e-06,"Down"
"zscore","nki_smc","GOBP_RESPONSE_TO_ENDOPLASMIC_RETICULUM_STRESS","19 a priori immune/stress pathways",FALSE,280,"Fry",0.590065032939723,"Down"
"zscore","nki_smc","GOBP_T_CELL_ACTIVATION","19 a priori immune/stress pathways",FALSE,589,"Fry",0.000101363035412034,"Down"
"zscore","nki_smc","HALLMARK_INFLAMMATORY_RESPONSE","19 a priori immune/stress pathways",FALSE,200,"Fry",9.2847128894544e-06,"Down"
"zscore","nki_smc","HALLMARK_UNFOLDED_PROTEIN_RESPONSE","19 a priori immune/stress pathways",FALSE,112,"Fry",0.176486248816664,"Up"
"zscore","nki_smc","REACTOME_CELLULAR_RESPONSE_TO_CHEMICAL_STRESS","19 a priori immune/stress pathways",FALSE,192,"Fry",0.19599909461155,"Up"
"zscore","nki_smc","REACTOME_CELLULAR_RESPONSE_TO_MITOCHONDRIAL_STRESS","19 a priori immune/stress pathways",FALSE,9,"Fry",0.00950780163937233,"Up"
"zscore","nki_smc","WP_MOLECULAR_PATHWAY_FOR_OXIDATIVE_STRESS","19 a priori immune/stress pathways",FALSE,48,"Fry",0.0521542452907258,"Down"
"zscore","nki_smc","WP_OXIDATIVE_STRESS_RESPONSE","19 a priori immune/stress pathways",FALSE,33,"Fry",0.0307760111560423,"Down"
"zscore","neo","GOBP_ADAPTIVE_IMMUNE_RESPONSE","19 a priori immune/stress pathways",FALSE,489,"Fry",0.000106830651573394,"Down"
"zscore","neo","GOBP_ANTIGEN_PROCESSING_AND_PRESENTATION","19 a priori immune/stress pathways",FALSE,117,"Fry",0.000410628379025437,"Down"
"zscore","neo","GOBP_B_CELL_ACTIVATION","19 a priori immune/stress pathways",FALSE,289,"Fry",5.71533083893388e-05,"Down"
"zscore","neo","GOBP_CELLULAR_RESPONSE_TO_STRESS","19 a priori immune/stress pathways",FALSE,1915,"Fry",1.63272583192266e-05,"Down"
"zscore","neo","GOBP_CYTOKINE_PRODUCTION_INVOLVED_IN_INFLAMMATORY_RESPONSE","19 a priori immune/stress pathways",FALSE,89,"Fry",2.51826678832967e-05,"Down"
"zscore","neo","GOBP_INFLAMMASOME_MEDIATED_SIGNALING_PATHWAY","19 a priori immune/stress pathways",FALSE,60,"Fry",1.68771969308593e-05,"Down"
"zscore","neo","GOBP_INFLAMMATORY_CELL_APOPTOTIC_PROCESS","19 a priori immune/stress pathways",FALSE,23,"Fry",0.000154341008100854,"Down"
"zscore","neo","GOBP_INTRINSIC_APOPTOTIC_SIGNALING_PATHWAY","19 a priori immune/stress pathways",FALSE,334,"Fry",6.3427515648368e-06,"Down"
"zscore","neo","GOBP_INTRINSIC_APOPTOTIC_SIGNALING_PATHWAY_IN_RESPONSE_TO_ENDOPLASMIC_RETICULUM_STRESS","19 a priori immune/stress pathways",FALSE,67,"Fry",1.2276046104781e-06,"Down"
"zscore","neo","GOBP_LEUKOCYTE_CHEMOTAXIS_INVOLVED_IN_INFLAMMATORY_RESPONSE","19 a priori immune/stress pathways",FALSE,8,"Fry",0.000829068509699301,"Down"
"zscore","neo","GOBP_LEUKOCYTE_MIGRATION_INVOLVED_IN_INFLAMMATORY_RESPONSE","19 a priori immune/stress pathways",FALSE,21,"Fry",1.56707711341089e-05,"Down"
"zscore","neo","GOBP_RESPONSE_TO_ENDOPLASMIC_RETICULUM_STRESS","19 a priori immune/stress pathways",FALSE,283,"Fry",4.80944558807913e-06,"Down"
"zscore","neo","GOBP_T_CELL_ACTIVATION","19 a priori immune/stress pathways",FALSE,593,"Fry",3.68911043125224e-05,"Down"
"zscore","neo","HALLMARK_INFLAMMATORY_RESPONSE","19 a priori immune/stress pathways",FALSE,200,"Fry",2.00383521811391e-05,"Down"
"zscore","neo","HALLMARK_UNFOLDED_PROTEIN_RESPONSE","19 a priori immune/stress pathways",FALSE,113,"Fry",0.000239993890614916,"Down"
"zscore","neo","REACTOME_CELLULAR_RESPONSE_TO_CHEMICAL_STRESS","19 a priori immune/stress pathways",FALSE,196,"Fry",5.02100200258411e-05,"Down"
"zscore","neo","REACTOME_CELLULAR_RESPONSE_TO_MITOCHONDRIAL_STRESS","19 a priori immune/stress pathways",FALSE,9,"Fry",0.0215953622305484,"Down"
"zscore","neo","WP_MOLECULAR_PATHWAY_FOR_OXIDATIVE_STRESS","19 a priori immune/stress pathways",FALSE,48,"Fry",0.000261380386305093,"Down"
"zscore","neo","WP_OXIDATIVE_STRESS_RESPONSE","19 a priori immune/stress pathways",FALSE,33,"Fry",0.00078964293841376,"Down"
"zscore","tnbc_cl","GOBP_ANTIGEN_PROCESSING_AND_PRESENTATION","Figure 4F TNBC cell-line immune/stress pathways",FALSE,117,"Fry",0.182958087517368,"Down"
"zscore","tnbc_cl","GOBP_CELLULAR_RESPONSE_TO_STRESS","Figure 4F TNBC cell-line immune/stress pathways",FALSE,1926,"Fry",0.920727020878156,"Down"
"zscore","tnbc_cl","GOBP_CYTOKINE_PRODUCTION_INVOLVED_IN_INFLAMMATORY_RESPONSE","Figure 4F TNBC cell-line immune/stress pathways",FALSE,89,"Fry",0.471507906934077,"Down"
"zscore","tnbc_cl","GOBP_INFLAMMASOME_MEDIATED_SIGNALING_PATHWAY","Figure 4F TNBC cell-line immune/stress pathways",FALSE,60,"Fry",0.14159064205253,"Down"
"zscore","tnbc_cl","GOBP_INFLAMMATORY_CELL_APOPTOTIC_PROCESS","Figure 4F TNBC cell-line immune/stress pathways",FALSE,23,"Fry",0.205533953023574,"Down"
"zscore","tnbc_cl","GOBP_INTRINSIC_APOPTOTIC_SIGNALING_PATHWAY","Figure 4F TNBC cell-line immune/stress pathways",FALSE,334,"Fry",0.852071551537089,"Down"
"zscore","tnbc_cl","GOBP_INTRINSIC_APOPTOTIC_SIGNALING_PATHWAY_IN_RESPONSE_TO_ENDOPLASMIC_RETICULUM_STRESS","Figure 4F TNBC cell-line immune/stress pathways",FALSE,67,"Fry",0.774469262625979,"Down"
"zscore","tnbc_cl","HALLMARK_INFLAMMATORY_RESPONSE","Figure 4F TNBC cell-line immune/stress pathways",FALSE,200,"Fry",0.902925312316157,"Up"
"zscore","tnbc_cl","HALLMARK_UNFOLDED_PROTEIN_RESPONSE","Figure 4F TNBC cell-line immune/stress pathways",FALSE,113,"Fry",0.0771216966239895,"Up"
"zscore","tnbc_cl","REACTOME_CELLULAR_RESPONSE_TO_CHEMICAL_STRESS","Figure 4F TNBC cell-line immune/stress pathways",FALSE,197,"Fry",0.33735373415236,"Down"
"zscore","tnbc_cl","REACTOME_CELLULAR_RESPONSE_TO_MITOCHONDRIAL_STRESS","Figure 4F TNBC cell-line immune/stress pathways",FALSE,9,"Fry",0.0186172130756136,"Up"
"zscore","tnbc_cl","WP_MOLECULAR_PATHWAY_FOR_OXIDATIVE_STRESS","Figure 4F TNBC cell-line immune/stress pathways",FALSE,48,"Fry",0.769289318885828,"Up"
"zscore","tnbc_cl","WP_OXIDATIVE_STRESS_RESPONSE","Figure 4F TNBC cell-line immune/stress pathways",FALSE,33,"Fry",0.0108848547086725,"Down"
"icd","nki_smc","Apoptosis","Five a priori ICD programs",FALSE,20,"Fry",0.709931987059326,"Down"
"icd","nki_smc","Necroptosis","Five a priori ICD programs",FALSE,8,"Fry",0.0218037862228626,"Down"
"icd","nki_smc","Pyroptosis","Five a priori ICD programs",FALSE,12,"Fry",0.00258414292125562,"Down"
"icd","nki_smc","PANoptosis","Five a priori ICD programs",FALSE,9,"Fry",0.0160978631539407,"Down"
"icd","nki_smc","Ferroptosis","Five a priori ICD programs",FALSE,5,"Fry",0.00673044652089034,"Down"
"icd","nki_smc","GOBP_INFLAMMATORY_CELL_APOPTOTIC_PROCESS","Standalone prespecified pathway",TRUE,22,"Fry",0.000474397697243125,"Down"
"icd","neo","Apoptosis","Five a priori ICD programs",FALSE,20,"Fry",0.000146780597703397,"Down"
"icd","neo","Necroptosis","Five a priori ICD programs",FALSE,8,"Fry",1.78400121538847e-05,"Down"
"icd","neo","Pyroptosis","Five a priori ICD programs",FALSE,12,"Fry",0.00509623938960914,"Down"
"icd","neo","PANoptosis","Five a priori ICD programs",FALSE,9,"Fry",0.00262058585836973,"Down"
"icd","neo","Ferroptosis","Five a priori ICD programs",FALSE,5,"Fry",0.0153783972438223,"Down"
"icd","neo","GOBP_INFLAMMATORY_CELL_APOPTOTIC_PROCESS","Standalone prespecified pathway",TRUE,23,"Fry",0.000154341008100854,"Down"
"icd","tnbc_cl","Apoptosis","Five a priori ICD programs",FALSE,20,"Fry",0.321310945800914,"Down"
"icd","tnbc_cl","Necroptosis","Five a priori ICD programs",FALSE,8,"Fry",0.34944684021578,"Down"
"icd","tnbc_cl","Pyroptosis","Five a priori ICD programs",FALSE,12,"Fry",0.115567877162012,"Down"
"icd","tnbc_cl","PANoptosis","Five a priori ICD programs",FALSE,9,"Fry",0.00890531122099069,"Down"
"icd","tnbc_cl","Ferroptosis","Five a priori ICD programs",FALSE,5,"Fry",0.0516376672231182,"Up"
"icd","tnbc_cl","GOBP_INFLAMMATORY_CELL_APOPTOTIC_PROCESS","Standalone prespecified pathway",TRUE,23,"Fry",0.205533953023574,"Down"
