"Method","Cell_Type","cluster","n_pairs","mean_biopsy","sd_biopsy","mean_surgery","sd_surgery","mean_delta","sd_delta","p_value","FDR","zscore_delta"
"CIBERSORTx","B cells memory","C1",14,0.00945458092180325,0.0175037244702338,0.00145953610702962,0.0024769131560946,-0.00799504481477362,0.0182231875407947,0.119722411520657,0.297557234175455,-0.598055055243726
"CIBERSORTx","B cells memory","C2",11,0.0226813920537093,0.0233969602510068,0.00418292487386878,0.00708047284652067,-0.0184984671798405,0.0251325836060654,0.0190588916017305,0.190588916017305,-1.38374481537875
"CIBERSORTx","B cells memory","C3",11,0.00905349650964005,0.0194844760543362,0.00427826196637441,0.0110695890470234,-0.00477523454326564,0.00891040588764286,0.0759269629825577,0.394872927828819,-0.357202895635719
"CIBERSORTx","B cells naive","C1",14,0.0453794029893852,0.0592991301708806,0.0322380328519293,0.0222036218368289,-0.0131413701374559,0.0517374873092676,0.949944493522,0.999941572128421,-0.983016734191624
"CIBERSORTx","B cells naive","C2",11,0.0204770093036824,0.0344391769101266,0.0158176760184542,0.0115400328384876,-0.0046593332852282,0.0289977396089921,1,1,-0.348533108926042
"CIBERSORTx","B cells naive","C3",11,0.0235250898431259,0.0177642247605011,0.0199157886815904,0.0168447277892265,-0.00360930116153541,0.0125905613817695,0.563317799720071,0.823310630360104,-0.269987330347994
"CIBERSORTx","Dendritic cells activated","C1",14,0.00131458549817593,0.00372995627851324,0.0088067987880943,0.0243721901552415,0.00749221328991837,0.0210463344471037,0.105645429201877,0.297557234175455,0.560441640642233
"CIBERSORTx","Dendritic cells activated","C2",11,0.00324231153983111,0.00724862540178718,0.0071212100092515,0.0148493055513194,0.00387889846942039,0.0178366979542045,0.674986713970489,0.899982285293986,0.290154075700412
"CIBERSORTx","Dendritic cells activated","C3",11,0.00100198654501351,0.00289074847913995,0.00422131357343334,0.00844407949764119,0.00321932702841982,0.00829992319382081,0.177529852412153,0.468649356595117,0.240816011471445
"CIBERSORTx","Dendritic cells resting","C1",14,0.0066836784596822,0.00736463432796184,0.00529491153762231,0.00656339031529232,-0.00138876692205989,0.00837453616306717,0.398304593395588,0.497880741744484,-0.103884230487169
"CIBERSORTx","Dendritic cells resting","C2",11,0.0206559146500413,0.0284500921115006,0.0160693407393746,0.013432280737696,-0.00458657391066671,0.0294800143441757,0.755657737671463,0.926594904542836,-0.343090473796285
"CIBERSORTx","Dendritic cells resting","C3",11,0.00733150779034588,0.00619209899024235,0.00890369611037632,0.00961217135352332,0.00157218832003043,0.00531204156929694,0.414823067184775,0.656803189709226,0.117604740732897
"CIBERSORTx","Eosinophils","C1",14,0,0,0.000115049103961486,0.000430474329679219,0.000115049103961486,0.000430474329679219,1,1,0.00860604284522402
"CIBERSORTx","Eosinophils","C2",11,0.0000488238858387372,0.000161930510134238,0.00156794704071286,0.00329786875094455,0.00151912315487412,0.00332724765784968,0.105645429201877,0.399074705068856,0.113635295781139
"CIBERSORTx","Eosinophils","C3",11,0,0,0,0,0,0,NA,NA,-0.00000000000000000523993713143828
"CIBERSORTx","Macrophages M0","C1",14,0.0537480360821381,0.0570488282936572,0.057532228999677,0.0941242871047132,0.00378419291753887,0.0833715746014295,0.812703686128436,0.903004095698263,0.28306979595282
"CIBERSORTx","Macrophages M0","C2",11,0.0739402078378143,0.0469827469906172,0.0812519952932911,0.0473476902020694,0.00731178745547679,0.0606838951596649,0.893903721815722,0.940951286121812,0.546945208178845
"CIBERSORTx","Macrophages M0","C3",11,0.089791819525869,0.0766375883548996,0.101900408836108,0.084615876322793,0.0121085893102395,0.0882927586412121,0.893903721815722,0.943565039694373,0.905761408050832
"CIBERSORTx","Macrophages M1","C1",14,0.0598673468905101,0.0380862086620361,0.0422792631796915,0.0304090091649388,-0.0175880837108186,0.0371722055351583,0.148778617087727,0.297557234175455,-1.31564520512356
"CIBERSORTx","Macrophages M1","C2",11,0.101119985216593,0.0393632045240564,0.0886963592071588,0.0225094276104773,-0.0124236260094346,0.0366578780001866,0.306556273379373,0.681236163065273,-0.929327165955378
"CIBERSORTx","Macrophages M1","C3",11,0.0588018327327176,0.0321675110260583,0.0408614563028932,0.0243007236222577,-0.0179403764298244,0.0211255111444975,0.0233763900464205,0.222075705440995,-1.34199783308353
"CIBERSORTx","Macrophages M2","C1",14,0.321312765297235,0.115500303714776,0.354753267682178,0.0996295771761091,0.0334405023849435,0.128962735131995,0.258486052233535,0.397670849590053,2.50145708555001
"CIBERSORTx","Macrophages M2","C2",11,0.272239793624829,0.0897817003240465,0.298419691525964,0.057712264795928,0.0261798979011352,0.0804774823846835,0.0829604137452953,0.399074705068856,1.95834052819901
"CIBERSORTx","Macrophages M2","C3",11,0.307647598115033,0.0620570587292194,0.317513309986728,0.0712116357593101,0.00986571187169492,0.0742562156081092,0.755657737671463,0.921050893921975,0.73798696506897
"CIBERSORTx","Mast cells activated","C1",14,0.0013621997488069,0.00388922628775105,0.0138817794469191,0.0209460652070368,0.0125195796981122,0.0205229522740673,0.0299739735865559,0.199826490577039,0.936504810347927
"CIBERSORTx","Mast cells activated","C2",11,0.00326732802525327,0.00587462932236714,0.0186988507253777,0.0256387808830938,0.0154315227001245,0.0231265129458954,0.0934924836898357,0.399074705068856,1.15432750844175
"CIBERSORTx","Mast cells activated","C3",11,0.00480801838761939,0.00781990009692088,0.00549959129774843,0.0109051960624536,0.000691572910129036,0.0142521197824234,0.726286148878805,0.921050893921975,0.0517318770006164
"CIBERSORTx","Mast cells resting","C1",14,0.105479657306419,0.0906800274613016,0.141695877312628,0.11198941492677,0.0362162200062088,0.0751840569145317,0.102639775576908,0.297557234175455,2.7090896872159
"CIBERSORTx","Mast cells resting","C2",11,0.0367337213184849,0.0375405933416907,0.053278849631773,0.0587166845544801,0.0165451283132881,0.0656892296418067,0.624834867127387,0.892621238753411,1.23762878841326
"CIBERSORTx","Mast cells resting","C3",11,0.127835557879919,0.119954964218189,0.117329768505827,0.0974228503315905,-0.0105057893740924,0.0904230382537613,0.350528908982333,0.656803189709226,-0.785866820019782
"CIBERSORTx","Monocytes","C1",14,0.0228179405936467,0.0273164191779419,0.0314267955047574,0.0240980584598159,0.00860885491111068,0.0372287501792087,0.315174424989568,0.450249178556525,0.643970023774695
"CIBERSORTx","Monocytes","C2",11,0.0194499196801955,0.0215869220812097,0.0220757373601044,0.0223952458759907,0.00262581767990892,0.0116640766529578,0.119722411520657,0.399074705068856,0.196419604142312
"CIBERSORTx","Monocytes","C3",11,0.0100165974755036,0.00902219833013993,0.00987786158313045,0.00867284900123022,-0.000138735892373145,0.00962109088001174,0.964541384555568,0.964541384555568,-0.0103778907685658
"CIBERSORTx","NK cells activated","C1",14,0.0172504789897525,0.0155754063236122,0.0313193518036604,0.021748512130671,0.0140688728139079,0.031918454501841,0.148778617087727,0.297557234175455,1.05239691619876
"CIBERSORTx","NK cells activated","C2",11,0.0352836208235052,0.025393604618729,0.042489241136704,0.0293183033775599,0.00720562031319877,0.0223373735537829,0.504879873834092,0.841466456390153,0.539003564621973
"CIBERSORTx","NK cells activated","C3",11,0.015193602562867,0.0102136044142065,0.0200418937713984,0.0162395660873861,0.00484829120853133,0.0213025945472268,0.824098168245978,0.921050893921975,0.362667769065905
"CIBERSORTx","NK cells resting","C1",14,0.0110829317994427,0.01095275551687,0.00703911085452102,0.00987342852310592,-0.00404382094492164,0.010062316152864,0.168166829372509,0.305757871586381,-0.302490807073647
"CIBERSORTx","NK cells resting","C2",11,0.00313765641306731,0.00385226518394863,0.00931076432684054,0.0201048897010859,0.00617310791377322,0.0207443706258463,0.833935414088552,0.926594904542836,0.461768317742902
"CIBERSORTx","NK cells resting","C3",11,0.00739553174859477,0.0107187801216324,0.00195714145512066,0.00435912709477985,-0.00543839029347411,0.00973764951736892,0.142213241936393,0.468649356595117,-0.406809077716557
"CIBERSORTx","Neutrophils","C1",14,0.00481513733445415,0.00463677708821696,0.00851800173733219,0.0105564530305399,0.00370286440287805,0.00905373238427941,0.232966059706807,0.388276766178011,0.276986161594888
"CIBERSORTx","Neutrophils","C2",11,0.00196312996613605,0.00429942853884294,0.0088244523393048,0.00912457083834629,0.00686132237316875,0.00868915024223328,0.00915168885265007,0.183033777053001,0.513248971831641
"CIBERSORTx","Neutrophils","C3",11,0.00403702262586266,0.00373739582642968,0.00283337813456487,0.0029402084808826,-0.00120364449129779,0.00387394292721031,0.414823067184775,0.656803189709226,-0.0900364775200187
"CIBERSORTx","Plasma cells","C1",14,0.00472485460392193,0.00768340894254565,0.011087427044958,0.010381045255182,0.00636257244103605,0.0126978041273937,0.0692129715131915,0.276851886052766,0.47594087348762
"CIBERSORTx","Plasma cells","C2",11,0.00560769977956455,0.00922874059947654,0.00320555830939402,0.00271224848433052,-0.00240214147017053,0.00935218686882137,0.812703686128436,0.926594904542836,-0.179687904562016
"CIBERSORTx","Plasma cells","C3",11,0.0114288923274988,0.0186066914260361,0.00791030698910075,0.0176200699107001,-0.00351858533839802,0.00618753838500504,0.0831311427008039,0.394872927828819,-0.263201495136957
"CIBERSORTx","T cells CD4+ (general)","C1",14,0.149970395554944,0.0681524794402321,0.123578106631605,0.0632068542197624,-0.0263922889233391,0.0473425093096199,0.0445533169117585,0.222766584558792,-1.97422805947122
"CIBERSORTx","T cells CD4+ (general)","C2",11,0.14456721707441,0.0462097034911995,0.1235161646966,0.0222888857693479,-0.0210510523778091,0.0425514244495541,0.142368182702515,0.406766236292901,-1.57468639443839
"CIBERSORTx","T cells CD4+ (general)","C3",11,0.145709065788034,0.0504247851302615,0.171123419875154,0.0503402016705592,0.0254143540871207,0.0701691076375328,0.230024245060274,0.485606739571689,1.90107538978028
"CIBERSORTx","T cells CD8+ (total)","C1",14,0.0879176044748044,0.0359591322546678,0.0629266567905274,0.0353198101747467,-0.024990947684277,0.0282261656845125,0.0120369481070948,0.120369481070948,-1.86940322964738
"CIBERSORTx","T cells CD8+ (total)","C2",11,0.120083996038496,0.0304767576438416,0.105712894057535,0.0396909190400078,-0.0143711019809608,0.0424920563541908,0.398304593395588,0.724190169810159,-1.07500462952441
"CIBERSORTx","T cells CD8+ (total)","C3",11,0.0850286919987375,0.0322635783160669,0.101847880736018,0.0460838644291542,0.0168191887372801,0.0335231686945549,0.168166829372509,0.468649356595117,1.25812938919886
"CIBERSORTx","T cells follicular helper","C1",14,0.0648498398324561,0.0326682203373247,0.0619985443380012,0.026432858557915,-0.00285129549445494,0.0354055289042484,0.70642711574737,0.83109072440867,-0.213286069554161
"CIBERSORTx","T cells follicular helper","C2",11,0.074103393514171,0.0291139262836468,0.0770565939174742,0.0256080558234649,0.0029532004033032,0.0264118151074794,0.563317799720071,0.866642768800109,0.220908884347923
"CIBERSORTx","T cells follicular helper","C3",11,0.0613063059462416,0.0311274787614807,0.0481209837479483,0.0185292919066437,-0.0131853221982933,0.0316860952492913,0.197326044882155,0.468649356595117,-0.986304489642799
"CIBERSORTx","T cells gamma delta","C1",14,0.00455733979591168,0.0132573471578412,0.000892140551174593,0.00333808428334299,-0.00366519924473709,0.013505428421034,0.361310428526179,0.481747238034905,-0.274168686677032
"CIBERSORTx","T cells gamma delta","C2",11,0.0212611900715018,0.0329275626461239,0.0069074557741824,0.0123504351969726,-0.0143537342973194,0.0325538954734972,0.352542137499713,0.705084274999426,-1.07370547095303
"CIBERSORTx","T cells gamma delta","C3",11,0.00379140883237874,0.00851262684842701,0.00738526439818772,0.0167672060680639,0.00359385556580898,0.0161240022710504,0.789268026134281,0.921050893921975,0.268831950131942
"CIBERSORTx","T cells regulatory (Tregs)","C1",14,0.0274112238265097,0.0184131465321771,0.00315711973373154,0.0058654816497363,-0.0242541040927782,0.0176707626525212,0.00136666351919497,0.0273332703838994,-1.81428496014056
"CIBERSORTx","T cells regulatory (Tregs)","C2",11,0.0201356891828751,0.0148367914938519,0.0157962930166333,0.0161680592413847,-0.0043393961662418,0.0136814914553723,0.262192602406773,0.655481506016933,-0.324600783866855
"CIBERSORTx","T cells regulatory (Tregs)","C3",11,0.026295973364998,0.019567747555501,0.0084782740482972,0.0111215299404545,-0.0178176993167008,0.0177309849588139,0.00385729282994253,0.0732885637689082,-1.33282119062985
"consensus_tme","B cell","C1",14,-0.0604241524705152,0.0840405675881478,-0.104872653960345,0.0618341129302718,-0.0444485014898296,0.0675695389248736,0.0383005285343547,0.0766010570687093,-0.338614063173247
"consensus_tme","B cell","C2",11,0.0437145632248607,0.119424011694826,-0.0910393006189557,0.0530037095226772,-0.134753863843816,0.0954988778314227,0.00385729282994253,0.00834434571108664,-1.1107848150377
"consensus_tme","B cell","C3",11,-0.100256622176346,0.0996464433413083,-0.0126950486483687,0.119123379180373,0.0875615735279774,0.0795840223288279,0.00509932237899739,0.00611918685479687,0.790159646638266
"consensus_tme","Cancer associated fibroblast","C1",14,0.251876393853267,0.160155548049647,0.335001610965264,0.0963553276104871,0.0831252171119963,0.0890806731001705,0.00574194154874128,0.0206709895754686,0.752225856440529
"consensus_tme","Cancer associated fibroblast","C2",11,0.235818751170768,0.0774916797303338,0.18651151966032,0.161161180352876,-0.0493072315104478,0.151924166497155,0.398304593395588,0.398304593395588,-0.380159427870646
"consensus_tme","Cancer associated fibroblast","C3",11,0.298535941960495,0.106361359515952,0.383494942024725,0.078800662497313,0.08495900006423,0.0939949031674974,0.0144832770523174,0.0153352345259831,0.767905917115464
"consensus_tme","Endothelial cell","C1",14,0.222782881132555,0.138356714521691,0.253054041531087,0.178923946607064,0.0302711603985326,0.150145842352443,0.660346099350424,0.792415319220508,0.300288610991673
"consensus_tme","Endothelial cell","C2",11,0.179386855029594,0.120469272468514,0.0772902994574319,0.130005549099908,-0.102096555572163,0.0745155937815524,0.00385729282994253,0.00834434571108664,-0.831543166206876
"consensus_tme","Endothelial cell","C3",11,0.170155431598567,0.103649540466789,0.267227898044592,0.107166905261804,0.0970724664460252,0.12705038348366,0.0366712945648324,0.0366712945648324,0.871484090104242
"consensus_tme","Eosinophil","C1",14,-0.0209267774572914,0.108909652653911,0.0236970230241225,0.109919349953298,0.0446238004814139,0.0730567972095854,0.0596604735623143,0.107388852412166,0.423013204472572
"consensus_tme","Eosinophil","C2",11,0.199856922258674,0.129563237605627,0.0626598955432293,0.0609940524690024,-0.137197026715445,0.127741445258282,0.011278190116074,0.0119416130640784,-1.13167547825344
"consensus_tme","Eosinophil","C3",11,-0.0201649586143456,0.130588314148264,0.170873207017073,0.180083351165388,0.191038165631419,0.132407306939445,0.00385729282994253,0.0049593764956404,1.67495314994851
"consensus_tme","Macrophage","C1",14,0.118578502785332,0.0811216100988484,0.109648688873393,0.0994263640002921,-0.00892981391193832,0.0683710114784914,0.801732212656982,0.848892931048569,-0.034905723188406
"consensus_tme","Macrophage","C2",11,0.289918338777707,0.117015074503723,0.151505436396141,0.0703578874624791,-0.138412902381566,0.0955387491761846,0.00509932237899739,0.00834434571108664,-1.14207202174553
"consensus_tme","Macrophage","C3",11,0.0888301693074222,0.126035702164691,0.254216033725646,0.176971696848624,0.165385864418224,0.119398486981387,0.00385729282994253,0.0049593764956404,1.4556089582138
"consensus_tme","Macrophage M1","C1",14,0.0603820104332073,0.0983548836781695,0.0358442203643515,0.107654540827765,-0.0245377900688558,0.0612194714769908,0.148778617087727,0.243455918870827,-0.168364272824992
"consensus_tme","Macrophage M1","C2",11,0.252351441757264,0.127907162152425,0.106267622360724,0.0763294253227578,-0.146083819396539,0.109361802633154,0.00669228378824031,0.0100384256823605,-1.20766345069881
"consensus_tme","Macrophage M1","C3",11,0.0389138065286513,0.152761971146693,0.175445848426295,0.191527213828254,0.136532041897644,0.116350754616855,0.00385729282994253,0.0049593764956404,1.20888963558327
"consensus_tme","Macrophage M2","C1",14,0.177933699699855,0.0831221124784625,0.167610161758484,0.0962153976905999,-0.010323537941371,0.0683069669129272,0.900085797418725,0.900085797418725,-0.0468229881618861
"consensus_tme","Macrophage M2","C2",11,0.324724829679866,0.128040372748278,0.18699800998949,0.0652516377549755,-0.137726819690376,0.108469662945213,0.00871925545288926,0.0104631065434671,-1.13620555962537
"consensus_tme","Macrophage M2","C3",11,0.141176949941541,0.127665117801562,0.315194638198915,0.181384073321473,0.174017688257373,0.122699222659516,0.00385729282994253,0.0049593764956404,1.52941677792787
"consensus_tme","Mast cell","C1",14,-0.0628601532817891,0.0836978119465158,-0.0612986335313113,0.0993508235990154,0.00156151975047785,0.0719478914864202,0.70642711574737,0.794730505215791,0.0548021390137666
"consensus_tme","Mast cell","C2",11,0.110026433617789,0.123157412150382,-0.0316723245430477,0.0789293145778827,-0.141698758160837,0.122086547049217,0.011278190116074,0.0119416130640784,-1.17016826831893
"consensus_tme","Mast cell","C3",11,-0.0786303899441766,0.131277665767141,0.0652830076977793,0.160326384547604,0.143913397641956,0.119689308209691,0.00385729282994253,0.0049593764956404,1.27200512359297
"consensus_tme","Monocyte","C1",14,0.0875588818757357,0.0764178655274514,0.0766905943026412,0.0956542127439596,-0.0108682875730945,0.0608771310303718,0.530158014945287,0.681631733501083,-0.0514809588708339
"consensus_tme","Monocyte","C2",11,0.196979924822643,0.114403392650641,0.0663989557516375,0.0610479074502993,-0.130580969071005,0.0987516552095868,0.00871925545288926,0.0104631065434671,-1.0751037966554
"consensus_tme","Monocyte","C3",11,0.0412479796609627,0.111086976732507,0.194780793624399,0.157125257615617,0.153532813963437,0.105763818117806,0.00385729282994253,0.0049593764956404,1.35425751414691
"consensus_tme","Myeloid dendritic cell","C1",14,0.0546330710779878,0.0776439177565666,0.0425920961966806,0.090666120122352,-0.0120409748813072,0.0433420231406898,0.285881444542875,0.428822166814313,-0.0615082132539684
"consensus_tme","Myeloid dendritic cell","C2",11,0.231645802923711,0.116390486667437,0.0933407487228423,0.0673358165035492,-0.138305054200869,0.106946403736214,0.00509932237899739,0.00834434571108664,-1.14114984825987
"consensus_tme","Myeloid dendritic cell","C3",11,0.0424915987029916,0.12732932541501,0.177665415359885,0.16643143049977,0.135173816656893,0.104723200410683,0.00385729282994253,0.0049593764956404,1.19727590880102
"consensus_tme","NK cell","C1",14,-0.138745866213857,0.0953785614225522,-0.201911282132672,0.0917587873967291,-0.0631654159188148,0.0579584277642275,0.0038804738522969,0.017462132335336,-0.498656097339051
"consensus_tme","NK cell","C2",11,0.0322786050773546,0.110757533889851,-0.110837049871232,0.0940871205912265,-0.143115654948586,0.10797292742714,0.00385729282994253,0.00834434571108664,-1.18228367574759
"consensus_tme","NK cell","C3",11,-0.1711105137723,0.134776063152826,-0.0447626313565625,0.197730901142426,0.126347882415737,0.141025842424165,0.00385729282994253,0.0049593764956404,1.12180831638735
"consensus_tme","Neutrophil","C1",14,-0.0469431296243017,0.0644354502481428,-0.0340664084664666,0.0826267270547309,0.0128767211578352,0.0578493308145484,0.530158014945287,0.681631733501083,0.151554616944897
"consensus_tme","Neutrophil","C2",11,0.104291841627489,0.0784473166988402,0.018495860170712,0.0617131270955428,-0.0857959814567766,0.0911884134307146,0.00871925545288926,0.0104631065434671,-0.692162444593016
"consensus_tme","Neutrophil","C3",11,-0.0523453816413718,0.0999401500953954,0.0687208603412411,0.145362869884039,0.121066241982613,0.089422884032121,0.00385729282994253,0.0049593764956404,1.07664678712692
"consensus_tme","T cell CD4+","C1",14,0.00956577746508167,0.0959680477155523,-0.0379502497783364,0.08575159330433,-0.0475160272434181,0.0524821042419917,0.00837384906674997,0.0251215472002499,-0.364843443198622
"consensus_tme","T cell CD4+","C2",11,0.171098555905008,0.113820269889862,0.0089644442324372,0.0721568937792198,-0.162134111672571,0.105687718812663,0.00385729282994253,0.00834434571108664,-1.34490409656263
"consensus_tme","T cell CD4+","C3",11,-0.0212508810484737,0.13308852382277,0.120670744449204,0.186242314093405,0.141921625497677,0.131525029437107,0.00385729282994253,0.0049593764956404,1.25497415052449
"consensus_tme","T cell CD8+","C1",14,0.00524391182698505,0.0949175912124893,-0.0490471677517532,0.0873571938621202,-0.0542910795787382,0.0469084167778855,0.0038804738522969,0.017462132335336,-0.42277463487225
"consensus_tme","T cell CD8+","C2",11,0.156509683146624,0.11418020761691,-0.00319419277129106,0.0829343908640907,-0.159703875917916,0.0984855160562371,0.00385729282994253,0.00834434571108664,-1.32412396877217
"consensus_tme","T cell CD8+","C3",11,-0.0375252131563462,0.130578290240156,0.111605762061494,0.194096295443861,0.14913097521784,0.137889956599569,0.00385729282994253,0.0049593764956404,1.31661887292813
"consensus_tme","T cell gamma delta","C1",14,-0.0836715831296931,0.102478161801772,-0.150159241807873,0.0914635528121764,-0.0664876586781802,0.0533721103972385,0.00317265532163019,0.017462132335336,-0.52706347672943
"consensus_tme","T cell gamma delta","C2",11,0.108622392170843,0.124877505167848,-0.0576283273638028,0.0885371978783277,-0.166250719534645,0.117303113653069,0.00509932237899739,0.00834434571108664,-1.38010382452041
"consensus_tme","T cell gamma delta","C3",11,-0.118847004692078,0.148258592054659,0.0166609775950255,0.209896378832958,0.135507982287103,0.137958867359858,0.00385729282994253,0.0049593764956404,1.20013324660688
"consensus_tme","T cell regulatory (Tregs)","C1",14,-0.00974746001367447,0.10797013843128,-0.0728629679844891,0.0826504883663681,-0.0631155079708147,0.0564742015149388,0.0038804738522969,0.017462132335336,-0.498229351277392
"consensus_tme","T cell regulatory (Tregs)","C2",11,0.150646543180562,0.136993527522454,-0.0234161105558643,0.0862391867293173,-0.174062653736426,0.124635779566702,0.00509932237899739,0.00834434571108664,-1.44690104396414
"consensus_tme","T cell regulatory (Tregs)","C3",11,-0.0536002063984052,0.158887835133723,0.105535131739782,0.205913101655237,0.159135338138187,0.135971572952024,0.00385729282994253,0.0049593764956404,1.40216281225532
"consensus_tme","cytotoxicity score","C1",14,-0.117515418180833,0.100183391220173,-0.173373620947532,0.112308311022696,-0.0558582027666991,0.0764303274118279,0.0238241460165172,0.0536043285371638,-0.436174577674855
"consensus_tme","cytotoxicity score","C2",11,0.104455680332559,0.113478430606282,-0.0276056456096623,0.118157400278954,-0.132061325942221,0.123987086097018,0.00385729282994253,0.00834434571108664,-1.08776182989371
"consensus_tme","cytotoxicity score","C3",11,-0.140684417169915,0.140314361241081,-0.00259218718166596,0.20784262687076,0.138092229988249,0.151936256400576,0.00669228378824031,0.00752881926177035,1.22223027870312
"consensus_tme","immune score","C1",14,0.020576509177265,0.0725132154352747,-0.00860925444455584,0.0779291396955042,-0.0291857636218208,0.0338273221971075,0.0170556294065931,0.0438573327598107,-0.20810752991941
"consensus_tme","immune score","C2",11,0.166870264634267,0.102803071822571,0.0311674869728498,0.0634429079536001,-0.135702777661417,0.093642960084686,0.00509932237899739,0.00834434571108664,-1.11889865763676
"consensus_tme","immune score","C3",11,-0.00818278736002198,0.114572666767458,0.122958497898459,0.158499822878506,0.131141285258481,0.10400547532291,0.00385729282994253,0.0049593764956404,1.16279509037937
"epic","B cell","C1",14,0.00778248680392725,0.0111283930483394,0.00257101060987408,0.00394662005472985,-0.00521147619405317,0.0110800289667343,0.102639775576908,0.205279551153816,-0.0334646313880039
"epic","B cell","C2",11,0.0193771989337506,0.0215909125242113,0.00282453366572313,0.00344477445615305,-0.0165526652680275,0.0200330821756131,0.00385729282994253,0.0154291713197701,-0.106290198987313
"epic","B cell","C3",11,0.00704257505085702,0.010148538985203,0.00610138791130255,0.0110065301123743,-0.000941187139554473,0.00333172790367951,0.563317799720071,0.624834867127387,-0.00604367736117859
"epic","Cancer associated fibroblast","C1",14,0.290430927153363,0.322776351504643,0.471990423194827,0.355457168189731,0.181559496041465,0.220949120766259,0.00837384906674997,0.0334953962669999,1.16585423856536
"epic","Cancer associated fibroblast","C2",11,0.113732523669697,0.143072285637926,0.157809102788883,0.310488951453002,0.0440765791191865,0.19546331163612,0.689083746544796,0.689083746544796,0.28303045397212
"epic","Cancer associated fibroblast","C3",11,0.231158369626204,0.159931357431145,0.703762862161269,0.298617595838221,0.472604492535065,0.305373526201328,0.00385729282994253,0.0154291713197701,3.03475148808081
"epic","Endothelial cell","C1",14,0.0423211677843284,0.0434395424555281,0.0838232189528211,0.140481520987281,0.0415020511684927,0.135967140230846,0.615518503675301,0.801732212656982,0.266498549064564
"epic","Endothelial cell","C2",11,0.0232422129592655,0.0237988332197878,0.0113172889795045,0.00904739504392994,-0.011924923979761,0.0171338744601443,0.0233763900464205,0.046752780092841,-0.0765739246334931
"epic","Endothelial cell","C3",11,0.0280664401116134,0.0225460610816091,0.0278631171674383,0.0380359200982191,-0.000203322944175069,0.0272159920241415,0.624834867127387,0.624834867127387,-0.0013056046168467
"epic","Macrophage","C1",14,0.0135842780968754,0.009218214053333,0.0106604386567955,0.00877341079138598,-0.00292383944007988,0.00938170890084362,0.70642711574737,0.801732212656982,-0.0187749507925667
"epic","Macrophage","C2",11,0.0364709195133684,0.0589183524007623,0.00867161983539744,0.00453947940742427,-0.027799299677971,0.0618594667393477,0.0144832770523174,0.0386220721395131,-0.178508599469286
"epic","Macrophage","C3",11,0.0106994544351018,0.00734660004342166,0.05264914351476,0.131059772797582,0.0419496890796583,0.124232234259611,0.0559296803251122,0.149145814200299,0.26937298178471
"epic","NK cell","C1",14,0.000113915503051296,0.000231264275771464,0.0000811921479995849,0.000182809702384274,-0.0000327233550517113,0.000310734034990903,0.801732212656982,0.801732212656982,-0.000210127605654989
"epic","NK cell","C2",11,0.00218835991850015,0.00641899666050944,0.00173048446920069,0.00474264765922067,-0.000457875449299462,0.00193900319254836,0.624834867127387,0.689083746544796,-0.00294017137599284
"epic","NK cell","C3",11,0.000126294547322646,0.000285141029953334,0.00173095549887511,0.00526681537744603,0.00160466095155247,0.00500769159711928,0.449803788345075,0.624834867127387,0.0103040645772695
"epic","T cell CD4+","C1",14,0.0418609232826433,0.0314378387866685,0.0325673275907429,0.0285593546213425,-0.00929359569190044,0.0210179030072816,0.285881444542875,0.457410311268601,-0.0596772857666471
"epic","T cell CD4+","C2",11,0.0431617187035612,0.0194697712902265,0.0200667909320894,0.00939161018091044,-0.0230949277714717,0.020883157913778,0.00385729282994253,0.0154291713197701,-0.148300254290098
"epic","T cell CD4+","C3",11,0.0353397359869494,0.0195249732599132,0.0280606774731175,0.0361405578728392,-0.00727905851383195,0.0360331286768806,0.504879873834092,0.624834867127387,-0.0467412688740784
"epic","T cell CD8+","C1",14,0.0141485419185961,0.0122716751595189,0.00692918393101576,0.013976300397679,-0.00721935798758031,0.00869079860488527,0.0143538943534938,0.0382770516093168,-0.0463579118308359
"epic","T cell CD8+","C2",11,0.0228739513490432,0.01044424558722,0.0141030028743679,0.00833151399548738,-0.00877094847467533,0.0107742182201613,0.0293825411093689,0.0470120657749903,-0.0563211932087721
"epic","T cell CD8+","C3",11,0.00859876535641539,0.00709445036579756,0.00351779440300763,0.0068538433875055,-0.00508097095340776,0.00858397116597659,0.197326044882155,0.394652089764309,-0.0326266135961573
"epic","uncharacterized cell","C1",14,0.589757759457216,0.288835320832867,0.391377204915924,0.339148421674072,-0.198380554541292,0.230134382661684,0.0038804738522969,0.0310437908183752,-1.27386788024622
"epic","uncharacterized cell","C2",11,0.738953114952814,0.202447763905897,0.783477176454834,0.296693521878479,0.0445240615020196,0.137789732611804,0.266402424640499,0.355203232853999,0.285903887992834
"epic","uncharacterized cell","C3",11,0.678968364885537,0.146765962828853,0.17631406187023,0.249658166288176,-0.502654303015306,0.273292685843352,0.00385729282994253,0.0154291713197701,-3.22771136999453
"estimate","ESTIMATEScore","C1",14,1294.05063561424,1009.58306277046,1418.25085186239,945.593076663721,124.200216248146,597.399794743787,0.572081696065726,0.615518503675301,0.0837071166715219
"estimate","ESTIMATEScore","C2",11,2318.20464145057,1158.10383949853,693.320817570712,1130.33853788799,-1624.88382387986,955.584570302213,0.00509932237899739,0.00679909650532985,-1.84863111676466
"estimate","ESTIMATEScore","C3",11,1097.71064741399,1220.6561918901,2889.004593996,1418.99345221096,1791.293946582,1165.88025958673,0.00385729282994253,0.00385729282994253,1.92546479093977
"estimate","ImmuneScore","C1",14,874.530931132351,525.441172631563,651.614546601535,598.719340992115,-222.916384530817,258.030990572497,0.0100578003666,0.0201156007331999,-0.299777417951815
"estimate","ImmuneScore","C2",11,1767.46865871973,753.261347865681,765.237171521056,449.022499179602,-1002.23148719867,659.56841103945,0.00509932237899739,0.00679909650532985,-1.16074254840325
"estimate","ImmuneScore","C3",11,607.245653638541,808.898354722595,1572.09806316157,1088.4489074799,964.852409523028,714.119825328145,0.00385729282994253,0.00385729282994253,1.01243571793882
"estimate","StromalScore","C1",14,419.519704481891,715.972322439571,766.636305260853,561.096590961757,347.116600778962,428.554263797789,0.00694669816590924,0.0201156007331999,0.329978789619115
"estimate","StromalScore","C2",11,550.735982730842,536.483984397391,-71.9163539503442,811.644858617859,-622.652336681187,563.063010314039,0.0144832770523174,0.0144832770523174,-0.741394313365626
"estimate","StromalScore","C3",11,490.464993775452,556.260703501325,1316.90653083443,467.856800094983,826.441537058977,580.908085846435,0.00385729282994253,0.00385729282994253,0.859523327996728
"estimate","TumorPurity","C1",14,0.692802394353175,0.0953944423332134,0.681009811858129,0.0990892686927813,-0.011792582495046,0.0609845197004709,0.615518503675301,0.615518503675301,-0.0535187731135079
"estimate","TumorPurity","C2",11,0.577639199887204,0.132922188593435,0.751334219075286,0.114818044853206,0.173695019188081,0.0991660609089238,0.00509932237899739,0.00679909650532985,-0.0533138516938748
"estimate","TumorPurity","C3",11,0.710037837298778,0.121645772805889,0.505491589562862,0.175914353766913,-0.204546247735916,0.140596604134137,0.00385729282994253,0.00385729282994253,-0.0537317218732214
"mcp_counter","B cell","C1",14,4.22589285714286,4.5133000483659,1.58647321428571,1.24509013148664,-2.63941964285714,4.51555655367533,0.0143538943534938,0.0375223846945047,-0.28278238553306
"mcp_counter","B cell","C2",11,7.05380681818182,7.20373340952532,2.20443181818182,2.76194966880488,-4.849375,8.37129215962954,0.0366712945648324,0.124979101701096,-0.291058337141503
"mcp_counter","B cell","C3",11,3.03585227272727,3.78293396668602,3.69278409090909,3.79574487670524,0.656931818181818,0.806612924835304,0.0366712945648324,0.0366712945648324,-0.270438043332749
"mcp_counter","Cancer associated fibroblast","C1",14,911.342901785714,1129.19550190235,1794.72674107143,2074.9536464709,883.383839285714,1510.29754101234,0.0170556294065931,0.0375223846945047,3.03524193163155
"mcp_counter","Cancer associated fibroblast","C2",11,360.269545454545,254.54306832202,576.928522727273,994.978851590704,216.658977272727,867.34741772744,0.755657737671463,0.755657737671463,0.53845724485884
"mcp_counter","Cancer associated fibroblast","C3",11,735.736875,462.750254265867,2011.87778409091,949.386331619271,1276.14090909091,968.445073856894,0.00385729282994253,0.00701156827112141,4.50605829589701
"mcp_counter","Endothelial cell","C1",14,9.46486607142857,4.65724097686504,16.3990959821429,16.9882819104832,6.93422991071429,15.9606026337128,0.0787915035643527,0.108338317400985,-0.246930502749334
"mcp_counter","Endothelial cell","C2",11,6.70778409090909,4.60195207912526,5.52873579545455,3.1949833108659,-1.17904829545455,2.69803047148675,0.197326044882155,0.271323311712963,-0.2773135137016
"mcp_counter","Endothelial cell","C3",11,6.83225852272727,3.09447173033807,10.6118607954545,4.57078016434976,3.77960227272727,3.29932326554471,0.00871925545288926,0.0106568677757535,-0.258744110472338
"mcp_counter","Macrophage/Monocyte","C1",14,12.8407653061224,6.13167611659052,14.1383163265306,7.90643129712348,1.29755102040816,8.55467035641525,0.530158014945287,0.583173816439816,-0.268039020429445
"mcp_counter","Macrophage/Monocyte","C2",11,27.6578571428571,17.0711589339136,16.1833766233766,8.69271250079751,-11.4744805194805,17.9902671875285,0.0829604137452953,0.152094091866375,-0.315868364413248
"mcp_counter","Macrophage/Monocyte","C3",11,11.2218181818182,7.72009259199282,29.8263636363636,31.6234229960192,18.6045454545455,25.0409527152018,0.00385729282994253,0.00701156827112141,-0.203226920057564
"mcp_counter","Monocyte","C1",14,12.8407653061224,6.13167611659052,14.1383163265306,7.90643129712348,1.29755102040816,8.55467035641525,0.530158014945287,0.583173816439816,-0.268039020429445
"mcp_counter","Monocyte","C2",11,27.6578571428571,17.0711589339136,16.1833766233766,8.69271250079751,-11.4744805194805,17.9902671875285,0.0829604137452953,0.152094091866375,-0.315868364413248
"mcp_counter","Monocyte","C3",11,11.2218181818182,7.72009259199282,29.8263636363636,31.6234229960192,18.6045454545455,25.0409527152018,0.00385729282994253,0.00701156827112141,-0.203226920057564
"mcp_counter","Myeloid dendritic cell","C1",14,2.47565476190476,1.33143242614972,3.82267857142857,2.00723962608206,1.34702380952381,2.15355749989927,0.0238241460165172,0.0436776010302816,-0.267853752248651
"mcp_counter","Myeloid dendritic cell","C2",11,8.3994696969697,7.91740397682998,4.21265151515152,3.78410041449348,-4.18681818181818,8.48923176423931,0.306556273379373,0.3746798896859,-0.288577161154217
"mcp_counter","Myeloid dendritic cell","C3",11,2.33719696969697,2.30862652388117,7.08651515151515,4.39712716848837,4.74931818181818,4.26712726710094,0.00385729282994253,0.00701156827112141,-0.255112669723259
"mcp_counter","NK cell","C1",14,0.290267857142857,0.113618297140271,0.314241071428571,0.188681880628771,0.0239732142857143,0.170567951004951,0.850618403625297,0.850618403625297,-0.272808378443394
"mcp_counter","NK cell","C2",11,0.375909090909091,0.280993127645661,0.273068181818182,0.397708421631179,-0.102840909090909,0.142225987548306,0.045446946073126,0.124979101701096,-0.273283278329918
"mcp_counter","NK cell","C3",11,0.204318181818182,0.101592189716354,0.389715909090909,0.299025678720225,0.185397727272727,0.289723099582719,0.0233763900464205,0.0257140290510626,-0.272203867834806
"mcp_counter","Neutrophil","C1",14,8.92482142857143,3.91724290403231,11.7298214285714,3.89832956605932,2.805,2.87994968776915,0.0120369481070948,0.0375223846945047,-0.262393849920921
"mcp_counter","Neutrophil","C2",11,5.95168831168831,2.50853728565943,5.38762987012987,3.9329428026085,-0.564058441558442,2.10732271794559,0.350528908982333,0.385581799880567,-0.275010468866745
"mcp_counter","Neutrophil","C3",11,6.89714285714286,4.63861604096634,9.26948051948052,4.18346310856269,2.37233766233766,2.11851109130217,0.00509932237899739,0.00701156827112141,-0.264014105532744
"mcp_counter","T cell","C1",14,3.7706887755102,1.95194352017958,2.63823979591837,1.08202857685733,-1.13244897959184,1.24864827900783,0.00574194154874128,0.0375223846945047,-0.277139006247493
"mcp_counter","T cell","C2",11,6.14957792207792,2.97701571576174,2.58464285714286,1.15497860877797,-3.56493506493507,3.02358048080967,0.00385729282994253,0.0280462730844856,-0.286248302082563
"mcp_counter","T cell","C3",11,2.69107142857143,2.05437993401058,6.53613636363636,5.63370172696629,3.84506493506494,4.25951549959384,0.00385729282994253,0.00701156827112141,-0.258498962612715
"mcp_counter","T cell CD8+","C1",14,3.66392857142857,3.41728928705613,2.94464285714286,3.83632008384523,-0.719285714285714,1.62277878622164,0.0686801607303541,0.107925966861985,-0.275591771739335
"mcp_counter","T cell CD8+","C2",11,7.59590909090909,6.10441226416672,3.35,2.12884945451763,-4.24590909090909,5.53691693010732,0.00509932237899739,0.0280462730844856,-0.28879844775286
"mcp_counter","T cell CD8+","C3",11,2.67227272727273,3.01277974936467,8.82681818181818,9.45302048890387,6.15454545454545,7.53426322029747,0.00509932237899739,0.00701156827112141,-0.249850304187065
"mcp_counter","cytotoxicity score","C1",14,3.10357142857143,1.92050490483153,2.19102040816327,1.5885383404898,-0.912551020408163,1.24230130662539,0.0143538943534938,0.0375223846945047,-0.276315521346263
"mcp_counter","cytotoxicity score","C2",11,7.05837662337662,6.68232853136638,5.39766233766234,8.18755846273509,-1.66071428571429,3.26817623734819,0.142368182702515,0.223721429961095,-0.279117280648267
"mcp_counter","cytotoxicity score","C3",11,2.50246753246753,2.60698642120957,7.17376623376623,8.08363446933162,4.6712987012987,6.04944907103777,0.00385729282994253,0.00701156827112141,-0.255404840985094
"quantiseq","B cell","C1",14,0.023644863480481,0.0116191800339676,0.0188706397127892,0.00595041050974709,-0.00477422376769181,0.0090167195550153,0.116551957746077,0.213678589201142,-0.172896599674735
"quantiseq","B cell","C2",11,0.0260432047177373,0.0225713015634436,0.0124170213900072,0.014250585575046,-0.0136261833277301,0.0195472612047442,0.0144832770523174,0.0398290118938729,-0.493466766231637
"quantiseq","B cell","C3",11,0.0155512029903791,0.00801917629686651,0.0186266804182305,0.0100911155913224,0.0030754774278514,0.00678242954079702,0.350528908982333,0.481977249850708,0.111377182035393
"quantiseq","Macrophage M1","C1",14,0.0311048634050927,0.0193104366375381,0.0392272937573298,0.024273593367972,0.00812243035223712,0.0253359236484263,0.116551957746077,0.213678589201142,0.294150558777771
"quantiseq","Macrophage M1","C2",11,0.0429617702448739,0.0296361884469117,0.0360686791066827,0.0315050645566476,-0.00689309113819124,0.0302313205716027,0.119722411520657,0.219491087787871,-0.249630532005313
"quantiseq","Macrophage M1","C3",11,0.0274062185133572,0.0129676478433524,0.0465258086944216,0.034259083807376,0.0191195901810643,0.0276722276470095,0.0233763900464205,0.0514280581021251,0.692408293019473
"quantiseq","Macrophage M2","C1",14,0.0475347404807129,0.0187002005670611,0.056206008898524,0.0167140310645565,0.00867126841781112,0.0213199672878482,0.167253563317042,0.229973649560933,0.314026509283476
"quantiseq","Macrophage M2","C2",11,0.0498300518811102,0.0304190601340966,0.0308504527258498,0.0275877913244316,-0.0189795991552604,0.0210703405024608,0.0144832770523174,0.0398290118938729,-0.687338574144904
"quantiseq","Macrophage M2","C3",11,0.0431458052465098,0.0160872837245208,0.0957474650762666,0.0603996899971351,0.0526016598297568,0.0595457114508041,0.00385729282994253,0.010607555282342,1.90494802178262
"quantiseq","Monocyte","C1",14,0.0123021553267815,0.0224538401696018,0.0126372694453628,0.0354908056829939,0.000335114118581256,0.0162857691570915,0.932646638965876,0.932646638965876,0.0121360234511396
"quantiseq","Monocyte","C2",11,0.0136678891326533,0.0165663829582056,0.00545827380130234,0.0107972455027743,-0.00820961533135092,0.0176539486403764,0.183430618982178,0.288248115543423,-0.29730792784235
"quantiseq","Monocyte","C3",11,0.00117538882380818,0.00347149706770054,0.00214533172224255,0.0071152603735255,0.000969942898434374,0.00825988739144928,1,1,0.0351260931992382
"quantiseq","Myeloid dendritic cell","C1",14,0.00810412787486549,0.00798248018676488,0.0124473707425358,0.0174262454911423,0.00434324286767027,0.0189656639725449,0.783652311534409,0.862017542687849,0.157288799168454
"quantiseq","Myeloid dendritic cell","C2",11,0.00913470128049262,0.014813566251026,0.00753150641511106,0.00903473589482909,-0.00160319486538156,0.0169847840458514,0.726286148878805,0.866147139732896,-0.0580590593001212
"quantiseq","Myeloid dendritic cell","C3",11,0.0078657793708075,0.00767769902982295,0.0114004868176176,0.0132743422847165,0.00353470744681011,0.0146866383691647,0.563317799720071,0.619649579692078,0.128008013058403
"quantiseq","NK cell","C1",14,0.0135267504841359,0.00897187288868343,0.0174575682847701,0.00833446073668794,0.0039308178006342,0.00426945502038489,0.00694669816590924,0.0460561698671249,0.142352990714374
"quantiseq","NK cell","C2",11,0.00913692704837289,0.00425673154981323,0.00898047600921961,0.00596305813609844,-0.000156451039153278,0.00426632406125689,0.964541384555568,0.964541384555568,-0.00566581165889886
"quantiseq","NK cell","C3",11,0.00957457955076283,0.00380756221179358,0.0140373799311605,0.00608395338396672,0.00446280038039772,0.00644417356729361,0.045446946073126,0.0833194011340643,0.16161852655912
"quantiseq","Neutrophil","C1",14,0.0290524488842592,0.0180428615922178,0.0449629965935662,0.0268691981411729,0.0159105477093069,0.0181535608231345,0.00837384906674997,0.0460561698671249,0.576194106467654
"quantiseq","Neutrophil","C2",11,0.0379673468133632,0.0209282150790092,0.042370777463351,0.0189316195604878,0.00440343064998787,0.0212454920495723,0.504879873834092,0.694209826521876,0.159468475574721
"quantiseq","Neutrophil","C3",11,0.0326789266878412,0.0111811659832605,0.0352218434453252,0.0103815401828325,0.00254291675748396,0.0137590670204322,0.350528908982333,0.481977249850708,0.0920907108711924
"quantiseq","T cell CD4+ (non-regulatory)","C1",14,0.0361097919278132,0.0320020371266457,0.0215622881005404,0.0201978821565932,-0.0145475038272728,0.0285239980423453,0.146707642066199,0.229973649560933,-0.526832018748608
"quantiseq","T cell CD4+ (non-regulatory)","C2",11,0.00926515904669426,0.0226044148496555,0.0194671133643851,0.0315919879255915,0.0102019543176908,0.0328341522158674,0.787406490666269,0.866147139732896,0.369459685468096
"quantiseq","T cell CD4+ (non-regulatory)","C3",11,0.0288245865615164,0.0193253293798733,0.0214134112659544,0.0178073436072197,-0.00741117529556201,0.0200132674453249,0.414823067184775,0.507005971003613,-0.268392742055233
"quantiseq","T cell CD8+","C1",14,0.0146612423227392,0.0127361745392255,0.00923443827689736,0.0105685669922532,-0.00542680404584181,0.00769955865670019,0.0174961371837677,0.0641525030071484,-0.19652953281676
"quantiseq","T cell CD8+","C2",11,0.0275784778838819,0.0179448782960071,0.0115134151551564,0.0101303670512082,-0.0160650627287256,0.0157671647325667,0.00385729282994253,0.0368075608353217,-0.581789805948048
"quantiseq","T cell CD8+","C3",11,0.00949665128789822,0.012531551776976,0.037142644426789,0.0398690932106422,0.0276459931388908,0.0315697139293023,0.00385729282994253,0.010607555282342,1.00118855774877
"quantiseq","T cell regulatory (Tregs)","C1",14,0.0155217203437423,0.00643176195899331,0.0127107216388786,0.00547016713015181,-0.00281099870486361,0.00422853206506747,0.0280078166969702,0.077021495916668,-0.101799191116669
"quantiseq","T cell regulatory (Tregs)","C2",11,0.0244808598196516,0.012534896795408,0.0104904629817871,0.00558262969218763,-0.0139903968378645,0.0133201013976567,0.00669228378824031,0.0368075608353217,-0.506656612481406
"quantiseq","T cell regulatory (Tregs)","C3",11,0.0113947784053604,0.00761612865334604,0.0228473109858931,0.0187494321230209,0.0114525325805327,0.0139677664307745,0.00385729282994253,0.010607555282342,0.414748875877584
"quantiseq","uncharacterized cell","C1",14,0.768437295469377,0.0689870956459285,0.754683404548806,0.069427379177266,-0.0137538909205709,0.0418849559999188,0.209286554781767,0.255794678066605,-0.498091645506097
"quantiseq","uncharacterized cell","C2",11,0.749933612131169,0.0960505724789538,0.814851821587148,0.0821981804842477,0.0649182094559789,0.0809865613483673,0.0366712945648324,0.0806768480426313,2.35098692856986
"quantiseq","uncharacterized cell","C3",11,0.812886082561759,0.0485596908383066,0.694891637216099,0.139249425997394,-0.11799444534566,0.117451194133413,0.00385729282994253,0.010607555282342,-4.27312153209656
"timer","B cell","C1",14,0.0990890249088847,0.0212149175742824,0.0782365053973623,0.0197755362854752,-0.0208525195115224,0.022330565611678,0.00694669816590924,0.0251215472002499,-0.862152559469102
"timer","B cell","C2",11,0.12531322259514,0.048634568735926,0.0804683188373257,0.0124772936664985,-0.0448449037578147,0.0406449744264611,0.00385729282994253,0.0231437569796552,-1.56264906948977
"timer","B cell","C3",11,0.0983425938100251,0.0274265895760673,0.120301700511695,0.0629261095699953,0.0219591067016696,0.0410583086299729,0.142368182702515,0.170841819243018,0.3878021946227
"timer","Macrophage","C1",14,0.054035800213992,0.0356228583068661,0.0737991165269945,0.0437418124041188,0.0197633163130026,0.0428265275039089,0.0900820575789648,0.135123086368447,0.323692538483133
"timer","Macrophage","C2",11,0.038110115617313,0.0795421047939025,0.0214248998154719,0.0301373332647332,-0.0166852158018411,0.0514268370402226,0.554113130069446,0.675981359664085,-0.740481379362063
"timer","Macrophage","C3",11,0.037118973058912,0.0223789046860926,0.127208911376366,0.0697333322865745,0.0900899383174539,0.0867319755502133,0.00385729282994253,0.0152979671369922,2.3769921509747
"timer","Myeloid dendritic cell","C1",14,0.472619599583727,0.0640181872583246,0.4790228346729,0.0645034669163919,0.00640323508917224,0.0403901229079418,0.70642711574737,0.70642711574737,-0.0663766674288249
"timer","Myeloid dendritic cell","C2",11,0.526349028103039,0.0719649386452868,0.490802050195442,0.0341826623761668,-0.035546977907597,0.0809427775356009,0.306556273379373,0.613112546758746,-1.29118106774188
"timer","Myeloid dendritic cell","C3",11,0.452853172932387,0.0626537158478783,0.531620180667351,0.134162547352072,0.0787670077349631,0.0852058503430851,0.00509932237899739,0.0152979671369922,2.04640085688659
"timer","Neutrophil","C1",14,0.114509686786334,0.0157542375489293,0.12065237232604,0.0135459277035611,0.00614268553970616,0.0102181775069643,0.0280078166969702,0.0560156333939403,-0.0739838334451264
"timer","Neutrophil","C2",11,0.131426715391355,0.0233083411899462,0.134350140562794,0.0238468047768124,0.00292342517143905,0.0221739048962142,1,1,-0.167975352990228
"timer","Neutrophil","C3",11,0.12109417918252,0.0134859540826222,0.121948065985417,0.010531918934451,0.00085388680289754,0.0078201817654178,0.266402424640499,0.266402424640499,-0.228398876956639
"timer","T cell CD4+","C1",14,0.122728229552663,0.0241264808306848,0.123548034903199,0.0265785376432963,0.0008198053505353,0.0214186429402248,0.70642711574737,0.70642711574737,-0.229393940147988
"timer","T cell CD4+","C2",11,0.126184239665368,0.0353209991766167,0.119739514208649,0.0309032971422718,-0.0064447254567188,0.0314313409499383,0.563317799720071,0.675981359664085,-0.441493680848228
"timer","T cell CD4+","C3",11,0.103325986421082,0.0168579693979962,0.116391496757202,0.0180257015318617,0.0130655103361194,0.0200645233764932,0.0559296803251122,0.0838945204876683,0.128139246928657
"timer","T cell CD8+","C1",14,0.202015927183902,0.023850516451892,0.218345362429532,0.0236193932241877,0.0163294352456303,0.0169403956739999,0.00837384906674997,0.0251215472002499,0.223434820082677
"timer","T cell CD8+","C2",11,0.201590198732194,0.0222130201390754,0.188065062940052,0.0309514287289504,-0.0135251357921414,0.0310618455217431,0.230024245060274,0.613112546758746,-0.648217726218762
"timer","T cell CD8+","C3",11,0.203076487690319,0.0183910517837368,0.240038706441356,0.0360569212629941,0.0369622187510372,0.0490942033541309,0.00871925545288926,0.0174385109057785,0.825842346120156
"xcell","B cell","C1",14,0.031242444781086,0.0426344618602874,0.0033412674555738,0.0109258350721715,-0.0279011773255122,0.0406871623263468,0.00680165181287544,0.0431048587139998,-0.608388883276471
"xcell","B cell","C2",11,0.101535870706712,0.129312319654907,0.00522702284836151,0.0132844413542586,-0.0963088478583502,0.127054375353785,0.0184660864969122,0.0553982594907365,-2.07971954499675
"xcell","B cell","C3",11,0.0181922634162573,0.0378085435377339,0.0342317309318349,0.0804486820377613,0.0160394675155776,0.0450948436384345,0.553616991965781,0.625908666355634,0.336698378822615
"xcell","B cell memory","C1",14,0.00783494755661822,0.0209381414567709,0.00000000000000000278226492020693,0.00000000000000000369835707478315,-0.00783494755661822,0.0209381414567709,0.556298461274735,0.691324251932622,-0.176798991468574
"xcell","B cell memory","C2",11,0.0311537396984106,0.0541578072077812,0.00180227163689043,0.00348636833698628,-0.0293514680615201,0.0514347060779189,0.0527870006322246,0.121816155305134,-0.639582128298212
"xcell","B cell memory","C3",11,0.00416179140670421,0.0138031005517633,0.00685445268406229,0.0227336476962791,0.00269266127735808,0.00893054714451585,0.726286148878805,0.751330498840143,0.0496316639151822
"xcell","B cell naive","C1",14,0.00271974265609285,0.00701741010836374,0.000123093494956007,0.000460573684665959,-0.00259664916113684,0.00708358969913171,0.184235113180511,0.330707985885389,-0.0641322541790453
"xcell","B cell naive","C2",11,0.00350240207841751,0.011354100249201,0.000423007991987212,0.00140295879274324,-0.0030793940864303,0.0115499309581761,1,1,-0.0745152624709762
"xcell","B cell naive","C3",11,0.000000000000000000770429354554472,0.00000000000000000177559276932327,0.000605796980200956,0.00200920128245693,0.000605796980200956,0.00200920128245693,1,1,0.00474682273669657
"xcell","B cell plasma","C1",14,0.00509042061587369,0.0111284446263123,0.00198047201498203,0.0048419079557396,-0.00310994860089166,0.00644560602791906,0.020658377241239,0.0688612574707967,-0.0751724372239067
"xcell","B cell plasma","C2",11,0.0337579115505797,0.0403587276160827,0.00592972451161465,0.00642947402409783,-0.0278281870389651,0.039188297512566,0.0233763900464205,0.0637537910356923,-0.606818988471282
"xcell","B cell plasma","C3",11,0.0128355852652367,0.0184491615937298,0.00591383927555968,0.0116424427637204,-0.00692174598967699,0.00777050050833394,0.00669228378824031,0.0401537027294419,-0.15715760541777
"xcell","Cancer associated fibroblast","C1",14,0.0661832240999897,0.0693876253652131,0.139064662351724,0.106208979172128,0.0728814382517342,0.0847390601410389,0.00317265532163019,0.0431048587139998,1.55927084423886
"xcell","Cancer associated fibroblast","C2",11,0.0341151339182139,0.0278351438398915,0.0539180909782448,0.0686410901113569,0.019802957060031,0.073333763691215,0.824098168245978,0.950882501822282,0.417644528847703
"xcell","Cancer associated fibroblast","C3",11,0.0736202219756645,0.0520108069373099,0.164678437234371,0.0929312596068826,0.0910582152587064,0.0706928333958412,0.00509932237899739,0.0382449178424804,1.95022187550913
"xcell","Class-switched memory B cell","C1",14,0.0250515653367699,0.0203569630751785,0.0117329820714961,0.0154528715739041,-0.0133185832652737,0.0169108921573183,0.00837384906674997,0.0431048587139998,-0.294742509980522
"xcell","Class-switched memory B cell","C2",11,0.0426771864272712,0.0416567903747515,0.012822603807883,0.0210292922820906,-0.0298545826193882,0.0331719761923955,0.0144328239388418,0.0543122889461903,-0.650403252151475
"xcell","Class-switched memory B cell","C3",11,0.0188225927624418,0.0250664754923362,0.0262471560543269,0.0353893915859227,0.00742456329188509,0.0250253426153064,0.308063229907199,0.401821604226781,0.151406691013751
"xcell","Common lymphoid progenitor","C1",14,0.0104930593553101,0.0115580035582977,0.00596716618701751,0.00850656574130137,-0.00452589316829261,0.00540885603987262,0.0100578003666,0.0431048587139998,-0.10562695557084
"xcell","Common lymphoid progenitor","C2",11,0.008250663749513,0.00817321163953562,0.0109886843764195,0.00834001049332565,0.00273802062690647,0.00442677254205706,0.0829604137452953,0.155550775772429,0.0506072650614629
"xcell","Common lymphoid progenitor","C3",11,0.00972396710871136,0.00817592228547517,0.00180201870725281,0.0031243443098675,-0.00792194840145856,0.00777127413522948,0.0184660864969122,0.0615536216563739,-0.178670229147215
"xcell","Common myeloid progenitor","C1",14,0.00834364682338413,0.010706933642743,0.0113887320481107,0.00979348376531979,0.0030450852247266,0.00978310714514416,0.234811289315166,0.370754667339736,0.0572116934008943
"xcell","Common myeloid progenitor","C2",11,0.000877354147832005,0.00201561139600976,0.00178625740026678,0.00401351536713888,0.000908903252434779,0.00323086675605759,0.635586122278767,0.76270334673452,0.0112661143398696
"xcell","Common myeloid progenitor","C3",11,0.00774322284616331,0.0117864124218996,0.0113501962065013,0.012333613853119,0.00360697336033795,0.0120345017989524,0.100000618072013,0.200001236144027,0.0692969352450084
"xcell","Endothelial cell","C1",14,0.0390357515222503,0.0443182823663829,0.0786954394995049,0.12682847736644,0.0396596879772546,0.12804693451336,0.576103543277185,0.691324251932622,0.844728462746833
"xcell","Endothelial cell","C2",11,0.0191835187654726,0.038029220517562,0.00909681670008853,0.0186376077103786,-0.010086702065384,0.024753858308333,0.119722411520657,0.189035386611563,-0.225230335872029
"xcell","Endothelial cell","C3",11,0.0194104357104949,0.0195796673554498,0.037694503978049,0.0390896329904383,0.0182840682675541,0.0405964745061871,0.306556273379373,0.401821604226781,0.384975858292085
"xcell","Eosinophil","C1",14,0.0047973384075681,0.00608910439725597,0.00554579744092362,0.00762909300089588,0.000748459033355526,0.00542948551920698,0.84451926747294,0.9383547416366,0.00781523672353926
"xcell","Eosinophil","C2",11,0.00422706528275579,0.0104544192042184,0.00197564640211917,0.00403818222176026,-0.00225141888063661,0.0077602097764593,0.610298655976554,0.76270334673452,-0.0567069480240807
"xcell","Eosinophil","C3",11,0.00105116235272074,0.0017704425114272,0.00423201765320514,0.00510912092844752,0.0031808553004844,0.0040062555900445,0.0329693812442201,0.0899164943024185,0.0601318728756603
"xcell","Granulocyte-monocyte progenitor","C1",14,0.00257964858288337,0.00772393558788444,0.00266364499594182,0.00637552196422371,0.000083996413058452,0.00998678516188632,0.968712415392996,1,-0.0064762048530421
"xcell","Granulocyte-monocyte progenitor","C2",11,0.00109826874926603,0.00364254536028833,0.000165209684851082,0.000547938536383892,-0.00093305906441495,0.00373731876297678,0.528612125255688,0.720834716257756,-0.0283513088731218
"xcell","Granulocyte-monocyte progenitor","C3",11,0.00224811935966634,0.00745616839994727,0.00324298774064599,0.00914326028458306,0.000994868380979659,0.00206850539105641,0.23395283347059,0.389921389117649,0.0131150755525759
"xcell","Hematopoietic stem cell","C1",14,0.155933372563959,0.116591705459868,0.232112751794029,0.180510644682795,0.0761793792300703,0.167872220955334,0.0328100197002589,0.089481871909797,1.63020384991167
"xcell","Hematopoietic stem cell","C2",11,0.0902685667876781,0.0929423560347986,0.089198269393039,0.0943116944805637,-0.00107029739463912,0.0777386492418208,0.893903721815722,0.993226357573024,-0.0313030679616757
"xcell","Hematopoietic stem cell","C3",11,0.140328561767423,0.095056871185045,0.241725042703095,0.13144942144513,0.101396480935672,0.14119796140743,0.045446946073126,0.10487756786106,2.17258008711097
"xcell","Macrophage","C1",14,0.0189027383318757,0.0175139181055102,0.0149630032817958,0.0204457046870093,-0.00393973505007983,0.0218696158377169,0.530158014945287,0.691324251932622,-0.0930197083831327
"xcell","Macrophage","C2",11,0.0527505661717588,0.05672828566624,0.0170206012136473,0.0165389278600035,-0.0357299649581115,0.054064185910592,0.0184660864969122,0.0553982594907365,-0.776772563033706
"xcell","Macrophage","C3",11,0.0144169956205777,0.0278952723588481,0.0643191236722402,0.0971934825185541,0.0499021280516625,0.0740147622887599,0.0366712945648324,0.091678236412081,1.06502563139658
"xcell","Macrophage M1","C1",14,0.0184328364493298,0.0183356453212989,0.0136776046433633,0.0180659897787092,-0.00475523180596644,0.0101082598667237,0.187401192001721,0.330707985885389,-0.110559632957723
"xcell","Macrophage M1","C2",11,0.0523037029714511,0.0360721748146199,0.0233017653324076,0.0168481911302156,-0.0290019376390435,0.0303399276129522,0.00669228378824031,0.0401537027294419,-0.632064333527712
"xcell","Macrophage M1","C3",11,0.016018495497671,0.030127587771141,0.0407542909518205,0.066950401204849,0.0247357954541495,0.0398536100867667,0.0144832770523174,0.0543122889461903,0.523741349891968
"xcell","Macrophage M2","C1",14,0.00720579674065639,0.00893963445905977,0.00722611372549194,0.00742035142857565,0.0000203169848355415,0.0105095123346857,1,1,-0.00784583920157919
"xcell","Macrophage M2","C2",11,0.0165626179110699,0.0441866842631735,0.00424142186731735,0.00749056508905316,-0.0123211960437526,0.0376782107928562,0.306556273379373,0.437937533399104,-0.273290436123869
"xcell","Macrophage M2","C3",11,0.00228078184035628,0.0040849310571317,0.0373457139497032,0.0487196666926878,0.035064932109347,0.048602801473663,0.00509932237899739,0.0382449178424804,0.745903212026939
"xcell","Mast cell","C1",14,0.0172592111059448,0.00933295300361141,0.0148869201553389,0.00930628524959707,-0.00237229095060592,0.0102903191314674,0.660346099350424,0.761937806942796,-0.0593066971648742
"xcell","Mast cell","C2",11,0.0119331743348348,0.0154325796183235,0.00782583565574507,0.0127584025939033,-0.00410733867908969,0.00838391134021367,0.102917539402853,0.17887926293602,-0.0966245725227385
"xcell","Mast cell","C3",11,0.0185616905462666,0.0135152971091902,0.0298112610448478,0.0203270734513417,0.0112495704985812,0.0191623553472741,0.119722411520657,0.224479521601231,0.233675979540561
"xcell","Monocyte","C1",14,0.00046742996189573,0.00118831307062307,0.00262598789739033,0.00486666786932954,0.0021585579354946,0.0047966012392341,0.208412803684149,0.347354672806914,0.0381440249225086
"xcell","Monocyte","C2",11,0.00529372892232717,0.00963964981406912,0.000524216971161502,0.00173863100207926,-0.00476951195116566,0.00872568841195112,0.0800579199844347,0.155550775772429,-0.110866774179194
"xcell","Monocyte","C3",11,0.00123572393384561,0.00357146756084415,0.00763423235498417,0.0165605870808227,0.00639850842113856,0.0134047584192704,0.293621543928906,0.401821604226781,0.129338025611497
"xcell","Myeloid dendritic cell","C1",14,0.00277237800063198,0.00495512574578042,0.00219057794278354,0.00379044777279865,-0.00058180005784844,0.00425195601545991,1,1,-0.0207963352489487
"xcell","Myeloid dendritic cell","C2",11,0.0362753521689119,0.049188072774428,0.00660279116355188,0.00757367038912298,-0.02967256100536,0.0507584833559245,0.00804523748656169,0.0402261874328085,-0.646488282094325
"xcell","Myeloid dendritic cell","C3",11,0.00571453986798779,0.00951734732030112,0.0217999285678864,0.0304491158554425,0.0160853886998986,0.0310691379233001,0.0144328239388418,0.0543122889461903,0.337686064062995
"xcell","Myeloid dendritic cell activated","C1",14,0.032742128218163,0.035881662008462,0.0268070836045504,0.0372789886495915,-0.00593504461361262,0.0253176463882674,0.0170556294065931,0.063958610274724,-0.13593536561254
"xcell","Myeloid dendritic cell activated","C2",11,0.119520807457759,0.0705613497380022,0.0456282275174633,0.0366982960969061,-0.073892579940296,0.0769380841031961,0.00669228378824031,0.0401537027294419,-1.59758439769134
"xcell","Myeloid dendritic cell activated","C3",11,0.0343219663978072,0.0537797180589385,0.0665320823978473,0.0780914122578134,0.0322101160000401,0.0556955158693924,0.306556273379373,0.401821604226781,0.684501055770503
"xcell","NK cell","C1",14,0.000000000000000000537897292998276,0.00000000000000000164797634138588,0.00000000000000000275271103363991,0.00000000000000000532093803400267,0.00000000000000000221481374064164,0.00000000000000000584205949492447,0.123534253752569,0.247068507505139,-0.00828282240111506
"xcell","NK cell","C2",11,0.00273713747923123,0.00907805801822916,0.00127395707584941,0.00393690586634892,-0.00146318040338182,0.00515738956230246,0.610298655976554,0.76270334673452,-0.0397533018715494
"xcell","NK cell","C3",11,0.00000000000000000236827841531281,0.00000000000000000529404529052767,0.00000000000000000354265349892563,0.00000000000000000608206907191869,0.00000000000000000117437508361282,0.00000000000000000765953814324463,0.406941216918031,0.508676521147538,-0.00828282240111508
"xcell","Neutrophil","C1",14,0.0000300031691903484,0.000112261579627695,0.00035437175548165,0.000853494275755962,0.000324368586291301,0.000759034057278113,0.0916805301459911,0.211570454183056,-0.00130621520207078
"xcell","Neutrophil","C2",11,0.0000782331736494275,0.00025947008315387,0.00110839596781828,0.00160506681065442,0.00103016279416885,0.00156654425078507,0.0299739735865559,0.0749349339663897,0.0138741973280755
"xcell","Neutrophil","C3",11,0.000000000000000000224895750390083,0.000000000000000000418544027739103,0.0000000000000000000406226066252429,0.0000000000000000000912157679232939,-0.00000000000000000018427314376484,0.00000000000000000045121867535978,0.29450739368011,0.401821604226781,-0.00828282240111511
"xcell","Plasmacytoid dendritic cell","C1",14,0.000608027363048873,0.00186833538671186,0.000154930989837865,0.000579698682567037,-0.000453096373211007,0.00131007585229574,0.0831311427008039,0.20782785675201,-0.0180281416237539
"xcell","Plasmacytoid dendritic cell","C2",11,0.028811636116404,0.0238817282055804,0.00851485921764389,0.0138601297398406,-0.0202967768987602,0.0215435097578374,0.0144832770523174,0.0543122889461903,-0.444831384172505
"xcell","Plasmacytoid dendritic cell","C3",11,0.00501017427657738,0.0147723235924376,0.0177930390168516,0.0411308238312962,0.0127828647402742,0.0267441462289668,0.0755605675259413,0.161915501841303,0.266654486390301
"xcell","T cell CD4+ (aggregated)","C1",14,0.193707370028958,0.163425967492439,0.113440076332166,0.145440546157343,-0.0802672936967927,0.0843874479640351,0.00694669816590924,0.0431048587139998,-1.73469346362746
"xcell","T cell CD4+ (aggregated)","C2",11,0.44769467669235,0.208171201512068,0.410195816375358,0.164728965793845,-0.0374988603169914,0.226446611383615,1,1,-0.814818442371833
"xcell","T cell CD4+ (aggregated)","C3",11,0.194147476916317,0.153510332121288,0.175447004785103,0.192004098336058,-0.0187004721312144,0.0956593758318949,0.563317799720071,0.625908666355634,-0.410497629907143
"xcell","T cell CD8+ (aggregated)","C1",14,0.0441885785175211,0.0528876313249168,0.00794779720807473,0.0125144103943093,-0.0362407813094464,0.0436308489243655,0.0100578003666,0.0431048587139998,-0.787759339141895
"xcell","T cell CD8+ (aggregated)","C2",11,0.183100713929247,0.128442918565122,0.0406606552811645,0.0368802215736049,-0.142440058648082,0.122138462028422,0.00509932237899739,0.0401537027294419,-3.07192209141486
"xcell","T cell CD8+ (aggregated)","C3",11,0.0483951776259978,0.0850957338326946,0.175614858349529,0.258598832945356,0.127219680723531,0.195354218477653,0.0293825411093689,0.0881476233281068,2.72799244563247
"xcell","T cell NK","C1",14,0.00674402480479512,0.00753410333694204,0.00261323140240426,0.00485262206037584,-0.00413079340239085,0.0100802560313769,0.116551957746077,0.247068507505139,-0.0971290430490166
"xcell","T cell NK","C2",11,0.00360467878968455,0.00635248835618034,0.0103354764362012,0.0177642107727886,0.00673079764651661,0.0197511815110193,0.306556273379373,0.437937533399104,0.136484992056193
"xcell","T cell NK","C3",11,0.00749259281509698,0.0158467394580849,0.00358137844739773,0.00670556117022239,-0.00391121436769925,0.018464746907019,0.624834867127387,0.669465929065058,-0.0924062778401412
"xcell","T cell gamma delta","C1",14,0.00000000000000000102989566298074,0.00000000000000000184693309750424,0.0000000000000000030063841929881,0.00000000000000000514240133297608,0.00000000000000000197648853000736,0.00000000000000000549925077338229,0.398304593395588,0.543142627357619,-0.00828282240111507
"xcell","T cell gamma delta","C2",11,0.00137067861271089,0.00306519664624418,0.00000000000000000133376008892535,0.00000000000000000309913475316551,-0.00137067861271089,0.00306519664624418,0.0580240199462214,0.124337185599046,-0.0377637483636158
"xcell","T cell gamma delta","C3",11,0.000331179019170971,0.00094467985807583,0.0016929707507169,0.00382566930636927,0.00136179173154593,0.00399761830437954,0.475532659596901,0.570639191516282,0.0210069621200352
"xcell","T cell regulatory (Tregs)","C1",14,0.00061053620690205,0.00228441730844799,0.000568837972887064,0.00212839680313039,-0.0000416982340149865,0.000156020505317595,0.262192602406773,0.39328890361016,-0.00917967928526212
"xcell","T cell regulatory (Tregs)","C2",11,0.0000879224384294253,0.000291605738923506,0.00000000000000000208832569824257,0.00000000000000000422895337971753,-0.0000879224384294232,0.000291605738923507,0.107327557761612,0.17887926293602,-0.0101738819636875
"xcell","T cell regulatory (Tregs)","C3",11,0.000972189974088049,0.00311100848740622,0.00190301099179247,0.0049994191785293,0.00093082101770442,0.00206843216370893,0.192517572436471,0.339736892534949,0.0117375275575164
"xcell","immune score","C1",14,0.0588590524047289,0.0395003980903999,0.0299718640467766,0.0253175225589487,-0.0288871883579523,0.037805429894984,0.0047289220599092,0.0431048587139998,-0.629596274984498
"xcell","immune score","C2",11,0.180159650037078,0.139263800520496,0.0322696373207324,0.0262297488375484,-0.147890012716345,0.132062213975215,0.00509932237899739,0.0401537027294419,-3.1891411761044
"xcell","immune score","C3",11,0.0488123092662056,0.0679592707650497,0.147329972177193,0.195642600503416,0.0985176629109873,0.140574589538307,0.00509932237899739,0.0382449178424804,2.11066169117322
"xcell","microenvironment score","C1",14,0.120498129090567,0.0712309421085014,0.153340855494158,0.0986665886405586,0.0328427264035912,0.101789929515528,0.379471360411207,0.542101943444581,0.698107411262774
"xcell","microenvironment score","C2",11,0.215157286994102,0.120406640222216,0.066374261550046,0.0589104516966383,-0.148783025444056,0.111958700578362,0.00509932237899739,0.0401537027294419,-3.20834833514596
"xcell","microenvironment score","C3",11,0.100051178627852,0.0652816632940304,0.252990547128952,0.185239536075127,0.1529393685011,0.148456277032491,0.00385729282994253,0.0382449178424804,3.2811784398675
"xcell","stroma score","C1",14,0.0616390766858379,0.062628911799883,0.123368991447381,0.110380348971033,0.0617299147615435,0.105312969970952,0.0328100197002589,0.089481871909797,1.31942086384616
"xcell","stroma score","C2",11,0.0349976369570241,0.0430813250667508,0.0341046242293137,0.0388503740705057,-0.000893012727710421,0.0576437565796395,0.964541384555568,1,-0.0274899814426743
"xcell","stroma score","C3",11,0.0512388693616461,0.0289505924078651,0.105660574951759,0.0657480833132289,0.054421705590113,0.0548505982805994,0.0144832770523174,0.0543122889461903,1.16223392629316
