"Method","Cell_Type","cluster","n_candidates","n_pairs_used","n_dropped","n_missing_biopsy","n_missing_surgery","n_missing_both","dropped_patient_ids"
"CIBERSORTx","B cells memory","C1",14,14,0,0,0,0,""
"CIBERSORTx","B cells naive","C1",14,14,0,0,0,0,""
"CIBERSORTx","Dendritic cells activated","C1",14,14,0,0,0,0,""
"CIBERSORTx","Dendritic cells resting","C1",14,14,0,0,0,0,""
"CIBERSORTx","Eosinophils","C1",14,14,0,0,0,0,""
"CIBERSORTx","Macrophages M0","C1",14,14,0,0,0,0,""
"CIBERSORTx","Macrophages M1","C1",14,14,0,0,0,0,""
"CIBERSORTx","Macrophages M2","C1",14,14,0,0,0,0,""
"CIBERSORTx","Mast cells activated","C1",14,14,0,0,0,0,""
"CIBERSORTx","Mast cells resting","C1",14,14,0,0,0,0,""
"CIBERSORTx","Monocytes","C1",14,14,0,0,0,0,""
"CIBERSORTx","NK cells activated","C1",14,14,0,0,0,0,""
"CIBERSORTx","NK cells resting","C1",14,14,0,0,0,0,""
"CIBERSORTx","Neutrophils","C1",14,14,0,0,0,0,""
"CIBERSORTx","Plasma cells","C1",14,14,0,0,0,0,""
"CIBERSORTx","T cells CD4+ (general)","C1",14,14,0,0,0,0,""
"CIBERSORTx","T cells CD8+ (total)","C1",14,14,0,0,0,0,""
"CIBERSORTx","T cells follicular helper","C1",14,14,0,0,0,0,""
"CIBERSORTx","T cells gamma delta","C1",14,14,0,0,0,0,""
"CIBERSORTx","T cells regulatory (Tregs)","C1",14,14,0,0,0,0,""
"CIBERSORTx","B cells memory","C2",11,11,0,0,0,0,""
"CIBERSORTx","B cells naive","C2",11,11,0,0,0,0,""
"CIBERSORTx","Dendritic cells activated","C2",11,11,0,0,0,0,""
"CIBERSORTx","Dendritic cells resting","C2",11,11,0,0,0,0,""
"CIBERSORTx","Eosinophils","C2",11,11,0,0,0,0,""
"CIBERSORTx","Macrophages M0","C2",11,11,0,0,0,0,""
"CIBERSORTx","Macrophages M1","C2",11,11,0,0,0,0,""
"CIBERSORTx","Macrophages M2","C2",11,11,0,0,0,0,""
"CIBERSORTx","Mast cells activated","C2",11,11,0,0,0,0,""
"CIBERSORTx","Mast cells resting","C2",11,11,0,0,0,0,""
"CIBERSORTx","Monocytes","C2",11,11,0,0,0,0,""
"CIBERSORTx","NK cells activated","C2",11,11,0,0,0,0,""
"CIBERSORTx","NK cells resting","C2",11,11,0,0,0,0,""
"CIBERSORTx","Neutrophils","C2",11,11,0,0,0,0,""
"CIBERSORTx","Plasma cells","C2",11,11,0,0,0,0,""
"CIBERSORTx","T cells CD4+ (general)","C2",11,11,0,0,0,0,""
"CIBERSORTx","T cells CD8+ (total)","C2",11,11,0,0,0,0,""
"CIBERSORTx","T cells follicular helper","C2",11,11,0,0,0,0,""
"CIBERSORTx","T cells gamma delta","C2",11,11,0,0,0,0,""
"CIBERSORTx","T cells regulatory (Tregs)","C2",11,11,0,0,0,0,""
"CIBERSORTx","B cells memory","C3",11,11,0,0,0,0,""
"CIBERSORTx","B cells naive","C3",11,11,0,0,0,0,""
"CIBERSORTx","Dendritic cells activated","C3",11,11,0,0,0,0,""
"CIBERSORTx","Dendritic cells resting","C3",11,11,0,0,0,0,""
"CIBERSORTx","Eosinophils","C3",11,11,0,0,0,0,""
"CIBERSORTx","Macrophages M0","C3",11,11,0,0,0,0,""
"CIBERSORTx","Macrophages M1","C3",11,11,0,0,0,0,""
"CIBERSORTx","Macrophages M2","C3",11,11,0,0,0,0,""
"CIBERSORTx","Mast cells activated","C3",11,11,0,0,0,0,""
"CIBERSORTx","Mast cells resting","C3",11,11,0,0,0,0,""
"CIBERSORTx","Monocytes","C3",11,11,0,0,0,0,""
"CIBERSORTx","NK cells activated","C3",11,11,0,0,0,0,""
"CIBERSORTx","NK cells resting","C3",11,11,0,0,0,0,""
"CIBERSORTx","Neutrophils","C3",11,11,0,0,0,0,""
"CIBERSORTx","Plasma cells","C3",11,11,0,0,0,0,""
"CIBERSORTx","T cells CD4+ (general)","C3",11,11,0,0,0,0,""
"CIBERSORTx","T cells CD8+ (total)","C3",11,11,0,0,0,0,""
"CIBERSORTx","T cells follicular helper","C3",11,11,0,0,0,0,""
"CIBERSORTx","T cells gamma delta","C3",11,11,0,0,0,0,""
"CIBERSORTx","T cells regulatory (Tregs)","C3",11,11,0,0,0,0,""
"consensus_tme","B cell","C1",14,14,0,0,0,0,""
"consensus_tme","Cancer associated fibroblast","C1",14,14,0,0,0,0,""
"consensus_tme","Endothelial cell","C1",14,14,0,0,0,0,""
"consensus_tme","Eosinophil","C1",14,14,0,0,0,0,""
"consensus_tme","Macrophage","C1",14,14,0,0,0,0,""
"consensus_tme","Macrophage M1","C1",14,14,0,0,0,0,""
"consensus_tme","Macrophage M2","C1",14,14,0,0,0,0,""
"consensus_tme","Mast cell","C1",14,14,0,0,0,0,""
"consensus_tme","Monocyte","C1",14,14,0,0,0,0,""
"consensus_tme","Myeloid dendritic cell","C1",14,14,0,0,0,0,""
"consensus_tme","NK cell","C1",14,14,0,0,0,0,""
"consensus_tme","Neutrophil","C1",14,14,0,0,0,0,""
"consensus_tme","T cell CD4+","C1",14,14,0,0,0,0,""
"consensus_tme","T cell CD8+","C1",14,14,0,0,0,0,""
"consensus_tme","T cell gamma delta","C1",14,14,0,0,0,0,""
"consensus_tme","T cell regulatory (Tregs)","C1",14,14,0,0,0,0,""
"consensus_tme","cytotoxicity score","C1",14,14,0,0,0,0,""
"consensus_tme","immune score","C1",14,14,0,0,0,0,""
"consensus_tme","B cell","C2",11,11,0,0,0,0,""
"consensus_tme","Cancer associated fibroblast","C2",11,11,0,0,0,0,""
"consensus_tme","Endothelial cell","C2",11,11,0,0,0,0,""
"consensus_tme","Eosinophil","C2",11,11,0,0,0,0,""
"consensus_tme","Macrophage","C2",11,11,0,0,0,0,""
"consensus_tme","Macrophage M1","C2",11,11,0,0,0,0,""
"consensus_tme","Macrophage M2","C2",11,11,0,0,0,0,""
"consensus_tme","Mast cell","C2",11,11,0,0,0,0,""
"consensus_tme","Monocyte","C2",11,11,0,0,0,0,""
"consensus_tme","Myeloid dendritic cell","C2",11,11,0,0,0,0,""
"consensus_tme","NK cell","C2",11,11,0,0,0,0,""
"consensus_tme","Neutrophil","C2",11,11,0,0,0,0,""
"consensus_tme","T cell CD4+","C2",11,11,0,0,0,0,""
"consensus_tme","T cell CD8+","C2",11,11,0,0,0,0,""
"consensus_tme","T cell gamma delta","C2",11,11,0,0,0,0,""
"consensus_tme","T cell regulatory (Tregs)","C2",11,11,0,0,0,0,""
"consensus_tme","cytotoxicity score","C2",11,11,0,0,0,0,""
"consensus_tme","immune score","C2",11,11,0,0,0,0,""
"consensus_tme","B cell","C3",11,11,0,0,0,0,""
"consensus_tme","Cancer associated fibroblast","C3",11,11,0,0,0,0,""
"consensus_tme","Endothelial cell","C3",11,11,0,0,0,0,""
"consensus_tme","Eosinophil","C3",11,11,0,0,0,0,""
"consensus_tme","Macrophage","C3",11,11,0,0,0,0,""
"consensus_tme","Macrophage M1","C3",11,11,0,0,0,0,""
"consensus_tme","Macrophage M2","C3",11,11,0,0,0,0,""
"consensus_tme","Mast cell","C3",11,11,0,0,0,0,""
"consensus_tme","Monocyte","C3",11,11,0,0,0,0,""
"consensus_tme","Myeloid dendritic cell","C3",11,11,0,0,0,0,""
"consensus_tme","NK cell","C3",11,11,0,0,0,0,""
"consensus_tme","Neutrophil","C3",11,11,0,0,0,0,""
"consensus_tme","T cell CD4+","C3",11,11,0,0,0,0,""
"consensus_tme","T cell CD8+","C3",11,11,0,0,0,0,""
"consensus_tme","T cell gamma delta","C3",11,11,0,0,0,0,""
"consensus_tme","T cell regulatory (Tregs)","C3",11,11,0,0,0,0,""
"consensus_tme","cytotoxicity score","C3",11,11,0,0,0,0,""
"consensus_tme","immune score","C3",11,11,0,0,0,0,""
"epic","B cell","C1",14,14,0,0,0,0,""
"epic","Cancer associated fibroblast","C1",14,14,0,0,0,0,""
"epic","Endothelial cell","C1",14,14,0,0,0,0,""
"epic","Macrophage","C1",14,14,0,0,0,0,""
"epic","NK cell","C1",14,14,0,0,0,0,""
"epic","T cell CD4+","C1",14,14,0,0,0,0,""
"epic","T cell CD8+","C1",14,14,0,0,0,0,""
"epic","uncharacterized cell","C1",14,14,0,0,0,0,""
"epic","B cell","C2",11,11,0,0,0,0,""
"epic","Cancer associated fibroblast","C2",11,11,0,0,0,0,""
"epic","Endothelial cell","C2",11,11,0,0,0,0,""
"epic","Macrophage","C2",11,11,0,0,0,0,""
"epic","NK cell","C2",11,11,0,0,0,0,""
"epic","T cell CD4+","C2",11,11,0,0,0,0,""
"epic","T cell CD8+","C2",11,11,0,0,0,0,""
"epic","uncharacterized cell","C2",11,11,0,0,0,0,""
"epic","B cell","C3",11,11,0,0,0,0,""
"epic","Cancer associated fibroblast","C3",11,11,0,0,0,0,""
"epic","Endothelial cell","C3",11,11,0,0,0,0,""
"epic","Macrophage","C3",11,11,0,0,0,0,""
"epic","NK cell","C3",11,11,0,0,0,0,""
"epic","T cell CD4+","C3",11,11,0,0,0,0,""
"epic","T cell CD8+","C3",11,11,0,0,0,0,""
"epic","uncharacterized cell","C3",11,11,0,0,0,0,""
"estimate","ESTIMATEScore","C1",14,14,0,0,0,0,""
"estimate","ImmuneScore","C1",14,14,0,0,0,0,""
"estimate","StromalScore","C1",14,14,0,0,0,0,""
"estimate","TumorPurity","C1",14,14,0,0,0,0,""
"estimate","ESTIMATEScore","C2",11,11,0,0,0,0,""
"estimate","ImmuneScore","C2",11,11,0,0,0,0,""
"estimate","StromalScore","C2",11,11,0,0,0,0,""
"estimate","TumorPurity","C2",11,11,0,0,0,0,""
"estimate","ESTIMATEScore","C3",11,11,0,0,0,0,""
"estimate","ImmuneScore","C3",11,11,0,0,0,0,""
"estimate","StromalScore","C3",11,11,0,0,0,0,""
"estimate","TumorPurity","C3",11,11,0,0,0,0,""
"mcp_counter","B cell","C1",14,14,0,0,0,0,""
"mcp_counter","Cancer associated fibroblast","C1",14,14,0,0,0,0,""
"mcp_counter","Endothelial cell","C1",14,14,0,0,0,0,""
"mcp_counter","Macrophage/Monocyte","C1",14,14,0,0,0,0,""
"mcp_counter","Monocyte","C1",14,14,0,0,0,0,""
"mcp_counter","Myeloid dendritic cell","C1",14,14,0,0,0,0,""
"mcp_counter","NK cell","C1",14,14,0,0,0,0,""
"mcp_counter","Neutrophil","C1",14,14,0,0,0,0,""
"mcp_counter","T cell","C1",14,14,0,0,0,0,""
"mcp_counter","T cell CD8+","C1",14,14,0,0,0,0,""
"mcp_counter","cytotoxicity score","C1",14,14,0,0,0,0,""
"mcp_counter","B cell","C2",11,11,0,0,0,0,""
"mcp_counter","Cancer associated fibroblast","C2",11,11,0,0,0,0,""
"mcp_counter","Endothelial cell","C2",11,11,0,0,0,0,""
"mcp_counter","Macrophage/Monocyte","C2",11,11,0,0,0,0,""
"mcp_counter","Monocyte","C2",11,11,0,0,0,0,""
"mcp_counter","Myeloid dendritic cell","C2",11,11,0,0,0,0,""
"mcp_counter","NK cell","C2",11,11,0,0,0,0,""
"mcp_counter","Neutrophil","C2",11,11,0,0,0,0,""
"mcp_counter","T cell","C2",11,11,0,0,0,0,""
"mcp_counter","T cell CD8+","C2",11,11,0,0,0,0,""
"mcp_counter","cytotoxicity score","C2",11,11,0,0,0,0,""
"mcp_counter","B cell","C3",11,11,0,0,0,0,""
"mcp_counter","Cancer associated fibroblast","C3",11,11,0,0,0,0,""
"mcp_counter","Endothelial cell","C3",11,11,0,0,0,0,""
"mcp_counter","Macrophage/Monocyte","C3",11,11,0,0,0,0,""
"mcp_counter","Monocyte","C3",11,11,0,0,0,0,""
"mcp_counter","Myeloid dendritic cell","C3",11,11,0,0,0,0,""
"mcp_counter","NK cell","C3",11,11,0,0,0,0,""
"mcp_counter","Neutrophil","C3",11,11,0,0,0,0,""
"mcp_counter","T cell","C3",11,11,0,0,0,0,""
"mcp_counter","T cell CD8+","C3",11,11,0,0,0,0,""
"mcp_counter","cytotoxicity score","C3",11,11,0,0,0,0,""
"quantiseq","B cell","C1",14,14,0,0,0,0,""
"quantiseq","Macrophage M1","C1",14,14,0,0,0,0,""
"quantiseq","Macrophage M2","C1",14,14,0,0,0,0,""
"quantiseq","Monocyte","C1",14,14,0,0,0,0,""
"quantiseq","Myeloid dendritic cell","C1",14,14,0,0,0,0,""
"quantiseq","NK cell","C1",14,14,0,0,0,0,""
"quantiseq","Neutrophil","C1",14,14,0,0,0,0,""
"quantiseq","T cell CD4+ (non-regulatory)","C1",14,14,0,0,0,0,""
"quantiseq","T cell CD8+","C1",14,14,0,0,0,0,""
"quantiseq","T cell regulatory (Tregs)","C1",14,14,0,0,0,0,""
"quantiseq","uncharacterized cell","C1",14,14,0,0,0,0,""
"quantiseq","B cell","C2",11,11,0,0,0,0,""
"quantiseq","Macrophage M1","C2",11,11,0,0,0,0,""
"quantiseq","Macrophage M2","C2",11,11,0,0,0,0,""
"quantiseq","Monocyte","C2",11,11,0,0,0,0,""
"quantiseq","Myeloid dendritic cell","C2",11,11,0,0,0,0,""
"quantiseq","NK cell","C2",11,11,0,0,0,0,""
"quantiseq","Neutrophil","C2",11,11,0,0,0,0,""
"quantiseq","T cell CD4+ (non-regulatory)","C2",11,11,0,0,0,0,""
"quantiseq","T cell CD8+","C2",11,11,0,0,0,0,""
"quantiseq","T cell regulatory (Tregs)","C2",11,11,0,0,0,0,""
"quantiseq","uncharacterized cell","C2",11,11,0,0,0,0,""
"quantiseq","B cell","C3",11,11,0,0,0,0,""
"quantiseq","Macrophage M1","C3",11,11,0,0,0,0,""
"quantiseq","Macrophage M2","C3",11,11,0,0,0,0,""
"quantiseq","Monocyte","C3",11,11,0,0,0,0,""
"quantiseq","Myeloid dendritic cell","C3",11,11,0,0,0,0,""
"quantiseq","NK cell","C3",11,11,0,0,0,0,""
"quantiseq","Neutrophil","C3",11,11,0,0,0,0,""
"quantiseq","T cell CD4+ (non-regulatory)","C3",11,11,0,0,0,0,""
"quantiseq","T cell CD8+","C3",11,11,0,0,0,0,""
"quantiseq","T cell regulatory (Tregs)","C3",11,11,0,0,0,0,""
"quantiseq","uncharacterized cell","C3",11,11,0,0,0,0,""
"timer","B cell","C1",14,14,0,0,0,0,""
"timer","Macrophage","C1",14,14,0,0,0,0,""
"timer","Myeloid dendritic cell","C1",14,14,0,0,0,0,""
"timer","Neutrophil","C1",14,14,0,0,0,0,""
"timer","T cell CD4+","C1",14,14,0,0,0,0,""
"timer","T cell CD8+","C1",14,14,0,0,0,0,""
"timer","B cell","C2",11,11,0,0,0,0,""
"timer","Macrophage","C2",11,11,0,0,0,0,""
"timer","Myeloid dendritic cell","C2",11,11,0,0,0,0,""
"timer","Neutrophil","C2",11,11,0,0,0,0,""
"timer","T cell CD4+","C2",11,11,0,0,0,0,""
"timer","T cell CD8+","C2",11,11,0,0,0,0,""
"timer","B cell","C3",11,11,0,0,0,0,""
"timer","Macrophage","C3",11,11,0,0,0,0,""
"timer","Myeloid dendritic cell","C3",11,11,0,0,0,0,""
"timer","Neutrophil","C3",11,11,0,0,0,0,""
"timer","T cell CD4+","C3",11,11,0,0,0,0,""
"timer","T cell CD8+","C3",11,11,0,0,0,0,""
"xcell","B cell","C1",14,14,0,0,0,0,""
"xcell","B cell memory","C1",14,14,0,0,0,0,""
"xcell","B cell naive","C1",14,14,0,0,0,0,""
"xcell","B cell plasma","C1",14,14,0,0,0,0,""
"xcell","Cancer associated fibroblast","C1",14,14,0,0,0,0,""
"xcell","Class-switched memory B cell","C1",14,14,0,0,0,0,""
"xcell","Common lymphoid progenitor","C1",14,14,0,0,0,0,""
"xcell","Common myeloid progenitor","C1",14,14,0,0,0,0,""
"xcell","Endothelial cell","C1",14,14,0,0,0,0,""
"xcell","Eosinophil","C1",14,14,0,0,0,0,""
"xcell","Granulocyte-monocyte progenitor","C1",14,14,0,0,0,0,""
"xcell","Hematopoietic stem cell","C1",14,14,0,0,0,0,""
"xcell","Macrophage","C1",14,14,0,0,0,0,""
"xcell","Macrophage M1","C1",14,14,0,0,0,0,""
"xcell","Macrophage M2","C1",14,14,0,0,0,0,""
"xcell","Mast cell","C1",14,14,0,0,0,0,""
"xcell","Monocyte","C1",14,14,0,0,0,0,""
"xcell","Myeloid dendritic cell","C1",14,14,0,0,0,0,""
"xcell","Myeloid dendritic cell activated","C1",14,14,0,0,0,0,""
"xcell","NK cell","C1",14,14,0,0,0,0,""
"xcell","Neutrophil","C1",14,14,0,0,0,0,""
"xcell","Plasmacytoid dendritic cell","C1",14,14,0,0,0,0,""
"xcell","T cell CD4+ (aggregated)","C1",14,14,0,0,0,0,""
"xcell","T cell CD8+ (aggregated)","C1",14,14,0,0,0,0,""
"xcell","T cell NK","C1",14,14,0,0,0,0,""
"xcell","T cell gamma delta","C1",14,14,0,0,0,0,""
"xcell","T cell regulatory (Tregs)","C1",14,14,0,0,0,0,""
"xcell","immune score","C1",14,14,0,0,0,0,""
"xcell","microenvironment score","C1",14,14,0,0,0,0,""
"xcell","stroma score","C1",14,14,0,0,0,0,""
"xcell","B cell","C2",11,11,0,0,0,0,""
"xcell","B cell memory","C2",11,11,0,0,0,0,""
"xcell","B cell naive","C2",11,11,0,0,0,0,""
"xcell","B cell plasma","C2",11,11,0,0,0,0,""
"xcell","Cancer associated fibroblast","C2",11,11,0,0,0,0,""
"xcell","Class-switched memory B cell","C2",11,11,0,0,0,0,""
"xcell","Common lymphoid progenitor","C2",11,11,0,0,0,0,""
"xcell","Common myeloid progenitor","C2",11,11,0,0,0,0,""
"xcell","Endothelial cell","C2",11,11,0,0,0,0,""
"xcell","Eosinophil","C2",11,11,0,0,0,0,""
"xcell","Granulocyte-monocyte progenitor","C2",11,11,0,0,0,0,""
"xcell","Hematopoietic stem cell","C2",11,11,0,0,0,0,""
"xcell","Macrophage","C2",11,11,0,0,0,0,""
"xcell","Macrophage M1","C2",11,11,0,0,0,0,""
"xcell","Macrophage M2","C2",11,11,0,0,0,0,""
"xcell","Mast cell","C2",11,11,0,0,0,0,""
"xcell","Monocyte","C2",11,11,0,0,0,0,""
"xcell","Myeloid dendritic cell","C2",11,11,0,0,0,0,""
"xcell","Myeloid dendritic cell activated","C2",11,11,0,0,0,0,""
"xcell","NK cell","C2",11,11,0,0,0,0,""
"xcell","Neutrophil","C2",11,11,0,0,0,0,""
"xcell","Plasmacytoid dendritic cell","C2",11,11,0,0,0,0,""
"xcell","T cell CD4+ (aggregated)","C2",11,11,0,0,0,0,""
"xcell","T cell CD8+ (aggregated)","C2",11,11,0,0,0,0,""
"xcell","T cell NK","C2",11,11,0,0,0,0,""
"xcell","T cell gamma delta","C2",11,11,0,0,0,0,""
"xcell","T cell regulatory (Tregs)","C2",11,11,0,0,0,0,""
"xcell","immune score","C2",11,11,0,0,0,0,""
"xcell","microenvironment score","C2",11,11,0,0,0,0,""
"xcell","stroma score","C2",11,11,0,0,0,0,""
"xcell","B cell","C3",11,11,0,0,0,0,""
"xcell","B cell memory","C3",11,11,0,0,0,0,""
"xcell","B cell naive","C3",11,11,0,0,0,0,""
"xcell","B cell plasma","C3",11,11,0,0,0,0,""
"xcell","Cancer associated fibroblast","C3",11,11,0,0,0,0,""
"xcell","Class-switched memory B cell","C3",11,11,0,0,0,0,""
"xcell","Common lymphoid progenitor","C3",11,11,0,0,0,0,""
"xcell","Common myeloid progenitor","C3",11,11,0,0,0,0,""
"xcell","Endothelial cell","C3",11,11,0,0,0,0,""
"xcell","Eosinophil","C3",11,11,0,0,0,0,""
"xcell","Granulocyte-monocyte progenitor","C3",11,11,0,0,0,0,""
"xcell","Hematopoietic stem cell","C3",11,11,0,0,0,0,""
"xcell","Macrophage","C3",11,11,0,0,0,0,""
"xcell","Macrophage M1","C3",11,11,0,0,0,0,""
"xcell","Macrophage M2","C3",11,11,0,0,0,0,""
"xcell","Mast cell","C3",11,11,0,0,0,0,""
"xcell","Monocyte","C3",11,11,0,0,0,0,""
"xcell","Myeloid dendritic cell","C3",11,11,0,0,0,0,""
"xcell","Myeloid dendritic cell activated","C3",11,11,0,0,0,0,""
"xcell","NK cell","C3",11,11,0,0,0,0,""
"xcell","Neutrophil","C3",11,11,0,0,0,0,""
"xcell","Plasmacytoid dendritic cell","C3",11,11,0,0,0,0,""
"xcell","T cell CD4+ (aggregated)","C3",11,11,0,0,0,0,""
"xcell","T cell CD8+ (aggregated)","C3",11,11,0,0,0,0,""
"xcell","T cell NK","C3",11,11,0,0,0,0,""
"xcell","T cell gamma delta","C3",11,11,0,0,0,0,""
"xcell","T cell regulatory (Tregs)","C3",11,11,0,0,0,0,""
"xcell","immune score","C3",11,11,0,0,0,0,""
"xcell","microenvironment score","C3",11,11,0,0,0,0,""
"xcell","stroma score","C3",11,11,0,0,0,0,""
