"Method","Cell_Type","Timepoint","test","p_value","FDR","n_clusters","note","C1_n","C2_n","C3_n","C1_mean","C2_mean","C3_mean","C1_sd","C2_sd","C3_sd"
"CIBERSORTx","B cells memory","Biopsy","kruskal",0.0450980479789858,0.10588237351588,3,NA,14,11,11,0.00945458092180325,0.0226813920537093,0.00905349650964005,0.0175037244702338,0.0233969602510068,0.0194844760543362
"CIBERSORTx","B cells naive","Biopsy","kruskal",0.113933180154217,0.195314023121515,3,NA,14,11,11,0.0453794029893852,0.0204770093036824,0.0235250898431259,0.0592991301708806,0.0344391769101266,0.0177642247605011
"CIBERSORTx","Dendritic cells activated","Biopsy","kruskal",0.680023092097968,0.727153405411688,3,NA,14,11,11,0.00131458549817593,0.00324231153983111,0.00100198654501351,0.00372995627851324,0.00724862540178718,0.00289074847913995
"CIBERSORTx","Dendritic cells resting","Biopsy","kruskal",0.590951596605343,0.651252779932418,3,NA,14,11,11,0.0066836784596822,0.0206559146500413,0.00733150779034588,0.00736463432796184,0.0284500921115006,0.00619209899024235
"CIBERSORTx","Eosinophils","Biopsy","kruskal",0.32098411714879,0.415322923958348,3,NA,14,11,11,0,0.0000488238858387372,0,0,0.000161930510134238,0
"CIBERSORTx","Macrophages M0","Biopsy","kruskal",0.332669665424979,0.420214314221026,3,NA,14,11,11,0.0537480360821381,0.0739402078378143,0.089791819525869,0.0570488282936572,0.0469827469906172,0.0766375883548996
"CIBERSORTx","Macrophages M1","Biopsy","kruskal",0.0163663994064999,0.0570184237387739,3,NA,14,11,11,0.0598673468905101,0.101119985216593,0.0588018327327176,0.0380862086620361,0.0393632045240564,0.0321675110260583
"CIBERSORTx","Macrophages M2","Biopsy","kruskal",0.324951732171115,0.415322923958348,3,NA,14,11,11,0.321312765297235,0.272239793624829,0.307647598115033,0.115500303714776,0.0897817003240465,0.0620570587292194
"CIBERSORTx","Mast cells activated","Biopsy","kruskal",0.312997827548373,0.412241041161272,3,NA,14,11,11,0.0013621997488069,0.00326732802525327,0.00480801838761939,0.00388922628775105,0.00587462932236714,0.00781990009692088
"CIBERSORTx","Mast cells resting","Biopsy","kruskal",0.013423839832959,0.0510600995691061,3,NA,14,11,11,0.105479657306419,0.0367337213184849,0.127835557879919,0.0906800274613016,0.0375405933416907,0.119954964218189
"CIBERSORTx","Monocytes","Biopsy","kruskal",0.477195227599289,0.551198765569232,3,NA,14,11,11,0.0228179405936467,0.0194499196801955,0.0100165974755036,0.0273164191779419,0.0215869220812097,0.00902219833013993
"CIBERSORTx","NK cells activated","Biopsy","kruskal",0.0513439478073588,0.115523882566557,3,NA,14,11,11,0.0172504789897525,0.0352836208235052,0.015193602562867,0.0155754063236122,0.025393604618729,0.0102136044142065
"CIBERSORTx","NK cells resting","Biopsy","kruskal",0.15452693759642,0.241625552642801,3,NA,14,11,11,0.0110829317994427,0.00313765641306731,0.00739553174859477,0.01095275551687,0.00385226518394863,0.0107187801216324
"CIBERSORTx","Neutrophils","Biopsy","kruskal",0.116417554335666,0.19800150973625,3,NA,14,11,11,0.00481513733445415,0.00196312996613605,0.00403702262586266,0.00463677708821696,0.00429942853884294,0.00373739582642968
"CIBERSORTx","Plasma cells","Biopsy","kruskal",0.347477766996751,0.433845073244499,3,NA,14,11,11,0.00472485460392193,0.00560769977956455,0.0114288923274988,0.00768340894254565,0.00922874059947654,0.0186066914260361
"CIBERSORTx","T cells CD4+ (general)","Biopsy","kruskal",0.842923838476302,0.87957270101875,3,NA,14,11,11,0.149970395554944,0.14456721707441,0.145709065788034,0.0681524794402321,0.0462097034911995,0.0504247851302615
"CIBERSORTx","T cells CD8+ (total)","Biopsy","kruskal",0.0386745312598684,0.0968686390639124,3,NA,14,11,11,0.0879176044748044,0.120083996038496,0.0850286919987375,0.0359591322546678,0.0304767576438416,0.0322635783160669
"CIBERSORTx","T cells follicular helper","Biopsy","kruskal",0.369745722923672,0.443694867508406,3,NA,14,11,11,0.0648498398324561,0.074103393514171,0.0613063059462416,0.0326682203373247,0.0291139262836468,0.0311274787614807
"CIBERSORTx","T cells gamma delta","Biopsy","kruskal",0.13819917574388,0.224443774140437,3,NA,14,11,11,0.00455733979591168,0.0212611900715018,0.00379140883237874,0.0132573471578412,0.0329275626461239,0.00851262684842701
"CIBERSORTx","T cells regulatory (Tregs)","Biopsy","kruskal",0.630388356001277,0.680819424481379,3,NA,14,11,11,0.0274112238265097,0.0201356891828751,0.026295973364998,0.0184131465321771,0.0148367914938519,0.019567747555501
"consensus_tme","B cell","Biopsy","kruskal",0.0141329969098639,0.0517608195590682,3,NA,14,11,11,-0.0604241524705152,0.0437145632248607,-0.100256622176346,0.0840405675881478,0.119424011694826,0.0996464433413083
"consensus_tme","Cancer associated fibroblast","Biopsy","kruskal",0.324343990944018,0.415322923958348,3,NA,14,11,11,0.251876393853267,0.235818751170768,0.298535941960495,0.160155548049647,0.0774916797303338,0.106361359515952
"consensus_tme","Endothelial cell","Biopsy","kruskal",0.360771758144609,0.441618080662512,3,NA,14,11,11,0.222782881132555,0.179386855029594,0.170155431598567,0.138356714521691,0.120469272468514,0.103649540466789
"consensus_tme","Eosinophil","Biopsy","kruskal",0.00106731877550774,0.0203930327944857,3,NA,14,11,11,-0.0209267774572914,0.199856922258674,-0.0201649586143456,0.108909652653911,0.129563237605627,0.130588314148264
"consensus_tme","Macrophage","Biopsy","kruskal",0.00146317868680885,0.0203930327944857,3,NA,14,11,11,0.118578502785332,0.289918338777707,0.0888301693074222,0.0811216100988484,0.117015074503723,0.126035702164691
"consensus_tme","Macrophage M1","Biopsy","kruskal",0.00236030472158399,0.0203930327944857,3,NA,14,11,11,0.0603820104332073,0.252351441757264,0.0389138065286513,0.0983548836781695,0.127907162152425,0.152761971146693
"consensus_tme","Macrophage M2","Biopsy","kruskal",0.00413293285865665,0.0257421929729355,3,NA,14,11,11,0.177933699699855,0.324724829679866,0.141176949941541,0.0831221124784625,0.128040372748278,0.127665117801562
"consensus_tme","Mast cell","Biopsy","kruskal",0.00321186587608636,0.023922863077057,3,NA,14,11,11,-0.0628601532817891,0.110026433617789,-0.0786303899441766,0.0836978119465158,0.123157412150382,0.131277665767141
"consensus_tme","Monocyte","Biopsy","kruskal",0.00822575206130699,0.038467811971295,3,NA,14,11,11,0.0875588818757357,0.196979924822643,0.0412479796609627,0.0764178655274514,0.114403392650641,0.111086976732507
"consensus_tme","Myeloid dendritic cell","Biopsy","kruskal",0.00170274797769775,0.0203930327944857,3,NA,14,11,11,0.0546330710779878,0.231645802923711,0.0424915987029916,0.0776439177565666,0.116390486667437,0.12732932541501
"consensus_tme","NK cell","Biopsy","kruskal",0.00177387105352009,0.0203930327944857,3,NA,14,11,11,-0.138745866213857,0.0322786050773546,-0.1711105137723,0.0953785614225522,0.110757533889851,0.134776063152826
"consensus_tme","Neutrophil","Biopsy","kruskal",0.000379601182394776,0.0203930327944857,3,NA,14,11,11,-0.0469431296243017,0.104291841627489,-0.0523453816413718,0.0644354502481428,0.0784473166988402,0.0999401500953954
"consensus_tme","T cell CD4+","Biopsy","kruskal",0.00316264284886426,0.023922863077057,3,NA,14,11,11,0.00956577746508167,0.171098555905008,-0.0212508810484737,0.0959680477155523,0.113820269889862,0.13308852382277
"consensus_tme","T cell CD8+","Biopsy","kruskal",0.00221287907270715,0.0203930327944857,3,NA,14,11,11,0.00524391182698505,0.156509683146624,-0.0375252131563462,0.0949175912124893,0.11418020761691,0.130578290240156
"consensus_tme","T cell gamma delta","Biopsy","kruskal",0.00167488815007577,0.0203930327944857,3,NA,14,11,11,-0.0836715831296931,0.108622392170843,-0.118847004692078,0.102478161801772,0.124877505167848,0.148258592054659
"consensus_tme","T cell regulatory (Tregs)","Biopsy","kruskal",0.00515984872464326,0.0293296664348143,3,NA,14,11,11,-0.00974746001367447,0.150646543180562,-0.0536002063984052,0.10797013843128,0.136993527522454,0.158887835133723
"consensus_tme","cytotoxicity score","Biopsy","kruskal",0.000299664628734738,0.0203930327944857,3,NA,14,11,11,-0.117515418180833,0.104455680332559,-0.140684417169915,0.100183391220173,0.113478430606282,0.140314361241081
"consensus_tme","immune score","Biopsy","kruskal",0.00186889294319453,0.0203930327944857,3,NA,14,11,11,0.020576509177265,0.166870264634267,-0.00818278736002198,0.0725132154352747,0.102803071822571,0.114572666767458
"epic","B cell","Biopsy","kruskal",0.141512892161888,0.225025374309779,3,NA,14,11,11,0.00778248680392725,0.0193771989337506,0.00704257505085702,0.0111283930483394,0.0215909125242113,0.010148538985203
"epic","Cancer associated fibroblast","Biopsy","kruskal",0.0914538192351455,0.1674069911423,3,NA,14,11,11,0.290430927153363,0.113732523669697,0.231158369626204,0.322776351504643,0.143072285637926,0.159931357431145
"epic","Endothelial cell","Biopsy","kruskal",0.328929902933261,0.417934464903438,3,NA,14,11,11,0.0423211677843284,0.0232422129592655,0.0280664401116134,0.0434395424555281,0.0237988332197878,0.0225460610816091
"epic","Macrophage","Biopsy","kruskal",0.0542230917268154,0.117833173718297,3,NA,14,11,11,0.0135842780968754,0.0364709195133684,0.0106994544351018,0.009218214053333,0.0589183524007623,0.00734660004342166
"epic","NK cell","Biopsy","kruskal",0.483423002580131,0.552971432611395,3,NA,14,11,11,0.000113915503051296,0.00218835991850015,0.000126294547322646,0.000231264275771464,0.00641899666050944,0.000285141029953334
"epic","T cell CD4+","Biopsy","kruskal",0.897346810100507,0.914277881989196,3,NA,14,11,11,0.0418609232826433,0.0431617187035612,0.0353397359869494,0.0314378387866685,0.0194697712902265,0.0195249732599132
"epic","T cell CD8+","Biopsy","kruskal",0.00730232550256695,0.0375548168703443,3,NA,14,11,11,0.0141485419185961,0.0228739513490432,0.00859876535641539,0.0122716751595189,0.01044424558722,0.00709445036579756
"epic","uncharacterized cell","Biopsy","kruskal",0.249675766318869,0.343502965126596,3,NA,14,11,11,0.589757759457216,0.738953114952814,0.678968364885537,0.288835320832867,0.202447763905897,0.146765962828853
"estimate","ESTIMATEScore","Biopsy","kruskal",0.028107437112892,0.0809537914497696,3,NA,14,11,11,1294.05063561424,2318.20464145057,1097.71064741399,1009.58306277046,1158.10383949853,1220.6561918901
"estimate","ImmuneScore","Biopsy","kruskal",0.00261413127042067,0.0211127262853599,3,NA,14,11,11,874.530931132351,1767.46865871973,607.245653638541,525.441172631563,753.261347865681,808.898354722595
"estimate","StromalScore","Biopsy","kruskal",0.992017522528054,0.992017522528054,3,NA,14,11,11,419.519704481891,550.735982730842,490.464993775452,715.972322439571,536.483984397391,556.260703501325
"estimate","TumorPurity","Biopsy","kruskal",0.028107437112892,0.0809537914497696,3,NA,14,11,11,0.692802394353175,0.577639199887204,0.710037837298778,0.0953944423332134,0.132922188593435,0.121645772805889
"mcp_counter","B cell","Biopsy","kruskal",0.166987129259384,0.255810070354801,3,NA,14,11,11,4.22589285714286,7.05380681818182,3.03585227272727,4.5133000483659,7.20373340952532,3.78293396668602
"mcp_counter","Cancer associated fibroblast","Biopsy","kruskal",0.258451337299288,0.348909305354038,3,NA,14,11,11,911.342901785714,360.269545454545,735.736875,1129.19550190235,254.54306832202,462.750254265867
"mcp_counter","Endothelial cell","Biopsy","kruskal",0.0537367892457809,0.117833173718297,3,NA,14,11,11,9.46486607142857,6.70778409090909,6.83225852272727,4.65724097686504,4.60195207912526,3.09447173033807
"mcp_counter","Macrophage/Monocyte","Biopsy","kruskal",0.00387478809333038,0.0253622493381625,3,NA,14,11,11,12.8407653061224,27.6578571428571,11.2218181818182,6.13167611659052,17.0711589339136,7.72009259199282
"mcp_counter","Monocyte","Biopsy","kruskal",0.00387478809333038,0.0253622493381625,3,NA,14,11,11,12.8407653061224,27.6578571428571,11.2218181818182,6.13167611659052,17.0711589339136,7.72009259199282
"mcp_counter","Myeloid dendritic cell","Biopsy","kruskal",0.0242406035363619,0.0781488114008084,3,NA,14,11,11,2.47565476190476,8.3994696969697,2.33719696969697,1.33143242614972,7.91740397682998,2.30862652388117
"mcp_counter","NK cell","Biopsy","kruskal",0.0742721651906667,0.144529618749405,3,NA,14,11,11,0.290267857142857,0.375909090909091,0.204318181818182,0.113618297140271,0.280993127645661,0.101592189716354
"mcp_counter","Neutrophil","Biopsy","kruskal",0.0418343429947216,0.101530540301796,3,NA,14,11,11,8.92482142857143,5.95168831168831,6.89714285714286,3.91724290403231,2.50853728565943,4.63861604096634
"mcp_counter","T cell","Biopsy","kruskal",0.00768247422637745,0.038467811971295,3,NA,14,11,11,3.7706887755102,6.14957792207792,2.69107142857143,1.95194352017958,2.97701571576174,2.05437993401058
"mcp_counter","T cell CD8+","Biopsy","kruskal",0.0268278689566191,0.0809537914497696,3,NA,14,11,11,3.66392857142857,7.59590909090909,2.67227272727273,3.41728928705613,6.10441226416672,3.01277974936467
"mcp_counter","cytotoxicity score","Biopsy","kruskal",0.0209345030750352,0.0695669640647324,3,NA,14,11,11,3.10357142857143,7.05837662337662,2.50246753246753,1.92050490483153,6.68232853136638,2.60698642120957
"quantiseq","B cell","Biopsy","kruskal",0.189528633953947,0.28429295093092,3,NA,14,11,11,0.023644863480481,0.0260432047177373,0.0155512029903791,0.0116191800339676,0.0225713015634436,0.00801917629686651
"quantiseq","Macrophage M1","Biopsy","kruskal",0.181881627037756,0.274730289791295,3,NA,14,11,11,0.0311048634050927,0.0429617702448739,0.0274062185133572,0.0193104366375381,0.0296361884469117,0.0129676478433524
"quantiseq","Macrophage M2","Biopsy","kruskal",0.870282298494758,0.899430509449128,3,NA,14,11,11,0.0475347404807129,0.0498300518811102,0.0431458052465098,0.0187002005670611,0.0304190601340966,0.0160872837245208
"quantiseq","Monocyte","Biopsy","kruskal",0.0878192258970134,0.162127801656025,3,NA,14,11,11,0.0123021553267815,0.0136678891326533,0.00117538882380818,0.0224538401696018,0.0165663829582056,0.00347149706770054
"quantiseq","Myeloid dendritic cell","Biopsy","kruskal",0.665460885891973,0.715122146033165,3,NA,14,11,11,0.00810412787486549,0.00913470128049262,0.0078657793708075,0.00798248018676488,0.014813566251026,0.00767769902982295
"quantiseq","NK cell","Biopsy","kruskal",0.208070498860351,0.298552794456395,3,NA,14,11,11,0.0135267504841359,0.00913692704837289,0.00957457955076283,0.00897187288868343,0.00425673154981323,0.00380756221179358
"quantiseq","Neutrophil","Biopsy","kruskal",0.585405192095626,0.648448828167463,3,NA,14,11,11,0.0290524488842592,0.0379673468133632,0.0326789266878412,0.0180428615922178,0.0209282150790092,0.0111811659832605
"quantiseq","T cell CD4+ (non-regulatory)","Biopsy","kruskal",0.00854840266028779,0.038467811971295,3,NA,14,11,11,0.0361097919278132,0.00926515904669426,0.0288245865615164,0.0320020371266457,0.0226044148496555,0.0193253293798733
"quantiseq","T cell CD8+","Biopsy","kruskal",0.029461234531151,0.0826445020614106,3,NA,14,11,11,0.0146612423227392,0.0275784778838819,0.00949665128789822,0.0127361745392255,0.0179448782960071,0.012531551776976
"quantiseq","T cell regulatory (Tregs)","Biopsy","kruskal",0.0134741929418475,0.0510600995691061,3,NA,14,11,11,0.0155217203437423,0.0244808598196516,0.0113947784053604,0.00643176195899331,0.012534896795408,0.00761612865334604
"quantiseq","uncharacterized cell","Biopsy","kruskal",0.128548270219627,0.211957453186561,3,NA,14,11,11,0.768437295469377,0.749933612131169,0.812886082561759,0.0689870956459285,0.0960505724789538,0.0485596908383066
"timer","B cell","Biopsy","kruskal",0.237932814836062,0.33372394808175,3,NA,14,11,11,0.0990890249088847,0.12531322259514,0.0983425938100251,0.0212149175742824,0.048634568735926,0.0274265895760673
"timer","Macrophage","Biopsy","kruskal",0.0724881955192639,0.144529618749405,3,NA,14,11,11,0.054035800213992,0.038110115617313,0.037118973058912,0.0356228583068661,0.0795421047939025,0.0223789046860926
"timer","Myeloid dendritic cell","Biopsy","kruskal",0.0219940664904,0.0719805812413092,3,NA,14,11,11,0.472619599583727,0.526349028103039,0.452853172932387,0.0640181872583246,0.0719649386452868,0.0626537158478783
"timer","Neutrophil","Biopsy","kruskal",0.0545523952399525,0.117833173718297,3,NA,14,11,11,0.114509686786334,0.131426715391355,0.12109417918252,0.0157542375489293,0.0233083411899462,0.0134859540826222
"timer","T cell CD4+","Biopsy","kruskal",0.0854061676271495,0.161772108369996,3,NA,14,11,11,0.122728229552663,0.126184239665368,0.103325986421082,0.0241264808306848,0.0353209991766167,0.0168579693979962
"timer","T cell CD8+","Biopsy","kruskal",0.876720855907405,0.901770023219045,3,NA,14,11,11,0.202015927183902,0.201590198732194,0.203076487690319,0.023850516451892,0.0222130201390754,0.0183910517837368
"xcell","B cell","Biopsy","kruskal",0.155490517672914,0.241625552642801,3,NA,14,11,11,0.031242444781086,0.101535870706712,0.0181922634162573,0.0426344618602874,0.129312319654907,0.0378085435377339
"xcell","B cell memory","Biopsy","kruskal",0.570200001669709,0.63486185752916,3,NA,14,11,11,0.00783494755661822,0.0311537396984106,0.00416179140670421,0.0209381414567709,0.0541578072077812,0.0138031005517633
"xcell","B cell naive","Biopsy","kruskal",0.203361116332481,0.298552794456395,3,NA,14,11,11,0.00271974265609285,0.00350240207841751,0.000000000000000000770429354554472,0.00701741010836374,0.011354100249201,0.00000000000000000177559276932327
"xcell","B cell plasma","Biopsy","kruskal",0.00841780294973394,0.038467811971295,3,NA,14,11,11,0.00509042061587369,0.0337579115505797,0.0128355852652367,0.0111284446263123,0.0403587276160827,0.0184491615937298
"xcell","Cancer associated fibroblast","Biopsy","kruskal",0.243501990335575,0.337156602003104,3,NA,14,11,11,0.0661832240999897,0.0341151339182139,0.0736202219756645,0.0693876253652131,0.0278351438398915,0.0520108069373099
"xcell","Class-switched memory B cell","Biopsy","kruskal",0.350420400545506,0.435004635159939,3,NA,14,11,11,0.0250515653367699,0.0426771864272712,0.0188225927624418,0.0203569630751785,0.0416567903747515,0.0250664754923362
"xcell","Common lymphoid progenitor","Biopsy","kruskal",0.897346810100507,0.914277881989196,3,NA,14,11,11,0.0104930593553101,0.008250663749513,0.00972396710871136,0.0115580035582977,0.00817321163953562,0.00817592228547517
"xcell","Common myeloid progenitor","Biopsy","kruskal",0.0649070966191011,0.134807046824287,3,NA,14,11,11,0.00834364682338413,0.000877354147832005,0.00774322284616331,0.010706933642743,0.00201561139600976,0.0117864124218996
"xcell","Endothelial cell","Biopsy","kruskal",0.315175688110075,0.412593628071371,3,NA,14,11,11,0.0390357515222503,0.0191835187654726,0.0194104357104949,0.0443182823663829,0.038029220517562,0.0195796673554498
"xcell","Eosinophil","Biopsy","kruskal",0.253626644495668,0.344549403843172,3,NA,14,11,11,0.0047973384075681,0.00422706528275579,0.00105116235272074,0.00608910439725597,0.0104544192042184,0.0017704425114272
"xcell","Granulocyte-monocyte progenitor","Biopsy","kruskal",0.368971105222074,0.443694867508406,3,NA,14,11,11,0.00257964858288337,0.00109826874926603,0.00224811935966634,0.00772393558788444,0.00364254536028833,0.00745616839994727
"xcell","Hematopoietic stem cell","Biopsy","kruskal",0.252989049612127,0.344549403843172,3,NA,14,11,11,0.155933372563959,0.0902685667876781,0.140328561767423,0.116591705459868,0.0929423560347986,0.095056871185045
"xcell","Macrophage","Biopsy","kruskal",0.0126967313249039,0.0498635266578045,3,NA,14,11,11,0.0189027383318757,0.0527505661717588,0.0144169956205777,0.0175139181055102,0.05672828566624,0.0278952723588481
"xcell","Macrophage M1","Biopsy","kruskal",0.00933015572852304,0.0403062727472195,3,NA,14,11,11,0.0184328364493298,0.0523037029714511,0.016018495497671,0.0183356453212989,0.0360721748146199,0.030127587771141
"xcell","Macrophage M2","Biopsy","kruskal",0.220398784753203,0.311151225533934,3,NA,14,11,11,0.00720579674065639,0.0165626179110699,0.00228078184035628,0.00893963445905977,0.0441866842631735,0.0040849310571317
"xcell","Mast cell","Biopsy","kruskal",0.12276054649326,0.207158422207376,3,NA,14,11,11,0.0172592111059448,0.0119331743348348,0.0185616905462666,0.00933295300361141,0.0154325796183235,0.0135152971091902
"xcell","Monocyte","Biopsy","kruskal",0.399040901831449,0.476203507157972,3,NA,14,11,11,0.00046742996189573,0.00529372892232717,0.00123572393384561,0.00118831307062307,0.00963964981406912,0.00357146756084415
"xcell","Myeloid dendritic cell","Biopsy","kruskal",0.00372986054822222,0.0253622493381625,3,NA,14,11,11,0.00277237800063198,0.0362753521689119,0.00571453986798779,0.00495512574578042,0.049188072774428,0.00951734732030112
"xcell","Myeloid dendritic cell activated","Biopsy","kruskal",0.00263909078566998,0.0211127262853599,3,NA,14,11,11,0.032742128218163,0.119520807457759,0.0343219663978072,0.035881662008462,0.0705613497380022,0.0537797180589385
"xcell","NK cell","Biopsy","kruskal",0.0065395714701195,0.0349545608276773,3,NA,14,11,11,0.000000000000000000537897292998276,0.00273713747923123,0.00000000000000000236827841531281,0.00000000000000000164797634138588,0.00907805801822916,0.00000000000000000529404529052767
"xcell","Neutrophil","Biopsy","kruskal",0.958216018812735,0.962672837504887,3,NA,14,11,11,0.0000300031691903484,0.0000782331736494275,0.000000000000000000224895750390083,0.000112261579627695,0.00025947008315387,0.000000000000000000418544027739103
"xcell","Plasmacytoid dendritic cell","Biopsy","kruskal",0.000899612847537255,0.0203930327944857,3,NA,14,11,11,0.000608027363048873,0.028811636116404,0.00501017427657738,0.00186833538671186,0.0238817282055804,0.0147723235924376
"xcell","T cell CD4+ (aggregated)","Biopsy","kruskal",0.00228283124481272,0.0203930327944857,3,NA,14,11,11,0.193707370028958,0.44769467669235,0.194147476916317,0.163425967492439,0.208171201512068,0.153510332121288
"xcell","T cell CD8+ (aggregated)","Biopsy","kruskal",0.0083598877056832,0.038467811971295,3,NA,14,11,11,0.0441885785175211,0.183100713929247,0.0483951776259978,0.0528876313249168,0.128442918565122,0.0850957338326946
"xcell","T cell NK","Biopsy","kruskal",0.820020916782053,0.859827757402541,3,NA,14,11,11,0.00674402480479512,0.00360467878968455,0.00749259281509698,0.00753410333694204,0.00635248835618034,0.0158467394580849
"xcell","T cell gamma delta","Biopsy","kruskal",0.161514190288069,0.249193322158735,3,NA,14,11,11,0.00000000000000000102989566298074,0.00137067861271089,0.000331179019170971,0.00000000000000000184693309750424,0.00306519664624418,0.00094467985807583
"xcell","T cell regulatory (Tregs)","Biopsy","kruskal",0.686662869166167,0.730636353398483,3,NA,14,11,11,0.00061053620690205,0.0000879224384294253,0.000972189974088049,0.00228441730844799,0.000291605738923506,0.00311100848740622
"xcell","immune score","Biopsy","kruskal",0.0141383720091899,0.0517608195590682,3,NA,14,11,11,0.0588590524047289,0.180159650037078,0.0488123092662056,0.0395003980903999,0.139263800520496,0.0679592707650497
"xcell","microenvironment score","Biopsy","kruskal",0.0582736306383634,0.123402982528299,3,NA,14,11,11,0.120498129090567,0.215157286994102,0.100051178627852,0.0712309421085014,0.120406640222216,0.0652816632940304
"xcell","stroma score","Biopsy","kruskal",0.208710518346832,0.298552794456395,3,NA,14,11,11,0.0616390766858379,0.0349976369570241,0.0512388693616461,0.062628911799883,0.0430813250667508,0.0289505924078651
"CIBERSORTx","B cells memory","Surgery","kruskal",0.942582298200753,0.95215035033553,3,NA,14,11,11,0.00145953610702962,0.00418292487386878,0.00427826196637441,0.0024769131560946,0.00708047284652067,0.0110695890470234
"CIBERSORTx","B cells naive","Surgery","kruskal",0.105732707504719,0.186422624074841,3,NA,14,11,11,0.0322380328519293,0.0158176760184542,0.0199157886815904,0.0222036218368289,0.0115400328384876,0.0168447277892265
"CIBERSORTx","Dendritic cells activated","Surgery","kruskal",0.943334143387978,0.95215035033553,3,NA,14,11,11,0.0088067987880943,0.0071212100092515,0.00422131357343334,0.0243721901552415,0.0148493055513194,0.00844407949764119
"CIBERSORTx","Dendritic cells resting","Surgery","kruskal",0.0542425318164438,0.117833173718297,3,NA,14,11,11,0.00529491153762231,0.0160693407393746,0.00890369611037632,0.00656339031529232,0.013432280737696,0.00961217135352332
"CIBERSORTx","Eosinophils","Surgery","kruskal",0.0305387874515152,0.0845689498657344,3,NA,14,11,11,0.000115049103961486,0.00156794704071286,0,0.000430474329679219,0.00329786875094455,0
"CIBERSORTx","Macrophages M0","Surgery","kruskal",0.10133688547445,0.180898902995712,3,NA,14,11,11,0.057532228999677,0.0812519952932911,0.101900408836108,0.0941242871047132,0.0473476902020694,0.084615876322793
"CIBERSORTx","Macrophages M1","Surgery","kruskal",0.000499848702064177,0.0203930327944857,3,NA,14,11,11,0.0422792631796915,0.0886963592071588,0.0408614563028932,0.0304090091649388,0.0225094276104773,0.0243007236222577
"CIBERSORTx","Macrophages M2","Surgery","kruskal",0.210716361686126,0.29943904029081,3,NA,14,11,11,0.354753267682178,0.298419691525964,0.317513309986728,0.0996295771761091,0.057712264795928,0.0712116357593101
"CIBERSORTx","Mast cells activated","Surgery","kruskal",0.613110658921701,0.672243159020748,3,NA,14,11,11,0.0138817794469191,0.0186988507253777,0.00549959129774843,0.0209460652070368,0.0256387808830938,0.0109051960624536
"CIBERSORTx","Mast cells resting","Surgery","kruskal",0.0732053477844306,0.144529618749405,3,NA,14,11,11,0.141695877312628,0.053278849631773,0.117329768505827,0.11198941492677,0.0587166845544801,0.0974228503315905
"CIBERSORTx","Monocytes","Surgery","kruskal",0.0281089553645033,0.0809537914497696,3,NA,14,11,11,0.0314267955047574,0.0220757373601044,0.00987786158313045,0.0240980584598159,0.0223952458759907,0.00867284900123022
"CIBERSORTx","NK cells activated","Surgery","kruskal",0.139295253717101,0.224535632857417,3,NA,14,11,11,0.0313193518036604,0.042489241136704,0.0200418937713984,0.021748512130671,0.0293183033775599,0.0162395660873861
"CIBERSORTx","NK cells resting","Surgery","kruskal",0.343330748068291,0.431159544085761,3,NA,14,11,11,0.00703911085452102,0.00931076432684054,0.00195714145512066,0.00987342852310592,0.0201048897010859,0.00435912709477985
"CIBERSORTx","Neutrophils","Surgery","kruskal",0.171812969241138,0.261349305324547,3,NA,14,11,11,0.00851800173733219,0.0088244523393048,0.00283337813456487,0.0105564530305399,0.00912457083834629,0.0029402084808826
"CIBERSORTx","Plasma cells","Surgery","kruskal",0.107020395302223,0.186422624074841,3,NA,14,11,11,0.011087427044958,0.00320555830939402,0.00791030698910075,0.010381045255182,0.00271224848433052,0.0176200699107001
"CIBERSORTx","T cells CD4+ (general)","Surgery","kruskal",0.0126718172145004,0.0498635266578045,3,NA,14,11,11,0.123578106631605,0.1235161646966,0.171123419875154,0.0632068542197624,0.0222888857693479,0.0503402016705592
"CIBERSORTx","T cells CD8+ (total)","Surgery","kruskal",0.0159803907517503,0.0565863016783291,3,NA,14,11,11,0.0629266567905274,0.105712894057535,0.101847880736018,0.0353198101747467,0.0396909190400078,0.0460838644291542
"CIBERSORTx","T cells follicular helper","Surgery","kruskal",0.0730536360975587,0.144529618749405,3,NA,14,11,11,0.0619985443380012,0.0770565939174742,0.0481209837479483,0.026432858557915,0.0256080558234649,0.0185292919066437
"CIBERSORTx","T cells gamma delta","Surgery","kruskal",0.106605834327149,0.186422624074841,3,NA,14,11,11,0.000892140551174593,0.0069074557741824,0.00738526439818772,0.00333808428334299,0.0123504351969726,0.0167672060680639
"CIBERSORTx","T cells regulatory (Tregs)","Surgery","kruskal",0.130177457594182,0.213017657881389,3,NA,14,11,11,0.00315711973373154,0.0157962930166333,0.0084782740482972,0.0058654816497363,0.0161680592413847,0.0111215299404545
"consensus_tme","B cell","Surgery","kruskal",0.0742622820508862,0.144529618749405,3,NA,14,11,11,-0.104872653960345,-0.0910393006189557,-0.0126950486483687,0.0618341129302718,0.0530037095226772,0.119123379180373
"consensus_tme","Cancer associated fibroblast","Surgery","kruskal",0.0041711886761701,0.0257421929729355,3,NA,14,11,11,0.335001610965264,0.18651151966032,0.383494942024725,0.0963553276104871,0.161161180352876,0.078800662497313
"consensus_tme","Endothelial cell","Surgery","kruskal",0.00496210091712271,0.0289679404891488,3,NA,14,11,11,0.253054041531087,0.0772902994574319,0.267227898044592,0.178923946607064,0.130005549099908,0.107166905261804
"consensus_tme","Eosinophil","Surgery","kruskal",0.0253782651544149,0.0806133128434354,3,NA,14,11,11,0.0236970230241225,0.0626598955432293,0.170873207017073,0.109919349953298,0.0609940524690024,0.180083351165388
"consensus_tme","Macrophage","Surgery","kruskal",0.0379184388383418,0.0968686390639124,3,NA,14,11,11,0.109648688873393,0.151505436396141,0.254216033725646,0.0994263640002921,0.0703578874624791,0.176971696848624
"consensus_tme","Macrophage M1","Surgery","kruskal",0.0876740836981919,0.162127801656025,3,NA,14,11,11,0.0358442203643515,0.106267622360724,0.175445848426295,0.107654540827765,0.0763294253227578,0.191527213828254
"consensus_tme","Macrophage M2","Surgery","kruskal",0.0289544234037492,0.0822915191474978,3,NA,14,11,11,0.167610161758484,0.18699800998949,0.315194638198915,0.0962153976905999,0.0652516377549755,0.181384073321473
"consensus_tme","Mast cell","Surgery","kruskal",0.0779205896682838,0.15027542293169,3,NA,14,11,11,-0.0612986335313113,-0.0316723245430477,0.0652830076977793,0.0993508235990154,0.0789293145778827,0.160326384547604
"consensus_tme","Monocyte","Surgery","kruskal",0.0623379882869134,0.130728208446343,3,NA,14,11,11,0.0766905943026412,0.0663989557516375,0.194780793624399,0.0956542127439596,0.0610479074502993,0.157125257615617
"consensus_tme","Myeloid dendritic cell","Surgery","kruskal",0.0389652133963269,0.0968686390639124,3,NA,14,11,11,0.0425920961966806,0.0933407487228423,0.177665415359885,0.090666120122352,0.0673358165035492,0.16643143049977
"consensus_tme","NK cell","Surgery","kruskal",0.0124077389840002,0.0498635266578045,3,NA,14,11,11,-0.201911282132672,-0.110837049871232,-0.0447626313565625,0.0917587873967291,0.0940871205912265,0.197730901142426
"consensus_tme","Neutrophil","Surgery","kruskal",0.0691125169532063,0.141919348540059,3,NA,14,11,11,-0.0340664084664666,0.018495860170712,0.0687208603412411,0.0826267270547309,0.0617131270955428,0.145362869884039
"consensus_tme","T cell CD4+","Surgery","kruskal",0.0390165351785203,0.0968686390639124,3,NA,14,11,11,-0.0379502497783364,0.0089644442324372,0.120670744449204,0.08575159330433,0.0721568937792198,0.186242314093405
"consensus_tme","T cell CD8+","Surgery","kruskal",0.0428298216919801,0.101840567976977,3,NA,14,11,11,-0.0490471677517532,-0.00319419277129106,0.111605762061494,0.0873571938621202,0.0829343908640907,0.194096295443861
"consensus_tme","T cell gamma delta","Surgery","kruskal",0.0198654612893868,0.0670459318516803,3,NA,14,11,11,-0.150159241807873,-0.0576283273638028,0.0166609775950255,0.0914635528121764,0.0885371978783277,0.209896378832958
"consensus_tme","T cell regulatory (Tregs)","Surgery","kruskal",0.0429050541014116,0.101840567976977,3,NA,14,11,11,-0.0728629679844891,-0.0234161105558643,0.105535131739782,0.0826504883663681,0.0862391867293173,0.205913101655237
"consensus_tme","cytotoxicity score","Surgery","kruskal",0.00829752259057074,0.038467811971295,3,NA,14,11,11,-0.173373620947532,-0.0276056456096623,-0.00259218718166596,0.112308311022696,0.118157400278954,0.20784262687076
"consensus_tme","immune score","Surgery","kruskal",0.0461586997424649,0.10720730262766,3,NA,14,11,11,-0.00860925444455584,0.0311674869728498,0.122958497898459,0.0779291396955042,0.0634429079536001,0.158499822878506
"epic","B cell","Surgery","kruskal",0.852544680947188,0.885334860983618,3,NA,14,11,11,0.00257101060987408,0.00282453366572313,0.00610138791130255,0.00394662005472985,0.00344477445615305,0.0110065301123743
"epic","Cancer associated fibroblast","Surgery","kruskal",0.00231998904292363,0.0203930327944857,3,NA,14,11,11,0.471990423194827,0.157809102788883,0.703762862161269,0.355457168189731,0.310488951453002,0.298617595838221
"epic","Endothelial cell","Surgery","kruskal",0.142659950759597,0.225025374309779,3,NA,14,11,11,0.0838232189528211,0.0113172889795045,0.0278631171674383,0.140481520987281,0.00904739504392994,0.0380359200982191
"epic","Macrophage","Surgery","kruskal",0.436177359848277,0.512034291995804,3,NA,14,11,11,0.0106604386567955,0.00867161983539744,0.05264914351476,0.00877341079138598,0.00453947940742427,0.131059772797582
"epic","NK cell","Surgery","kruskal",0.428978020192327,0.506334712358156,3,NA,14,11,11,0.0000811921479995849,0.00173048446920069,0.00173095549887511,0.000182809702384274,0.00474264765922067,0.00526681537744603
"epic","T cell CD4+","Surgery","kruskal",0.568979249485795,0.63486185752916,3,NA,14,11,11,0.0325673275907429,0.0200667909320894,0.0280606774731175,0.0285593546213425,0.00939161018091044,0.0361405578728392
"epic","T cell CD8+","Surgery","kruskal",0.108696061398083,0.187826794095888,3,NA,14,11,11,0.00692918393101576,0.0141030028743679,0.00351779440300763,0.013976300397679,0.00833151399548738,0.0068538433875055
"epic","uncharacterized cell","Surgery","kruskal",0.00095504155651422,0.0203930327944857,3,NA,14,11,11,0.391377204915924,0.783477176454834,0.17631406187023,0.339148421674072,0.296693521878479,0.249658166288176
"estimate","ESTIMATEScore","Surgery","kruskal",0.0013930160305975,0.0203930327944857,3,NA,14,11,11,1418.25085186239,693.320817570712,2889.004593996,945.593076663721,1130.33853788799,1418.99345221096
"estimate","ImmuneScore","Surgery","kruskal",0.0484169883487317,0.110777703545771,3,NA,14,11,11,651.614546601535,765.237171521056,1572.09806316157,598.719340992115,449.022499179602,1088.4489074799
"estimate","StromalScore","Surgery","kruskal",0.000608420134074328,0.0203930327944857,3,NA,14,11,11,766.636305260853,-71.9163539503442,1316.90653083443,561.096590961757,811.644858617859,467.856800094983
"estimate","TumorPurity","Surgery","kruskal",0.00139301603059749,0.0203930327944857,3,NA,14,11,11,0.681009811858129,0.751334219075286,0.505491589562862,0.0990892686927813,0.114818044853206,0.175914353766913
"mcp_counter","B cell","Surgery","kruskal",0.204145952214453,0.298552794456395,3,NA,14,11,11,1.58647321428571,2.20443181818182,3.69278409090909,1.24509013148664,2.76194966880488,3.79574487670524
"mcp_counter","Cancer associated fibroblast","Surgery","kruskal",0.00194610178486674,0.0203930327944857,3,NA,14,11,11,1794.72674107143,576.928522727273,2011.87778409091,2074.9536464709,994.978851590704,949.386331619271
"mcp_counter","Endothelial cell","Surgery","kruskal",0.00221495129924219,0.0203930327944857,3,NA,14,11,11,16.3990959821429,5.52873579545455,10.6118607954545,16.9882819104832,3.1949833108659,4.57078016434976
"mcp_counter","Macrophage/Monocyte","Surgery","kruskal",0.207250499709296,0.298552794456395,3,NA,14,11,11,14.1383163265306,16.1833766233766,29.8263636363636,7.90643129712348,8.69271250079751,31.6234229960192
"mcp_counter","Monocyte","Surgery","kruskal",0.207250499709296,0.298552794456395,3,NA,14,11,11,14.1383163265306,16.1833766233766,29.8263636363636,7.90643129712348,8.69271250079751,31.6234229960192
"mcp_counter","Myeloid dendritic cell","Surgery","kruskal",0.123972986527882,0.207582675116454,3,NA,14,11,11,3.82267857142857,4.21265151515152,7.08651515151515,2.00723962608206,3.78410041449348,4.39712716848837
"mcp_counter","NK cell","Surgery","kruskal",0.0928406422169524,0.168517468225729,3,NA,14,11,11,0.314241071428571,0.273068181818182,0.389715909090909,0.188681880628771,0.397708421631179,0.299025678720225
"mcp_counter","Neutrophil","Surgery","kruskal",0.00193158378341664,0.0203930327944857,3,NA,14,11,11,11.7298214285714,5.38762987012987,9.26948051948052,3.89832956605932,3.9329428026085,4.18346310856269
"mcp_counter","T cell","Surgery","kruskal",0.0572950320601347,0.122531949752367,3,NA,14,11,11,2.63823979591837,2.58464285714286,6.53613636363636,1.08202857685733,1.15497860877797,5.63370172696629
"mcp_counter","T cell CD8+","Surgery","kruskal",0.040908641836191,0.100412120870651,3,NA,14,11,11,2.94464285714286,3.35,8.82681818181818,3.83632008384523,2.12884945451763,9.45302048890387
"mcp_counter","cytotoxicity score","Surgery","kruskal",0.0272877446666762,0.0809537914497696,3,NA,14,11,11,2.19102040816327,5.39766233766234,7.17376623376623,1.5885383404898,8.18755846273509,8.08363446933162
"quantiseq","B cell","Surgery","kruskal",0.0318932482448076,0.0861117702609804,3,NA,14,11,11,0.0188706397127892,0.0124170213900072,0.0186266804182305,0.00595041050974709,0.014250585575046,0.0100911155913224
"quantiseq","Macrophage M1","Surgery","kruskal",0.361881482765114,0.441618080662512,3,NA,14,11,11,0.0392272937573298,0.0360686791066827,0.0465258086944216,0.024273593367972,0.0315050645566476,0.034259083807376
"quantiseq","Macrophage M2","Surgery","kruskal",0.00197968858922236,0.0203930327944857,3,NA,14,11,11,0.056206008898524,0.0308504527258498,0.0957474650762666,0.0167140310645565,0.0275877913244316,0.0603996899971351
"quantiseq","Monocyte","Surgery","kruskal",0.369662345079242,0.443694867508406,3,NA,14,11,11,0.0126372694453628,0.00545827380130234,0.00214533172224255,0.0354908056829939,0.0107972455027743,0.0071152603735255
"quantiseq","Myeloid dendritic cell","Surgery","kruskal",0.622134525629207,0.675281696160345,3,NA,14,11,11,0.0124473707425358,0.00753150641511106,0.0114004868176176,0.0174262454911423,0.00903473589482909,0.0132743422847165
"quantiseq","NK cell","Surgery","kruskal",0.0196942083779174,0.0670459318516803,3,NA,14,11,11,0.0174575682847701,0.00898047600921961,0.0140373799311605,0.00833446073668794,0.00596305813609844,0.00608395338396672
"quantiseq","Neutrophil","Surgery","kruskal",0.505681916010315,0.571870648472398,3,NA,14,11,11,0.0449629965935662,0.042370777463351,0.0352218434453252,0.0268691981411729,0.0189316195604878,0.0103815401828325
"quantiseq","T cell CD4+ (non-regulatory)","Surgery","kruskal",0.565631223250048,0.63486185752916,3,NA,14,11,11,0.0215622881005404,0.0194671133643851,0.0214134112659544,0.0201978821565932,0.0315919879255915,0.0178073436072197
"quantiseq","T cell CD8+","Surgery","kruskal",0.0787345276245603,0.150501397937213,3,NA,14,11,11,0.00923443827689736,0.0115134151551564,0.037142644426789,0.0105685669922532,0.0101303670512082,0.0398690932106422
"quantiseq","T cell regulatory (Tregs)","Surgery","kruskal",0.0861286688080996,0.161772108369996,3,NA,14,11,11,0.0127107216388786,0.0104904629817871,0.0228473109858931,0.00547016713015181,0.00558262969218763,0.0187494321230209
"quantiseq","uncharacterized cell","Surgery","kruskal",0.0316173833367603,0.0861117702609804,3,NA,14,11,11,0.754683404548806,0.814851821587148,0.694891637216099,0.069427379177266,0.0821981804842477,0.139249425997394
"timer","B cell","Surgery","kruskal",0.0955668670541049,0.172020360697389,3,NA,14,11,11,0.0782365053973623,0.0804683188373257,0.120301700511695,0.0197755362854752,0.0124772936664985,0.0629261095699953
"timer","Macrophage","Surgery","kruskal",0.000111418836953308,0.0203930327944857,3,NA,14,11,11,0.0737991165269945,0.0214248998154719,0.127208911376366,0.0437418124041188,0.0301373332647332,0.0697333322865745
"timer","Myeloid dendritic cell","Surgery","kruskal",0.425479034612105,0.504964128990191,3,NA,14,11,11,0.4790228346729,0.490802050195442,0.531620180667351,0.0645034669163919,0.0341826623761668,0.134162547352072
"timer","Neutrophil","Surgery","kruskal",0.310094350648753,0.410922575092827,3,NA,14,11,11,0.12065237232604,0.134350140562794,0.121948065985417,0.0135459277035611,0.0238468047768124,0.010531918934451
"timer","T cell CD4+","Surgery","kruskal",0.73051971192624,0.773491459686607,3,NA,14,11,11,0.123548034903199,0.119739514208649,0.116391496757202,0.0265785376432963,0.0309032971422718,0.0180257015318617
"timer","T cell CD8+","Surgery","kruskal",0.00476300695535358,0.0285780417321215,3,NA,14,11,11,0.218345362429532,0.188065062940052,0.240038706441356,0.0236193932241877,0.0309514287289504,0.0360569212629941
"xcell","B cell","Surgery","kruskal",0.276436589470984,0.370871449228153,3,NA,14,11,11,0.0033412674555738,0.00522702284836151,0.0342317309318349,0.0109258350721715,0.0132844413542586,0.0804486820377613
"xcell","B cell memory","Surgery","kruskal",0.483850003534971,0.552971432611395,3,NA,14,11,11,0.00000000000000000278226492020693,0.00180227163689043,0.00685445268406229,0.00000000000000000369835707478315,0.00348636833698628,0.0227336476962791
"xcell","B cell naive","Surgery","kruskal",0.618795270389213,0.675049385879142,3,NA,14,11,11,0.000123093494956007,0.000423007991987212,0.000605796980200956,0.000460573684665959,0.00140295879274324,0.00200920128245693
"xcell","B cell plasma","Surgery","kruskal",0.142724427224258,0.225025374309779,3,NA,14,11,11,0.00198047201498203,0.00592972451161465,0.00591383927555968,0.0048419079557396,0.00642947402409783,0.0116424427637204
"xcell","Cancer associated fibroblast","Surgery","kruskal",0.0349561065304857,0.0920795001290843,3,NA,14,11,11,0.139064662351724,0.0539180909782448,0.164678437234371,0.106208979172128,0.0686410901113569,0.0929312596068826
"xcell","Class-switched memory B cell","Surgery","kruskal",0.464876563700213,0.539856654619602,3,NA,14,11,11,0.0117329820714961,0.012822603807883,0.0262471560543269,0.0154528715739041,0.0210292922820906,0.0353893915859227
"xcell","Common lymphoid progenitor","Surgery","kruskal",0.0487216751705939,0.110777703545771,3,NA,14,11,11,0.00596716618701751,0.0109886843764195,0.00180201870725281,0.00850656574130137,0.00834001049332565,0.0031243443098675
"xcell","Common myeloid progenitor","Surgery","kruskal",0.0146019785771155,0.0525671228776159,3,NA,14,11,11,0.0113887320481107,0.00178625740026678,0.0113501962065013,0.00979348376531979,0.00401351536713888,0.012333613853119
"xcell","Endothelial cell","Surgery","kruskal",0.00652667373187564,0.0349545608276773,3,NA,14,11,11,0.0786954394995049,0.00909681670008853,0.037694503978049,0.12682847736644,0.0186376077103786,0.0390896329904383
"xcell","Eosinophil","Surgery","kruskal",0.456335318034052,0.53280231727219,3,NA,14,11,11,0.00554579744092362,0.00197564640211917,0.00423201765320514,0.00762909300089588,0.00403818222176026,0.00510912092844752
"xcell","Granulocyte-monocyte progenitor","Surgery","kruskal",0.78175220365221,0.823699882872572,3,NA,14,11,11,0.00266364499594182,0.000165209684851082,0.00324298774064599,0.00637552196422371,0.000547938536383892,0.00914326028458306
"xcell","Hematopoietic stem cell","Surgery","kruskal",0.010188831735423,0.0431526991147326,3,NA,14,11,11,0.232112751794029,0.089198269393039,0.241725042703095,0.180510644682795,0.0943116944805637,0.13144942144513
"xcell","Macrophage","Surgery","kruskal",0.127326856476686,0.211558469222801,3,NA,14,11,11,0.0149630032817958,0.0170206012136473,0.0643191236722402,0.0204457046870093,0.0165389278600035,0.0971934825185541
"xcell","Macrophage M1","Surgery","kruskal",0.191484502036751,0.285245878896125,3,NA,14,11,11,0.0136776046433633,0.0233017653324076,0.0407542909518205,0.0180659897787092,0.0168481911302156,0.066950401204849
"xcell","Macrophage M2","Surgery","kruskal",0.00378069748460543,0.0253622493381625,3,NA,14,11,11,0.00722611372549194,0.00424142186731735,0.0373457139497032,0.00742035142857565,0.00749056508905316,0.0487196666926878
"xcell","Mast cell","Surgery","kruskal",0.00663489349043874,0.0349545608276773,3,NA,14,11,11,0.0148869201553389,0.00782583565574507,0.0298112610448478,0.00930628524959707,0.0127584025939033,0.0203270734513417
"xcell","Monocyte","Surgery","kruskal",0.497710483577358,0.565818233961628,3,NA,14,11,11,0.00262598789739033,0.000524216971161502,0.00763423235498417,0.00486666786932954,0.00173863100207926,0.0165605870808227
"xcell","Myeloid dendritic cell","Surgery","kruskal",0.00913700868135716,0.0402774260239417,3,NA,14,11,11,0.00219057794278354,0.00660279116355188,0.0217999285678864,0.00379044777279865,0.00757367038912298,0.0304491158554425
"xcell","Myeloid dendritic cell activated","Surgery","kruskal",0.356343328264775,0.439829479458237,3,NA,14,11,11,0.0268070836045504,0.0456282275174633,0.0665320823978473,0.0372789886495915,0.0366982960969061,0.0780914122578134
"xcell","NK cell","Surgery","kruskal",0.321378368987237,0.415322923958348,3,NA,14,11,11,0.00000000000000000275271103363991,0.00127395707584941,0.00000000000000000354265349892563,0.00000000000000000532093803400267,0.00393690586634892,0.00000000000000000608206907191869
"xcell","Neutrophil","Surgery","kruskal",0.0264185242283613,0.0809537914497696,3,NA,14,11,11,0.00035437175548165,0.00110839596781828,0.0000000000000000000406226066252429,0.000853494275755962,0.00160506681065442,0.0000000000000000000912157679232939
"xcell","Plasmacytoid dendritic cell","Surgery","kruskal",0.0371564621067957,0.0966963351212996,3,NA,14,11,11,0.000154930989837865,0.00851485921764389,0.0177930390168516,0.000579698682567037,0.0138601297398406,0.0411308238312962
"xcell","T cell CD4+ (aggregated)","Surgery","kruskal",0.00129918758300823,0.0203930327944857,3,NA,14,11,11,0.113440076332166,0.410195816375358,0.175447004785103,0.145440546157343,0.164728965793845,0.192004098336058
"xcell","T cell CD8+ (aggregated)","Surgery","kruskal",0.0343962366668041,0.0917232977781443,3,NA,14,11,11,0.00794779720807473,0.0406606552811645,0.175614858349529,0.0125144103943093,0.0368802215736049,0.258598832945356
"xcell","T cell NK","Surgery","kruskal",0.069645606227992,0.141919348540059,3,NA,14,11,11,0.00261323140240426,0.0103354764362012,0.00358137844739773,0.00485262206037584,0.0177642107727886,0.00670556117022239
"xcell","T cell gamma delta","Surgery","kruskal",0.282700008572984,0.376933344763978,3,NA,14,11,11,0.0000000000000000030063841929881,0.00000000000000000133376008892535,0.0016929707507169,0.00000000000000000514240133297608,0.00000000000000000309913475316551,0.00382566930636927
"xcell","T cell regulatory (Tregs)","Surgery","kruskal",0.240406171379501,0.335017632374015,3,NA,14,11,11,0.000568837972887064,0.00000000000000000208832569824257,0.00190301099179247,0.00212839680313039,0.00000000000000000422895337971753,0.0049994191785293
"xcell","immune score","Surgery","kruskal",0.025930532273099,0.0809537914497696,3,NA,14,11,11,0.0299718640467766,0.0322696373207324,0.147329972177193,0.0253175225589487,0.0262297488375484,0.195642600503416
"xcell","microenvironment score","Surgery","kruskal",0.00183896006618981,0.0203930327944857,3,NA,14,11,11,0.153340855494158,0.066374261550046,0.252990547128952,0.0986665886405586,0.0589104516966383,0.185239536075127
"xcell","stroma score","Surgery","kruskal",0.012076532571149,0.0498635266578045,3,NA,14,11,11,0.123368991447381,0.0341046242293137,0.105660574951759,0.110380348971033,0.0388503740705057,0.0657480833132289
